event_time,event_type,product_id,category_id,category_code,brand,price,user_id,user_session
2024-01-01T08:00:00.000000,view,89347,1005,apparel.shoes,lg,102.51,100591,2f75c612-4b07-45e5-8272-15b8c825dd88
2024-01-01T08:00:26.000000,view,89347,1005,apparel.shoes,lg,102.51,100591,2f75c612-4b07-45e5-8272-15b8c825dd88
2024-01-01T08:00:50.000000,view,89347,1005,apparel.shoes,lg,102.51,100591,2f75c612-4b07-45e5-8272-15b8c825dd88
2024-01-01T08:01:29.000000,view,89347,1005,apparel.shoes,lg,102.51,100591,2f75c612-4b07-45e5-8272-15b8c825dd88
2024-01-01T09:00:00.000000,view,75657,1003,appliances.kitchen.refrigerators,xiaomi,541.39,100909,04444c42-ce6b-45ac-9509-5f4b12951d48
2024-01-01T09:02:25.000000,view,75657,1003,appliances.kitchen.refrigerators,xiaomi,541.39,100909,04444c42-ce6b-45ac-9509-5f4b12951d48
2024-01-01T09:05:19.000000,view,75657,1003,appliances.kitchen.refrigerators,xiaomi,541.39,100909,04444c42-ce6b-45ac-9509-5f4b12951d48
2024-01-01T10:00:00.000000,view,94855,1005,apparel.shoes,samsung,174.87,100563,8c897255-93de-4700-8a11-f48a184a78be
2024-01-01T10:00:00.000000,view,62971,1005,apparel.shoes,nike,79.1,100872,99988c38-e6b9-4ace-832c-8374f92ef04b
2024-01-01T10:00:00.000000,view,82337,1002,electronics.audio.headphone,xiaomi,151.9,100905,af267f96-5ce7-4a21-8e66-015d37f6ad05
2024-01-01T10:00:37.000000,view,94855,1005,apparel.shoes,samsung,174.87,100563,8c897255-93de-4700-8a11-f48a184a78be
2024-01-01T10:01:08.000000,view,94855,1005,apparel.shoes,samsung,174.87,100563,8c897255-93de-4700-8a11-f48a184a78be
2024-01-01T10:01:58.000000,view,94855,1005,apparel.shoes,samsung,174.87,100563,8c897255-93de-4700-8a11-f48a184a78be
2024-01-01T10:03:02.000000,cart,94855,1005,apparel.shoes,samsung,174.87,100563,8c897255-93de-4700-8a11-f48a184a78be
2024-01-01T10:04:10.000000,purchase,94855,1005,apparel.shoes,samsung,174.87,100563,8c897255-93de-4700-8a11-f48a184a78be
2024-01-01T11:00:00.000000,view,77637,1001,electronics.smartphone,apple,294.59,100930,e8eb36d5-3e46-4096-a49e-31d1f459328b
2024-01-01T11:00:38.000000,view,77637,1001,electronics.smartphone,apple,294.59,100930,e8eb36d5-3e46-4096-a49e-31d1f459328b
2024-01-01T11:02:18.000000,view,77637,1001,electronics.smartphone,apple,294.59,100930,e8eb36d5-3e46-4096-a49e-31d1f459328b
2024-01-01T14:00:00.000000,view,67932,1001,electronics.smartphone,bosch,712.02,100549,c0af40b2-144c-438e-abbd-b27b9d5d65bf
2024-01-01T14:00:14.000000,view,67932,1001,electronics.smartphone,bosch,712.02,100549,c0af40b2-144c-438e-abbd-b27b9d5d65bf
2024-01-01T14:02:32.000000,view,67932,1001,electronics.smartphone,bosch,712.02,100549,c0af40b2-144c-438e-abbd-b27b9d5d65bf
2024-01-01T14:05:25.000000,view,67932,1001,electronics.smartphone,bosch,712.02,100549,c0af40b2-144c-438e-abbd-b27b9d5d65bf
2024-01-01T15:00:00.000000,view,53525,1002,electronics.audio.headphone,lg,295.39,100753,80dcf67b-53c5-42ac-9945-97d5d3337b26
2024-01-01T15:01:07.000000,view,53525,1002,electronics.audio.headphone,lg,295.39,100753,80dcf67b-53c5-42ac-9945-97d5d3337b26
2024-01-01T15:02:34.000000,cart,53525,1002,electronics.audio.headphone,lg,295.39,100753,80dcf67b-53c5-42ac-9945-97d5d3337b26
2024-01-01T17:00:00.000000,view,73788,1001,electronics.smartphone,apple,1072.66,100008,187f216c-5335-4cef-985d-72cc2616b4c1
2024-01-01T17:01:11.000000,view,73788,1001,electronics.smartphone,apple,1072.66,100008,187f216c-5335-4cef-985d-72cc2616b4c1
2024-01-01T17:01:35.000000,view,73788,1001,electronics.smartphone,apple,1072.66,100008,187f216c-5335-4cef-985d-72cc2616b4c1
2024-01-01T19:03:18.000000,view,90100,1002,electronics.audio.headphone,bosch,117.08,100591,67cedf63-aecc-4035-8c79-1fb8e4585104
2024-01-01T20:00:00.000000,view,57517,1006,auto.accessories,samsung,24.06,100390,308a7515-a561-4187-a029-f26e012468f1
2024-01-01T20:02:44.000000,view,57517,1006,auto.accessories,samsung,24.06,100390,308a7515-a561-4187-a029-f26e012468f1
2024-01-01T22:01:45.000000,view,76492,1002,electronics.audio.headphone,apple,34.14,100872,9c2a234f-8bb4-46a5-acb7-8daa67535c1c
2024-01-01T22:02:44.000000,view,76492,1002,electronics.audio.headphone,apple,34.14,100872,9c2a234f-8bb4-46a5-acb7-8daa67535c1c
2024-01-01T22:03:07.000000,cart,76492,1002,electronics.audio.headphone,apple,34.14,100872,9c2a234f-8bb4-46a5-acb7-8daa67535c1c
2024-01-01T22:04:26.000000,purchase,76492,1002,electronics.audio.headphone,apple,34.14,100872,9c2a234f-8bb4-46a5-acb7-8daa67535c1c
2024-01-02T09:00:00.000000,view,65674,1003,appliances.kitchen.refrigerators,bosch,911.01,100762,84c5ec6a-a4d7-4685-99c3-cb1001068414
2024-01-02T09:00:17.000000,view,65674,1003,appliances.kitchen.refrigerators,bosch,911.01,100762,84c5ec6a-a4d7-4685-99c3-cb1001068414
2024-01-02T09:02:21.000000,view,65674,1003,appliances.kitchen.refrigerators,bosch,911.01,100762,84c5ec6a-a4d7-4685-99c3-cb1001068414
2024-01-02T09:03:53.000000,view,65674,1003,appliances.kitchen.refrigerators,bosch,911.01,100762,84c5ec6a-a4d7-4685-99c3-cb1001068414
2024-01-02T10:00:00.000000,view,75165,1005,apparel.shoes,asus,149.81,100436,cdfa5644-3440-4026-bc70-e0593f1f1536
2024-01-02T10:00:00.000000,view,84669,1001,electronics.smartphone,samsung,319.16,100690,5749e674-ef57-4981-9801-65c5c45091b3
2024-01-02T10:01:02.000000,view,84669,1001,electronics.smartphone,samsung,319.16,100690,5749e674-ef57-4981-9801-65c5c45091b3
2024-01-02T10:03:01.000000,view,84669,1001,electronics.smartphone,samsung,319.16,100690,5749e674-ef57-4981-9801-65c5c45091b3
2024-01-02T10:04:27.000000,view,84669,1001,electronics.smartphone,samsung,319.16,100690,5749e674-ef57-4981-9801-65c5c45091b3
2024-01-02T11:00:00.000000,view,96477,1003,appliances.kitchen.refrigerators,nike,1087.21,100296,01f8269a-b8c5-4250-b354-dc67da185877
2024-01-02T12:00:00.000000,view,89652,1006,auto.accessories,apple,16.68,100746,cbe95f9c-f6b4-41f9-9ccc-44ef866d047c
2024-01-02T12:01:39.000000,cart,89652,1006,auto.accessories,apple,16.68,100746,cbe95f9c-f6b4-41f9-9ccc-44ef866d047c
2024-01-02T14:00:00.000000,view,64170,1006,auto.accessories,asus,145.93,100660,9784cec0-b5ff-4bbf-adfc-de86988fcf7d
2024-01-02T14:00:00.000000,view,93968,1006,auto.accessories,samsung,33.98,100907,d4875b72-13ae-43c7-82a3-11ef994f8989
2024-01-02T14:01:01.000000,view,93968,1006,auto.accessories,samsung,33.98,100907,d4875b72-13ae-43c7-82a3-11ef994f8989
2024-01-02T14:01:12.000000,view,93968,1006,auto.accessories,samsung,33.98,100907,d4875b72-13ae-43c7-82a3-11ef994f8989
2024-01-02T14:01:50.000000,view,93968,1006,auto.accessories,samsung,33.98,100907,d4875b72-13ae-43c7-82a3-11ef994f8989
2024-01-02T15:00:00.000000,view,89396,1006,auto.accessories,samsung,123.12,100136,fe91d099-1bb4-45f3-987f-b04268e60ca5
2024-01-02T15:01:14.000000,view,89396,1006,auto.accessories,samsung,123.12,100136,fe91d099-1bb4-45f3-987f-b04268e60ca5
2024-01-02T18:00:00.000000,view,80755,1005,apparel.shoes,bosch,176.3,100143,dfe37fc4-c6a9-4908-bf3f-b10c4c705706
2024-01-02T18:00:29.000000,view,80755,1005,apparel.shoes,bosch,176.3,100143,dfe37fc4-c6a9-4908-bf3f-b10c4c705706
2024-01-02T18:02:44.000000,cart,80755,1005,apparel.shoes,bosch,176.3,100143,dfe37fc4-c6a9-4908-bf3f-b10c4c705706
2024-01-02T20:03:40.000000,view,68300,1005,apparel.shoes,nike,52.82,100591,f9afc2c6-3ebc-40f7-a224-996639fa47f8
2024-01-02T20:05:12.000000,cart,68300,1005,apparel.shoes,nike,52.82,100591,f9afc2c6-3ebc-40f7-a224-996639fa47f8
2024-01-02T22:03:24.000000,view,83148,1004,computers.notebook,apple,1775.83,100390,9b276be1-da92-466e-9d7a-d296bd5820fa
2024-01-02T22:03:41.000000,view,74814,1005,apparel.shoes,nike,104.52,100143,2a270c37-ab23-4d2e-b062-b6c04308fb2f
2024-01-02T22:04:05.000000,cart,83148,1004,computers.notebook,apple,1775.83,100390,9b276be1-da92-466e-9d7a-d296bd5820fa
2024-01-02T22:04:11.000000,view,74814,1005,apparel.shoes,nike,104.52,100143,2a270c37-ab23-4d2e-b062-b6c04308fb2f
2024-01-03T08:00:00.000000,view,83524,1003,appliances.kitchen.refrigerators,apple,2250.21,100361,ad02e538-d80c-4de9-9fef-12381b533c90
2024-01-03T08:00:46.000000,view,83524,1003,appliances.kitchen.refrigerators,apple,2250.21,100361,ad02e538-d80c-4de9-9fef-12381b533c90
2024-01-03T08:00:56.000000,view,83524,1003,appliances.kitchen.refrigerators,apple,2250.21,100361,ad02e538-d80c-4de9-9fef-12381b533c90
2024-01-03T08:02:03.000000,view,83524,1003,appliances.kitchen.refrigerators,apple,2250.21,100361,ad02e538-d80c-4de9-9fef-12381b533c90
2024-01-03T08:02:19.000000,cart,83524,1003,appliances.kitchen.refrigerators,apple,2250.21,100361,ad02e538-d80c-4de9-9fef-12381b533c90
2024-01-03T08:03:23.000000,purchase,83524,1003,appliances.kitchen.refrigerators,apple,2250.21,100361,ad02e538-d80c-4de9-9fef-12381b533c90
2024-01-03T09:00:00.000000,view,51243,1005,apparel.shoes,samsung,83.99,100290,0c74ac01-5b5b-4dbb-8fa7-96e103886e56
2024-01-03T09:01:12.000000,view,51243,1005,apparel.shoes,samsung,83.99,100290,0c74ac01-5b5b-4dbb-8fa7-96e103886e56
2024-01-03T14:00:00.000000,view,85685,1003,appliances.kitchen.refrigerators,lg,2019.16,100121,4c16c144-ea57-40e1-9ec2-11625f6b1665
2024-01-03T14:00:00.000000,view,75063,1006,auto.accessories,nike,147.6,100976,9377f3a0-1cd2-4ce7-a06f-516f0693ffd7
2024-01-03T14:02:34.000000,view,85685,1003,appliances.kitchen.refrigerators,lg,2019.16,100121,4c16c144-ea57-40e1-9ec2-11625f6b1665
2024-01-03T14:02:47.000000,view,75063,1006,auto.accessories,nike,147.6,100976,9377f3a0-1cd2-4ce7-a06f-516f0693ffd7
2024-01-03T14:03:20.000000,view,75063,1006,auto.accessories,nike,147.6,100976,9377f3a0-1cd2-4ce7-a06f-516f0693ffd7
2024-01-03T14:03:34.000000,view,75063,1006,auto.accessories,nike,147.6,100976,9377f3a0-1cd2-4ce7-a06f-516f0693ffd7
2024-01-03T14:04:52.000000,view,85685,1003,appliances.kitchen.refrigerators,lg,2019.16,100121,4c16c144-ea57-40e1-9ec2-11625f6b1665
2024-01-03T14:06:24.000000,cart,85685,1003,appliances.kitchen.refrigerators,lg,2019.16,100121,4c16c144-ea57-40e1-9ec2-11625f6b1665
2024-01-03T14:07:02.000000,purchase,85685,1003,appliances.kitchen.refrigerators,lg,2019.16,100121,4c16c144-ea57-40e1-9ec2-11625f6b1665
2024-01-03T15:00:00.000000,view,59110,1006,auto.accessories,xiaomi,125.3,100258,17a7b897-e007-4da2-9e61-d4fb471557af
2024-01-03T15:00:54.000000,view,59110,1006,auto.accessories,xiaomi,125.3,100258,17a7b897-e007-4da2-9e61-d4fb471557af
2024-01-03T15:02:21.000000,view,59110,1006,auto.accessories,xiaomi,125.3,100258,17a7b897-e007-4da2-9e61-d4fb471557af
2024-01-03T16:00:00.000000,view,63203,1003,appliances.kitchen.refrigerators,asus,2074.18,100123,92c9d51d-7c0c-47f9-b743-7086049b7cd8
2024-01-03T16:00:55.000000,view,63203,1003,appliances.kitchen.refrigerators,asus,2074.18,100123,92c9d51d-7c0c-47f9-b743-7086049b7cd8
2024-01-03T16:02:27.000000,view,63203,1003,appliances.kitchen.refrigerators,asus,2074.18,100123,92c9d51d-7c0c-47f9-b743-7086049b7cd8
2024-01-03T16:02:52.000000,cart,63203,1003,appliances.kitchen.refrigerators,asus,2074.18,100123,92c9d51d-7c0c-47f9-b743-7086049b7cd8
2024-01-03T18:00:00.000000,view,94944,1001,electronics.smartphone,asus,967.23,100035,5023d1de-5229-42b4-8f53-c049fcd8762a
2024-01-03T18:00:00.000000,view,82715,1002,electronics.audio.headphone,asus,83.56,100267,492b2363-518e-4b56-b81d-4df8fe523fbc
2024-01-03T18:00:00.000000,view,80089,1001,electronics.smartphone,apple,1123.56,100373,b60fc71c-3163-4ea0-a7bc-6cf5de02e831
2024-01-03T18:00:00.000000,view,77161,1004,computers.notebook,samsung,3122.38,100725,997677b7-e457-42de-a6b1-591e89b9ca6e
2024-01-03T18:00:17.000000,cart,77161,1004,computers.notebook,samsung,3122.38,100725,997677b7-e457-42de-a6b1-591e89b9ca6e
2024-01-03T18:00:37.000000,cart,80089,1001,electronics.smartphone,apple,1123.56,100373,b60fc71c-3163-4ea0-a7bc-6cf5de02e831
2024-01-03T18:01:18.000000,view,82715,1002,electronics.audio.headphone,asus,83.56,100267,492b2363-518e-4b56-b81d-4df8fe523fbc
2024-01-03T18:02:08.000000,purchase,77161,1004,computers.notebook,samsung,3122.38,100725,997677b7-e457-42de-a6b1-591e89b9ca6e
2024-01-03T18:04:11.000000,view,82715,1002,electronics.audio.headphone,asus,83.56,100267,492b2363-518e-4b56-b81d-4df8fe523fbc
2024-01-03T18:04:22.000000,view,73913,1005,apparel.shoes,bosch,193.69,100123,7228c3c8-e396-412a-8148-954536623e6a
2024-01-03T18:06:37.000000,view,82715,1002,electronics.audio.headphone,asus,83.56,100267,492b2363-518e-4b56-b81d-4df8fe523fbc
2024-01-03T18:07:21.000000,view,73913,1005,apparel.shoes,bosch,193.69,100123,7228c3c8-e396-412a-8148-954536623e6a
2024-01-03T18:09:12.000000,view,73913,1005,apparel.shoes,bosch,193.69,100123,7228c3c8-e396-412a-8148-954536623e6a
2024-01-03T18:11:52.000000,cart,73913,1005,apparel.shoes,bosch,193.69,100123,7228c3c8-e396-412a-8148-954536623e6a
2024-01-03T18:12:45.000000,purchase,73913,1005,apparel.shoes,bosch,193.69,100123,7228c3c8-e396-412a-8148-954536623e6a
2024-01-03T19:00:00.000000,view,64194,1003,appliances.kitchen.refrigerators,apple,1288.25,100157,34600c15-c93d-45aa-958d-8204516ff58f
2024-01-03T19:02:13.000000,view,64194,1003,appliances.kitchen.refrigerators,apple,1288.25,100157,34600c15-c93d-45aa-958d-8204516ff58f
2024-01-03T19:03:06.000000,view,64194,1003,appliances.kitchen.refrigerators,apple,1288.25,100157,34600c15-c93d-45aa-958d-8204516ff58f
2024-01-03T19:04:12.000000,view,64194,1003,appliances.kitchen.refrigerators,apple,1288.25,100157,34600c15-c93d-45aa-958d-8204516ff58f
2024-01-03T20:00:00.000000,view,75919,1002,electronics.audio.headphone,lg,142.88,100581,8278b50e-cd65-4346-afc5-4b6a591c964f
2024-01-03T23:02:22.000000,view,51177,1004,computers.notebook,bosch,3310.42,100581,30826f84-c961-43dd-b08b-ae86c54a623b
2024-01-03T23:02:46.000000,view,51177,1004,computers.notebook,bosch,3310.42,100581,30826f84-c961-43dd-b08b-ae86c54a623b
2024-01-04T02:01:25.000000,view,63629,1003,appliances.kitchen.refrigerators,bosch,1159.76,100373,d7bc3cd9-d43c-4457-bb2a-e020dadc6347
2024-01-04T02:01:40.000000,view,63629,1003,appliances.kitchen.refrigerators,bosch,1159.76,100373,d7bc3cd9-d43c-4457-bb2a-e020dadc6347
2024-01-04T02:03:35.000000,view,63629,1003,appliances.kitchen.refrigerators,bosch,1159.76,100373,d7bc3cd9-d43c-4457-bb2a-e020dadc6347
2024-01-04T02:04:03.000000,view,63629,1003,appliances.kitchen.refrigerators,bosch,1159.76,100373,d7bc3cd9-d43c-4457-bb2a-e020dadc6347
2024-01-04T03:03:59.000000,view,77774,1006,auto.accessories,xiaomi,135.89,100136,f0f3d50c-27f5-4cd0-9c4d-accafe96ba5b
2024-01-04T03:06:06.000000,view,77774,1006,auto.accessories,xiaomi,135.89,100136,f0f3d50c-27f5-4cd0-9c4d-accafe96ba5b
2024-01-04T03:07:20.000000,view,77774,1006,auto.accessories,xiaomi,135.89,100136,f0f3d50c-27f5-4cd0-9c4d-accafe96ba5b
2024-01-04T08:00:00.000000,view,83947,1006,auto.accessories,nike,54.44,100908,0f5cf79a-41d7-421e-81e6-1e9eb86116b5
2024-01-04T08:00:42.000000,view,83947,1006,auto.accessories,nike,54.44,100908,0f5cf79a-41d7-421e-81e6-1e9eb86116b5
2024-01-04T08:02:31.000000,view,83947,1006,auto.accessories,nike,54.44,100908,0f5cf79a-41d7-421e-81e6-1e9eb86116b5
2024-01-04T10:00:00.000000,view,58068,1001,electronics.smartphone,lg,529.91,100621,c72b78e3-17a3-4800-bce5-2ee91df65e83
2024-01-04T10:02:12.000000,view,58068,1001,electronics.smartphone,lg,529.91,100621,c72b78e3-17a3-4800-bce5-2ee91df65e83
2024-01-04T11:00:00.000000,view,61638,1005,apparel.shoes,lg,193.68,100134,dc77e5d9-0d43-49bd-9703-fd284b50841e
2024-01-04T11:00:00.000000,view,81810,1003,appliances.kitchen.refrigerators,lg,1531.62,100268,ce6d1fe7-cb3c-4465-aba2-e27fbf15f008
2024-01-04T11:01:58.000000,view,81810,1003,appliances.kitchen.refrigerators,lg,1531.62,100268,ce6d1fe7-cb3c-4465-aba2-e27fbf15f008
2024-01-04T11:02:40.000000,view,61638,1005,apparel.shoes,lg,193.68,100134,dc77e5d9-0d43-49bd-9703-fd284b50841e
2024-01-04T11:04:53.000000,view,81810,1003,appliances.kitchen.refrigerators,lg,1531.62,100268,ce6d1fe7-cb3c-4465-aba2-e27fbf15f008
2024-01-04T11:05:11.000000,view,61638,1005,apparel.shoes,lg,193.68,100134,dc77e5d9-0d43-49bd-9703-fd284b50841e
2024-01-04T11:05:12.000000,view,81810,1003,appliances.kitchen.refrigerators,lg,1531.62,100268,ce6d1fe7-cb3c-4465-aba2-e27fbf15f008
2024-01-04T11:06:13.000000,cart,81810,1003,appliances.kitchen.refrigerators,lg,1531.62,100268,ce6d1fe7-cb3c-4465-aba2-e27fbf15f008
2024-01-04T11:06:45.000000,purchase,81810,1003,appliances.kitchen.refrigerators,lg,1531.62,100268,ce6d1fe7-cb3c-4465-aba2-e27fbf15f008
2024-01-04T11:06:50.000000,view,61638,1005,apparel.shoes,lg,193.68,100134,dc77e5d9-0d43-49bd-9703-fd284b50841e
2024-01-04T11:08:28.000000,cart,61638,1005,apparel.shoes,lg,193.68,100134,dc77e5d9-0d43-49bd-9703-fd284b50841e
2024-01-04T12:00:00.000000,view,55037,1002,electronics.audio.headphone,asus,259.15,100226,4cbf7bfb-37eb-4f35-8156-10248da99f38
2024-01-04T12:01:14.000000,view,55037,1002,electronics.audio.headphone,asus,259.15,100226,4cbf7bfb-37eb-4f35-8156-10248da99f38
2024-01-04T12:01:57.000000,view,55037,1002,electronics.audio.headphone,asus,259.15,100226,4cbf7bfb-37eb-4f35-8156-10248da99f38
2024-01-04T12:04:44.000000,cart,55037,1002,electronics.audio.headphone,asus,259.15,100226,4cbf7bfb-37eb-4f35-8156-10248da99f38
2024-01-04T12:05:31.000000,purchase,55037,1002,electronics.audio.headphone,asus,259.15,100226,4cbf7bfb-37eb-4f35-8156-10248da99f38
2024-01-04T13:06:17.000000,view,70551,1004,computers.notebook,lg,2364.01,100373,bfd17ec2-f947-428f-a994-0276ae73b36c
2024-01-04T13:07:08.000000,view,70551,1004,computers.notebook,lg,2364.01,100373,bfd17ec2-f947-428f-a994-0276ae73b36c
2024-01-04T13:08:04.000000,view,70551,1004,computers.notebook,lg,2364.01,100373,bfd17ec2-f947-428f-a994-0276ae73b36c
2024-01-04T13:09:30.000000,view,70551,1004,computers.notebook,lg,2364.01,100373,bfd17ec2-f947-428f-a994-0276ae73b36c
2024-01-04T14:00:00.000000,view,64045,1005,apparel.shoes,bosch,177.14,100135,c80c5d6f-92ea-426a-ae2d-6bb7ae110e30
2024-01-04T14:00:00.000000,view,86311,1001,electronics.smartphone,xiaomi,1161.65,100293,297ac947-da99-410c-ac47-3e4369a89065
2024-01-04T14:00:00.000000,view,70652,1003,appliances.kitchen.refrigerators,samsung,2098.66,100658,28e1f539-b044-4ba0-a90f-299a002ec165
2024-01-04T14:00:31.000000,view,70652,1003,appliances.kitchen.refrigerators,samsung,2098.66,100658,28e1f539-b044-4ba0-a90f-299a002ec165
2024-01-04T14:01:02.000000,view,64045,1005,apparel.shoes,bosch,177.14,100135,c80c5d6f-92ea-426a-ae2d-6bb7ae110e30
2024-01-04T14:01:26.000000,view,70652,1003,appliances.kitchen.refrigerators,samsung,2098.66,100658,28e1f539-b044-4ba0-a90f-299a002ec165
2024-01-04T15:00:00.000000,view,57078,1005,apparel.shoes,samsung,56.43,100303,6008899f-341c-4267-b4df-c600ac3c37ec
2024-01-04T15:00:00.000000,view,51345,1006,auto.accessories,lg,110.64,100525,b1422fc4-674c-4b45-badd-10fb98f7bcf9
2024-01-04T15:02:52.000000,view,51345,1006,auto.accessories,lg,110.64,100525,b1422fc4-674c-4b45-badd-10fb98f7bcf9
2024-01-04T15:05:21.000000,view,51345,1006,auto.accessories,lg,110.64,100525,b1422fc4-674c-4b45-badd-10fb98f7bcf9
2024-01-04T17:00:00.000000,view,62788,1005,apparel.shoes,asus,41.07,100412,6e0b0012-c1d3-4122-b163-339f70d11b68
2024-01-04T17:01:44.000000,cart,62788,1005,apparel.shoes,asus,41.07,100412,6e0b0012-c1d3-4122-b163-339f70d11b68
2024-01-04T17:03:12.000000,purchase,62788,1005,apparel.shoes,asus,41.07,100412,6e0b0012-c1d3-4122-b163-339f70d11b68
2024-01-04T18:00:00.000000,view,60379,1002,electronics.audio.headphone,nike,110.46,100029,efb5f253-a014-48cd-a1ff-42349b3ae9d6
2024-01-04T18:00:00.000000,view,95716,1002,electronics.audio.headphone,nike,42.79,100536,fe925a5b-313f-4bef-b87c-e5801201f87d
2024-01-04T18:00:00.000000,view,74527,1005,apparel.shoes,nike,41.84,100766,042f9829-fdfc-4425-8b55-fac4ed7e2030
2024-01-04T18:02:01.000000,view,74527,1005,apparel.shoes,nike,41.84,100766,042f9829-fdfc-4425-8b55-fac4ed7e2030
2024-01-04T18:03:34.000000,view,74527,1005,apparel.shoes,nike,41.84,100766,042f9829-fdfc-4425-8b55-fac4ed7e2030
2024-01-04T18:04:41.000000,view,74527,1005,apparel.shoes,nike,41.84,100766,042f9829-fdfc-4425-8b55-fac4ed7e2030
2024-01-04T18:05:57.000000,cart,74527,1005,apparel.shoes,nike,41.84,100766,042f9829-fdfc-4425-8b55-fac4ed7e2030
2024-01-04T18:07:44.000000,purchase,74527,1005,apparel.shoes,nike,41.84,100766,042f9829-fdfc-4425-8b55-fac4ed7e2030
2024-01-04T19:00:00.000000,view,59672,1003,appliances.kitchen.refrigerators,nike,789.64,100679,66b3fd1b-89a1-43d0-87fc-dc65541cf230
2024-01-04T19:02:08.000000,view,59672,1003,appliances.kitchen.refrigerators,nike,789.64,100679,66b3fd1b-89a1-43d0-87fc-dc65541cf230
2024-01-04T19:04:13.000000,view,59672,1003,appliances.kitchen.refrigerators,nike,789.64,100679,66b3fd1b-89a1-43d0-87fc-dc65541cf230
2024-01-04T19:04:56.000000,view,59672,1003,appliances.kitchen.refrigerators,nike,789.64,100679,66b3fd1b-89a1-43d0-87fc-dc65541cf230
2024-01-04T19:07:45.000000,view,80912,1001,electronics.smartphone,bosch,705.9,100121,39412404-e960-46b0-9208-45f87ae0b7a8
2024-01-04T19:08:35.000000,view,80912,1001,electronics.smartphone,bosch,705.9,100121,39412404-e960-46b0-9208-45f87ae0b7a8
2024-01-04T19:09:10.000000,cart,80912,1001,electronics.smartphone,bosch,705.9,100121,39412404-e960-46b0-9208-45f87ae0b7a8
2024-01-04T19:09:55.000000,purchase,80912,1001,electronics.smartphone,bosch,705.9,100121,39412404-e960-46b0-9208-45f87ae0b7a8
2024-01-04T20:00:00.000000,view,67200,1001,electronics.smartphone,apple,799.01,100174,b245eb42-c24b-406b-93fb-3e644d4926ef
2024-01-04T22:02:37.000000,view,72511,1001,electronics.smartphone,xiaomi,174.32,100930,f755f1c4-e4ae-4d2e-8476-f5f885add36c
2024-01-04T22:05:10.000000,view,72511,1001,electronics.smartphone,xiaomi,174.32,100930,f755f1c4-e4ae-4d2e-8476-f5f885add36c
2024-01-04T22:05:44.000000,cart,72511,1001,electronics.smartphone,xiaomi,174.32,100930,f755f1c4-e4ae-4d2e-8476-f5f885add36c
2024-01-04T22:05:58.000000,view,77672,1005,apparel.shoes,nike,50.71,100525,588853c9-aa52-481a-b5ac-5e55ee4273c3
2024-01-04T22:06:42.000000,purchase,72511,1001,electronics.smartphone,xiaomi,174.32,100930,f755f1c4-e4ae-4d2e-8476-f5f885add36c
2024-01-05T01:02:41.000000,view,83351,1002,electronics.audio.headphone,nike,95.48,100303,907b26b5-68b2-47e3-87b3-c84bfdca89f6
2024-01-05T01:04:54.000000,view,83351,1002,electronics.audio.headphone,nike,95.48,100303,907b26b5-68b2-47e3-87b3-c84bfdca89f6
2024-01-05T01:07:42.000000,view,83351,1002,electronics.audio.headphone,nike,95.48,100303,907b26b5-68b2-47e3-87b3-c84bfdca89f6
2024-01-05T01:09:45.000000,view,83351,1002,electronics.audio.headphone,nike,95.48,100303,907b26b5-68b2-47e3-87b3-c84bfdca89f6
2024-01-05T01:10:42.000000,cart,83351,1002,electronics.audio.headphone,nike,95.48,100303,907b26b5-68b2-47e3-87b3-c84bfdca89f6
2024-01-05T01:12:39.000000,purchase,83351,1002,electronics.audio.headphone,nike,95.48,100303,907b26b5-68b2-47e3-87b3-c84bfdca89f6
2024-01-05T06:05:09.000000,view,99986,1005,apparel.shoes,apple,44.36,100581,80137d7b-cdb6-4ddf-b23b-694709419ab3
2024-01-05T06:07:15.000000,view,99986,1005,apparel.shoes,apple,44.36,100581,80137d7b-cdb6-4ddf-b23b-694709419ab3
2024-01-05T06:07:43.000000,cart,99986,1005,apparel.shoes,apple,44.36,100581,80137d7b-cdb6-4ddf-b23b-694709419ab3
2024-01-05T06:09:33.000000,purchase,99986,1005,apparel.shoes,apple,44.36,100581,80137d7b-cdb6-4ddf-b23b-694709419ab3
2024-01-05T08:00:00.000000,view,82866,1005,apparel.shoes,apple,103.67,100415,2cc3d5ed-4075-43a8-b069-aef8b5bf2520
2024-01-05T08:00:00.000000,view,98486,1002,electronics.audio.headphone,bosch,206.76,100464,f82c17c2-ca60-4a0a-8af7-ba36846f6953
2024-01-05T08:00:00.000000,view,60940,1004,computers.notebook,nike,2188.28,100808,e8799821-69f3-4187-b1cf-bd3f66bcf7b9
2024-01-05T08:00:20.000000,view,82866,1005,apparel.shoes,apple,103.67,100415,2cc3d5ed-4075-43a8-b069-aef8b5bf2520
2024-01-05T08:01:10.000000,view,82866,1005,apparel.shoes,apple,103.67,100415,2cc3d5ed-4075-43a8-b069-aef8b5bf2520
2024-01-05T08:02:32.000000,view,82866,1005,apparel.shoes,apple,103.67,100415,2cc3d5ed-4075-43a8-b069-aef8b5bf2520
2024-01-05T08:02:48.000000,view,98486,1002,electronics.audio.headphone,bosch,206.76,100464,f82c17c2-ca60-4a0a-8af7-ba36846f6953
2024-01-05T08:03:59.000000,cart,82866,1005,apparel.shoes,apple,103.67,100415,2cc3d5ed-4075-43a8-b069-aef8b5bf2520
2024-01-05T08:04:44.000000,view,98486,1002,electronics.audio.headphone,bosch,206.76,100464,f82c17c2-ca60-4a0a-8af7-ba36846f6953
2024-01-05T09:00:00.000000,view,56798,1005,apparel.shoes,apple,104.07,100881,cc8081ea-988a-4ce4-aa26-9d800fa6a3c6
2024-01-05T09:02:38.000000,view,56798,1005,apparel.shoes,apple,104.07,100881,cc8081ea-988a-4ce4-aa26-9d800fa6a3c6
2024-01-05T09:05:35.000000,view,56798,1005,apparel.shoes,apple,104.07,100881,cc8081ea-988a-4ce4-aa26-9d800fa6a3c6
2024-01-05T10:00:00.000000,view,76017,1002,electronics.audio.headphone,apple,241.69,100081,2c3edd48-68de-48ad-83f9-55affcf0ca31
2024-01-05T10:01:24.000000,view,76017,1002,electronics.audio.headphone,apple,241.69,100081,2c3edd48-68de-48ad-83f9-55affcf0ca31
2024-01-05T10:01:43.000000,cart,76017,1002,electronics.audio.headphone,apple,241.69,100081,2c3edd48-68de-48ad-83f9-55affcf0ca31
2024-01-05T10:08:16.000000,view,70417,1001,electronics.smartphone,bosch,838.97,100881,f0f1395b-8888-4d22-9e64-7fd59e2f5f38
2024-01-05T10:08:35.000000,view,70417,1001,electronics.smartphone,bosch,838.97,100881,f0f1395b-8888-4d22-9e64-7fd59e2f5f38
2024-01-05T13:00:00.000000,view,81355,1001,electronics.smartphone,asus,798.76,100861,5ee5418d-dfa9-4d66-9a16-78da0e2fe43a
2024-01-05T13:02:22.000000,view,81355,1001,electronics.smartphone,asus,798.76,100861,5ee5418d-dfa9-4d66-9a16-78da0e2fe43a
2024-01-05T13:03:21.000000,view,54031,1005,apparel.shoes,asus,110.9,100621,eff63610-8cb0-4cb6-9fa4-8c642a0b637b
2024-01-05T16:00:00.000000,view,87452,1005,apparel.shoes,bosch,148.41,100130,22698f2f-7309-433a-b54d-dd82a059f770
2024-01-05T16:00:40.000000,view,87452,1005,apparel.shoes,bosch,148.41,100130,22698f2f-7309-433a-b54d-dd82a059f770
2024-01-05T16:02:44.000000,cart,87452,1005,apparel.shoes,bosch,148.41,100130,22698f2f-7309-433a-b54d-dd82a059f770
2024-01-05T17:05:34.000000,view,93821,1002,electronics.audio.headphone,nike,74.94,100464,4585a4bc-c94f-446a-b02d-3c6eb1984e89
2024-01-05T17:06:25.000000,cart,93821,1002,electronics.audio.headphone,nike,74.94,100464,4585a4bc-c94f-446a-b02d-3c6eb1984e89
2024-01-05T17:07:06.000000,purchase,93821,1002,electronics.audio.headphone,nike,74.94,100464,4585a4bc-c94f-446a-b02d-3c6eb1984e89
2024-01-05T19:00:00.000000,view,65473,1004,computers.notebook,lg,3051.9,100039,44a21d76-3d5c-451d-8fc6-763d9d2d254b
2024-01-05T19:00:00.000000,view,85910,1002,electronics.audio.headphone,asus,85.23,100654,bcf30ab1-9000-4853-888c-1835f2db3478
2024-01-05T19:00:00.000000,view,58778,1004,computers.notebook,lg,422.7,100748,f1bdfc15-3d6a-4215-86b8-d283cdb71d69
2024-01-05T19:00:26.000000,view,58778,1004,computers.notebook,lg,422.7,100748,f1bdfc15-3d6a-4215-86b8-d283cdb71d69
2024-01-05T19:00:41.000000,view,58778,1004,computers.notebook,lg,422.7,100748,f1bdfc15-3d6a-4215-86b8-d283cdb71d69
2024-01-05T19:01:26.000000,view,85910,1002,electronics.audio.headphone,asus,85.23,100654,bcf30ab1-9000-4853-888c-1835f2db3478
2024-01-05T19:01:49.000000,view,97459,1004,computers.notebook,lg,1780.52,100536,c0a0f826-07fb-4ab6-906d-545a219256d2
2024-01-05T19:02:21.000000,view,97459,1004,computers.notebook,lg,1780.52,100536,c0a0f826-07fb-4ab6-906d-545a219256d2
2024-01-05T19:03:54.000000,view,85910,1002,electronics.audio.headphone,asus,85.23,100654,bcf30ab1-9000-4853-888c-1835f2db3478
2024-01-05T19:04:22.000000,view,97459,1004,computers.notebook,lg,1780.52,100536,c0a0f826-07fb-4ab6-906d-545a219256d2
2024-01-05T19:05:37.000000,view,97459,1004,computers.notebook,lg,1780.52,100536,c0a0f826-07fb-4ab6-906d-545a219256d2
2024-01-05T19:06:12.000000,cart,85910,1002,electronics.audio.headphone,asus,85.23,100654,bcf30ab1-9000-4853-888c-1835f2db3478
2024-01-05T19:07:16.000000,cart,97459,1004,computers.notebook,lg,1780.52,100536,c0a0f826-07fb-4ab6-906d-545a219256d2
2024-01-05T20:00:00.000000,view,51025,1005,apparel.shoes,bosch,78.51,100087,2615ed6b-856e-4f98-a032-f8409cb63764
2024-01-05T20:00:00.000000,view,80741,1005,apparel.shoes,apple,59.03,100260,61770bdd-432a-4a33-9809-7e4b382b97e6
2024-01-05T20:00:21.000000,view,80741,1005,apparel.shoes,apple,59.03,100260,61770bdd-432a-4a33-9809-7e4b382b97e6
2024-01-05T20:00:47.000000,view,80741,1005,apparel.shoes,apple,59.03,100260,61770bdd-432a-4a33-9809-7e4b382b97e6
2024-01-05T20:02:31.000000,view,92448,1004,computers.notebook,apple,2979.64,100029,31d88e9c-97c7-4a21-ae5f-141e76734460
2024-01-05T20:03:55.000000,view,92448,1004,computers.notebook,apple,2979.64,100029,31d88e9c-97c7-4a21-ae5f-141e76734460
2024-01-05T20:06:15.000000,view,92448,1004,computers.notebook,apple,2979.64,100029,31d88e9c-97c7-4a21-ae5f-141e76734460
2024-01-05T20:07:34.000000,view,92448,1004,computers.notebook,apple,2979.64,100029,31d88e9c-97c7-4a21-ae5f-141e76734460
2024-01-06T00:06:18.000000,view,70713,1004,computers.notebook,lg,767.99,100143,6342fad6-5e58-4a66-9b4f-0291680ce3f8
2024-01-06T00:09:15.000000,view,70713,1004,computers.notebook,lg,767.99,100143,6342fad6-5e58-4a66-9b4f-0291680ce3f8
2024-01-06T00:09:29.000000,view,70713,1004,computers.notebook,lg,767.99,100143,6342fad6-5e58-4a66-9b4f-0291680ce3f8
2024-01-06T00:10:05.000000,view,70713,1004,computers.notebook,lg,767.99,100143,6342fad6-5e58-4a66-9b4f-0291680ce3f8
2024-01-06T09:00:00.000000,view,76796,1003,appliances.kitchen.refrigerators,lg,1687.83,100410,6369f795-68d2-46b4-a471-b732e64ef853
2024-01-06T09:01:24.000000,view,76796,1003,appliances.kitchen.refrigerators,lg,1687.83,100410,6369f795-68d2-46b4-a471-b732e64ef853
2024-01-06T09:03:36.000000,view,76796,1003,appliances.kitchen.refrigerators,lg,1687.83,100410,6369f795-68d2-46b4-a471-b732e64ef853
2024-01-06T09:04:20.000000,view,76796,1003,appliances.kitchen.refrigerators,lg,1687.83,100410,6369f795-68d2-46b4-a471-b732e64ef853
2024-01-06T10:00:00.000000,view,81252,1004,computers.notebook,lg,928.42,100498,73cbe0c9-faa0-4421-a7a4-c3c9219fa914
2024-01-06T11:00:00.000000,view,76171,1005,apparel.shoes,asus,149.52,100833,90f5cf2d-2adb-492d-9143-e4b5186c4a7a
2024-01-06T11:02:50.000000,view,76171,1005,apparel.shoes,asus,149.52,100833,90f5cf2d-2adb-492d-9143-e4b5186c4a7a
2024-01-06T11:03:05.000000,view,76171,1005,apparel.shoes,asus,149.52,100833,90f5cf2d-2adb-492d-9143-e4b5186c4a7a
2024-01-06T12:00:00.000000,view,63767,1001,electronics.smartphone,xiaomi,866.17,100013,02fa0dfa-5599-4256-a3ec-873162003ce6
2024-01-06T12:00:00.000000,view,67600,1003,appliances.kitchen.refrigerators,samsung,1541.34,100129,fd666f44-6085-4412-98fc-1a1183d8ba7d
2024-01-06T12:00:00.000000,view,84097,1004,computers.notebook,nike,2248.75,100140,265c164e-39b1-4e32-bb06-f2cc53bd209b
2024-01-06T12:00:00.000000,view,52175,1006,auto.accessories,samsung,67.19,100641,32da22c0-8012-4cdd-b773-ad780eb1276f
2024-01-06T12:01:33.000000,view,52175,1006,auto.accessories,samsung,67.19,100641,32da22c0-8012-4cdd-b773-ad780eb1276f
2024-01-06T12:02:01.000000,view,84097,1004,computers.notebook,nike,2248.75,100140,265c164e-39b1-4e32-bb06-f2cc53bd209b
2024-01-06T12:02:45.000000,view,84097,1004,computers.notebook,nike,2248.75,100140,265c164e-39b1-4e32-bb06-f2cc53bd209b
2024-01-06T12:03:00.000000,view,67600,1003,appliances.kitchen.refrigerators,samsung,1541.34,100129,fd666f44-6085-4412-98fc-1a1183d8ba7d
2024-01-06T12:03:34.000000,cart,67600,1003,appliances.kitchen.refrigerators,samsung,1541.34,100129,fd666f44-6085-4412-98fc-1a1183d8ba7d
2024-01-06T13:00:00.000000,view,77687,1004,computers.notebook,apple,2516.57,100636,368b9e66-1ef7-4b74-8c94-36d158a0da44
2024-01-06T13:05:34.000000,view,74763,1006,auto.accessories,apple,103.46,100415,05b8a0a3-4bd0-4970-be5c-b91021c0e05d
2024-01-06T13:06:53.000000,view,74763,1006,auto.accessories,apple,103.46,100415,05b8a0a3-4bd0-4970-be5c-b91021c0e05d
2024-01-06T13:07:24.000000,cart,74763,1006,auto.accessories,apple,103.46,100415,05b8a0a3-4bd0-4970-be5c-b91021c0e05d
2024-01-06T14:00:00.000000,view,90251,1004,computers.notebook,asus,1682.67,100860,a9d24d21-73c0-4564-9e40-5531bcd0db2a
2024-01-06T14:00:58.000000,view,90251,1004,computers.notebook,asus,1682.67,100860,a9d24d21-73c0-4564-9e40-5531bcd0db2a
2024-01-06T14:02:34.000000,cart,90251,1004,computers.notebook,asus,1682.67,100860,a9d24d21-73c0-4564-9e40-5531bcd0db2a
2024-01-06T14:03:46.000000,purchase,90251,1004,computers.notebook,asus,1682.67,100860,a9d24d21-73c0-4564-9e40-5531bcd0db2a
2024-01-06T15:00:00.000000,view,56949,1005,apparel.shoes,bosch,183.95,100773,0e9571b4-0251-4dc5-8460-9e427608eabc
2024-01-06T16:00:00.000000,view,58642,1006,auto.accessories,nike,82.05,100509,997a77e6-7b55-4feb-b802-09a667019fda
2024-01-06T16:00:45.000000,cart,58642,1006,auto.accessories,nike,82.05,100509,997a77e6-7b55-4feb-b802-09a667019fda
2024-01-06T16:02:06.000000,purchase,58642,1006,auto.accessories,nike,82.05,100509,997a77e6-7b55-4feb-b802-09a667019fda
2024-01-06T17:00:00.000000,view,84309,1002,electronics.audio.headphone,nike,273.54,100345,ebd494a5-7a74-4a3f-85c6-9b73e16ed588
2024-01-06T17:00:29.000000,view,84309,1002,electronics.audio.headphone,nike,273.54,100345,ebd494a5-7a74-4a3f-85c6-9b73e16ed588
2024-01-06T18:00:00.000000,view,80780,1003,appliances.kitchen.refrigerators,lg,2319.38,100155,b71dd67f-f8ce-44b5-b1b4-9044634d9c03
2024-01-06T18:00:00.000000,view,94352,1004,computers.notebook,bosch,543.82,100666,93f67958-bd67-4b8f-a445-208243324536
2024-01-06T18:00:11.000000,view,94352,1004,computers.notebook,bosch,543.82,100666,93f67958-bd67-4b8f-a445-208243324536
2024-01-06T20:00:00.000000,view,51335,1002,electronics.audio.headphone,samsung,195.87,100021,d11ed4a3-e1eb-4d37-9ac4-fa07bb692766
2024-01-06T20:00:42.000000,view,51335,1002,electronics.audio.headphone,samsung,195.87,100021,d11ed4a3-e1eb-4d37-9ac4-fa07bb692766
2024-01-06T22:08:17.000000,view,88370,1002,electronics.audio.headphone,samsung,202.38,100536,e5fac965-2a3f-4121-a662-99646ebe4e3b
2024-01-06T22:08:36.000000,view,88370,1002,electronics.audio.headphone,samsung,202.38,100536,e5fac965-2a3f-4121-a662-99646ebe4e3b
2024-01-06T22:10:23.000000,cart,88370,1002,electronics.audio.headphone,samsung,202.38,100536,e5fac965-2a3f-4121-a662-99646ebe4e3b
2024-01-06T22:12:15.000000,purchase,88370,1002,electronics.audio.headphone,samsung,202.38,100536,e5fac965-2a3f-4121-a662-99646ebe4e3b
2024-01-06T23:07:05.000000,view,91328,1004,computers.notebook,bosch,3404.05,100654,3daed0da-a508-429a-883b-ff90e0a2a4fe
2024-01-06T23:08:58.000000,view,91328,1004,computers.notebook,bosch,3404.05,100654,3daed0da-a508-429a-883b-ff90e0a2a4fe
2024-01-06T23:09:43.000000,view,91328,1004,computers.notebook,bosch,3404.05,100654,3daed0da-a508-429a-883b-ff90e0a2a4fe
2024-01-06T23:12:11.000000,cart,91328,1004,computers.notebook,bosch,3404.05,100654,3daed0da-a508-429a-883b-ff90e0a2a4fe
2024-01-06T23:13:08.000000,purchase,91328,1004,computers.notebook,bosch,3404.05,100654,3daed0da-a508-429a-883b-ff90e0a2a4fe
2024-01-07T05:01:05.000000,view,56534,1006,auto.accessories,xiaomi,91.28,100748,6ebd2715-f96a-4d10-bd83-7c28c8e11582
2024-01-07T05:02:24.000000,view,56534,1006,auto.accessories,xiaomi,91.28,100748,6ebd2715-f96a-4d10-bd83-7c28c8e11582
2024-01-07T07:00:35.000000,view,53190,1006,auto.accessories,bosch,48.04,100087,1e9f95c3-bd40-418e-95ec-ac5db157a225
2024-01-07T08:00:00.000000,view,97199,1006,auto.accessories,xiaomi,67.7,100723,b7eb7eb8-effd-483d-9dd5-eb7db67c1070
2024-01-07T08:00:36.000000,view,97199,1006,auto.accessories,xiaomi,67.7,100723,b7eb7eb8-effd-483d-9dd5-eb7db67c1070
2024-01-07T08:03:17.000000,view,97199,1006,auto.accessories,xiaomi,67.7,100723,b7eb7eb8-effd-483d-9dd5-eb7db67c1070
2024-01-07T08:05:59.000000,view,97199,1006,auto.accessories,xiaomi,67.7,100723,b7eb7eb8-effd-483d-9dd5-eb7db67c1070
2024-01-07T09:00:00.000000,view,50232,1003,appliances.kitchen.refrigerators,apple,1033.82,100012,c82f0b46-2895-4957-a31e-59ee7a2e89a9
2024-01-07T09:00:00.000000,view,77843,1001,electronics.smartphone,xiaomi,869.84,100732,9bd98450-129a-453c-866e-9aee42e53314
2024-01-07T09:00:00.000000,view,66532,1003,appliances.kitchen.refrigerators,nike,1317.16,100989,f7d26e70-7150-4fae-baa7-abf7a240dd94
2024-01-07T09:01:23.000000,view,66532,1003,appliances.kitchen.refrigerators,nike,1317.16,100989,f7d26e70-7150-4fae-baa7-abf7a240dd94
2024-01-07T09:01:24.000000,view,77843,1001,electronics.smartphone,xiaomi,869.84,100732,9bd98450-129a-453c-866e-9aee42e53314
2024-01-07T09:02:53.000000,view,50232,1003,appliances.kitchen.refrigerators,apple,1033.82,100012,c82f0b46-2895-4957-a31e-59ee7a2e89a9
2024-01-07T09:04:10.000000,cart,50232,1003,appliances.kitchen.refrigerators,apple,1033.82,100012,c82f0b46-2895-4957-a31e-59ee7a2e89a9
2024-01-07T10:00:00.000000,view,56942,1006,auto.accessories,apple,66.79,100216,cd488eb5-1734-4fad-a882-7a362821d8cb
2024-01-07T10:00:00.000000,view,68371,1005,apparel.shoes,asus,107.54,100698,e3bf5f16-6a14-477b-8726-e4dca143b245
2024-01-07T10:00:56.000000,view,68371,1005,apparel.shoes,asus,107.54,100698,e3bf5f16-6a14-477b-8726-e4dca143b245
2024-01-07T10:01:59.000000,cart,56942,1006,auto.accessories,apple,66.79,100216,cd488eb5-1734-4fad-a882-7a362821d8cb
2024-01-07T10:03:00.000000,view,68371,1005,apparel.shoes,asus,107.54,100698,e3bf5f16-6a14-477b-8726-e4dca143b245
2024-01-07T11:00:00.000000,view,65498,1005,apparel.shoes,asus,118.88,100292,12347077-1482-4687-97ec-ce9a06937007
2024-01-07T11:00:00.000000,view,66519,1003,appliances.kitchen.refrigerators,xiaomi,589.36,100726,1b1f3591-9747-4e9c-a3f4-a59a4e0544ee
2024-01-07T11:00:39.000000,view,65498,1005,apparel.shoes,asus,118.88,100292,12347077-1482-4687-97ec-ce9a06937007
2024-01-07T11:01:57.000000,view,65498,1005,apparel.shoes,asus,118.88,100292,12347077-1482-4687-97ec-ce9a06937007
2024-01-07T11:02:22.000000,view,65498,1005,apparel.shoes,asus,118.88,100292,12347077-1482-4687-97ec-ce9a06937007
2024-01-07T12:00:00.000000,view,57599,1006,auto.accessories,nike,96.49,100437,24f623ba-d9b4-4f93-a7dd-df011bd8634f
2024-01-07T12:02:18.000000,view,57599,1006,auto.accessories,nike,96.49,100437,24f623ba-d9b4-4f93-a7dd-df011bd8634f
2024-01-07T12:04:03.000000,view,57599,1006,auto.accessories,nike,96.49,100437,24f623ba-d9b4-4f93-a7dd-df011bd8634f
2024-01-07T12:06:14.000000,view,57599,1006,auto.accessories,nike,96.49,100437,24f623ba-d9b4-4f93-a7dd-df011bd8634f
2024-01-07T13:00:00.000000,view,60524,1006,auto.accessories,xiaomi,43.27,100475,b5430a00-f452-4750-9133-2cb7019f1fda
2024-01-07T13:01:52.000000,view,60524,1006,auto.accessories,xiaomi,43.27,100475,b5430a00-f452-4750-9133-2cb7019f1fda
2024-01-07T13:03:31.000000,view,60524,1006,auto.accessories,xiaomi,43.27,100475,b5430a00-f452-4750-9133-2cb7019f1fda
2024-01-07T13:08:25.000000,view,56705,1004,computers.notebook,asus,422.78,100136,e17b5ca5-a0a6-4388-a711-fbb38740b2c3
2024-01-07T13:10:58.000000,view,56705,1004,computers.notebook,asus,422.78,100136,e17b5ca5-a0a6-4388-a711-fbb38740b2c3
2024-01-07T13:13:53.000000,view,56705,1004,computers.notebook,asus,422.78,100136,e17b5ca5-a0a6-4388-a711-fbb38740b2c3
2024-01-07T14:00:00.000000,view,73097,1005,apparel.shoes,xiaomi,52.81,100655,d2d7742a-625e-44cf-b3fb-2ae0c9dddeb6
2024-01-07T14:00:00.000000,view,77192,1003,appliances.kitchen.refrigerators,asus,2078.38,100851,d226f495-dc0f-4911-85f9-0e358b3d1b61
2024-01-07T14:00:50.000000,view,73097,1005,apparel.shoes,xiaomi,52.81,100655,d2d7742a-625e-44cf-b3fb-2ae0c9dddeb6
2024-01-07T14:01:24.000000,view,77192,1003,appliances.kitchen.refrigerators,asus,2078.38,100851,d226f495-dc0f-4911-85f9-0e358b3d1b61
2024-01-07T14:01:48.000000,cart,77192,1003,appliances.kitchen.refrigerators,asus,2078.38,100851,d226f495-dc0f-4911-85f9-0e358b3d1b61
2024-01-07T14:01:52.000000,view,73097,1005,apparel.shoes,xiaomi,52.81,100655,d2d7742a-625e-44cf-b3fb-2ae0c9dddeb6
2024-01-07T14:02:56.000000,purchase,77192,1003,appliances.kitchen.refrigerators,asus,2078.38,100851,d226f495-dc0f-4911-85f9-0e358b3d1b61
2024-01-07T14:04:26.000000,view,73097,1005,apparel.shoes,xiaomi,52.81,100655,d2d7742a-625e-44cf-b3fb-2ae0c9dddeb6
2024-01-07T16:04:22.000000,view,76436,1002,electronics.audio.headphone,bosch,30.26,100140,1a6b7eb6-1567-4c16-a326-44a7339d0087
2024-01-07T16:05:05.000000,view,76436,1002,electronics.audio.headphone,bosch,30.26,100140,1a6b7eb6-1567-4c16-a326-44a7339d0087
2024-01-07T17:00:00.000000,view,96286,1001,electronics.smartphone,xiaomi,381.66,100922,09c2544d-9834-4d93-bc7c-ad7e00851914
2024-01-07T17:01:13.000000,view,76656,1003,appliances.kitchen.refrigerators,asus,1281.16,100293,997ad6fe-b96c-4640-b3b0-f654a8e2cc62
2024-01-07T17:01:36.000000,view,87086,1004,computers.notebook,xiaomi,1507.77,100658,f866dfa2-b96f-4d64-9cfb-3b60d5605fc4
2024-01-07T17:01:48.000000,cart,87086,1004,computers.notebook,xiaomi,1507.77,100658,f866dfa2-b96f-4d64-9cfb-3b60d5605fc4
2024-01-07T17:01:56.000000,view,96286,1001,electronics.smartphone,xiaomi,381.66,100922,09c2544d-9834-4d93-bc7c-ad7e00851914
2024-01-07T17:01:59.000000,view,76656,1003,appliances.kitchen.refrigerators,asus,1281.16,100293,997ad6fe-b96c-4640-b3b0-f654a8e2cc62
2024-01-07T17:03:54.000000,view,96286,1001,electronics.smartphone,xiaomi,381.66,100922,09c2544d-9834-4d93-bc7c-ad7e00851914
2024-01-07T17:04:26.000000,view,96286,1001,electronics.smartphone,xiaomi,381.66,100922,09c2544d-9834-4d93-bc7c-ad7e00851914
2024-01-07T18:00:00.000000,view,74118,1001,electronics.smartphone,bosch,608.8,100063,86f5873f-58b2-4579-9160-b7d1c93ad44a
2024-01-07T18:02:02.000000,view,74118,1001,electronics.smartphone,bosch,608.8,100063,86f5873f-58b2-4579-9160-b7d1c93ad44a
2024-01-07T18:03:50.000000,view,74118,1001,electronics.smartphone,bosch,608.8,100063,86f5873f-58b2-4579-9160-b7d1c93ad44a
2024-01-07T18:05:26.000000,view,74118,1001,electronics.smartphone,bosch,608.8,100063,86f5873f-58b2-4579-9160-b7d1c93ad44a
2024-01-07T19:00:00.000000,view,98524,1002,electronics.audio.headphone,asus,291.0,100389,0b1df38b-4a87-4392-bbe2-1cb94d3bb7c4
2024-01-07T19:01:07.000000,view,98524,1002,electronics.audio.headphone,asus,291.0,100389,0b1df38b-4a87-4392-bbe2-1cb94d3bb7c4
2024-01-07T20:00:00.000000,view,71606,1003,appliances.kitchen.refrigerators,apple,507.91,100056,de8729b2-431a-473a-a6ea-998360d37fd5
2024-01-07T20:00:00.000000,view,75289,1002,electronics.audio.headphone,lg,56.0,100115,f15a780e-6d16-4a81-ad40-a71fda039c4d
2024-01-07T20:00:00.000000,view,99708,1001,electronics.smartphone,lg,661.89,100540,ab6dc0e9-94bd-43b7-be00-518fd2349480
2024-01-07T20:01:22.000000,view,71606,1003,appliances.kitchen.refrigerators,apple,507.91,100056,de8729b2-431a-473a-a6ea-998360d37fd5
2024-01-07T20:02:36.000000,view,71606,1003,appliances.kitchen.refrigerators,apple,507.91,100056,de8729b2-431a-473a-a6ea-998360d37fd5
2024-01-07T20:02:53.000000,view,75289,1002,electronics.audio.headphone,lg,56.0,100115,f15a780e-6d16-4a81-ad40-a71fda039c4d
2024-01-07T20:05:34.000000,view,71606,1003,appliances.kitchen.refrigerators,apple,507.91,100056,de8729b2-431a-473a-a6ea-998360d37fd5
2024-01-07T20:05:35.000000,view,75289,1002,electronics.audio.headphone,lg,56.0,100115,f15a780e-6d16-4a81-ad40-a71fda039c4d
2024-01-07T20:06:03.000000,view,75289,1002,electronics.audio.headphone,lg,56.0,100115,f15a780e-6d16-4a81-ad40-a71fda039c4d
2024-01-07T21:08:08.000000,view,64336,1004,computers.notebook,lg,3041.6,100766,7c02a8d6-63aa-4d9b-8765-0cabd14e7e5e
2024-01-07T21:09:56.000000,view,64336,1004,computers.notebook,lg,3041.6,100766,7c02a8d6-63aa-4d9b-8765-0cabd14e7e5e
2024-01-07T21:10:12.000000,view,64336,1004,computers.notebook,lg,3041.6,100766,7c02a8d6-63aa-4d9b-8765-0cabd14e7e5e
2024-01-07T22:04:33.000000,view,53996,1002,electronics.audio.headphone,asus,256.22,100129,5a433154-c48f-4536-8f9a-a0cd945af9b9
2024-01-07T22:05:43.000000,view,93198,1006,auto.accessories,samsung,75.3,100226,daea7938-528c-42b0-a476-83048b078a77
2024-01-07T22:06:59.000000,view,93198,1006,auto.accessories,samsung,75.3,100226,daea7938-528c-42b0-a476-83048b078a77
2024-01-07T22:07:00.000000,view,53996,1002,electronics.audio.headphone,asus,256.22,100129,5a433154-c48f-4536-8f9a-a0cd945af9b9
2024-01-07T22:09:11.000000,view,53996,1002,electronics.audio.headphone,asus,256.22,100129,5a433154-c48f-4536-8f9a-a0cd945af9b9
2024-01-07T22:11:47.000000,view,53996,1002,electronics.audio.headphone,asus,256.22,100129,5a433154-c48f-4536-8f9a-a0cd945af9b9
2024-01-08T00:09:42.000000,view,52061,1005,apparel.shoes,bosch,58.75,100373,50dfd8d3-b591-4c47-8b75-1e4fb2a72aa4
2024-01-08T00:11:20.000000,view,52061,1005,apparel.shoes,bosch,58.75,100373,50dfd8d3-b591-4c47-8b75-1e4fb2a72aa4
2024-01-08T00:13:33.000000,view,52061,1005,apparel.shoes,bosch,58.75,100373,50dfd8d3-b591-4c47-8b75-1e4fb2a72aa4
2024-01-08T01:03:45.000000,view,96940,1003,appliances.kitchen.refrigerators,apple,1853.91,100412,e6664f75-6a9f-49d4-ac50-db94a0b5a15c
2024-01-08T02:04:22.000000,view,61194,1001,electronics.smartphone,bosch,1031.86,100860,99667ab7-21ed-43a8-8b7f-8733a91dff19
2024-01-08T02:04:57.000000,view,61194,1001,electronics.smartphone,bosch,1031.86,100860,99667ab7-21ed-43a8-8b7f-8733a91dff19
2024-01-08T02:06:29.000000,cart,61194,1001,electronics.smartphone,bosch,1031.86,100860,99667ab7-21ed-43a8-8b7f-8733a91dff19
2024-01-08T02:07:33.000000,view,80672,1002,electronics.audio.headphone,samsung,25.94,100679,294e6f9d-0ce4-4807-8941-927d4f1b30da
2024-01-08T02:07:58.000000,view,80672,1002,electronics.audio.headphone,samsung,25.94,100679,294e6f9d-0ce4-4807-8941-927d4f1b30da
2024-01-08T02:08:04.000000,purchase,61194,1001,electronics.smartphone,bosch,1031.86,100860,99667ab7-21ed-43a8-8b7f-8733a91dff19
2024-01-08T02:08:28.000000,view,75351,1003,appliances.kitchen.refrigerators,samsung,2193.79,100115,33a65f37-a7d0-444d-9987-acf3a3be072f
2024-01-08T02:10:11.000000,view,75351,1003,appliances.kitchen.refrigerators,samsung,2193.79,100115,33a65f37-a7d0-444d-9987-acf3a3be072f
2024-01-08T02:10:53.000000,view,80672,1002,electronics.audio.headphone,samsung,25.94,100679,294e6f9d-0ce4-4807-8941-927d4f1b30da
2024-01-08T02:12:40.000000,view,75351,1003,appliances.kitchen.refrigerators,samsung,2193.79,100115,33a65f37-a7d0-444d-9987-acf3a3be072f
2024-01-08T02:13:34.000000,view,75351,1003,appliances.kitchen.refrigerators,samsung,2193.79,100115,33a65f37-a7d0-444d-9987-acf3a3be072f
2024-01-08T08:00:00.000000,view,85150,1002,electronics.audio.headphone,nike,242.65,100180,30d2a0c5-731c-428b-bb29-ed7a9ad8b6f2
2024-01-08T08:02:14.000000,view,85150,1002,electronics.audio.headphone,nike,242.65,100180,30d2a0c5-731c-428b-bb29-ed7a9ad8b6f2
2024-01-08T08:03:23.000000,cart,85150,1002,electronics.audio.headphone,nike,242.65,100180,30d2a0c5-731c-428b-bb29-ed7a9ad8b6f2
2024-01-08T09:00:00.000000,view,90004,1003,appliances.kitchen.refrigerators,apple,691.6,100649,543e4162-e263-4889-9e86-54b6742db159
2024-01-08T09:00:00.000000,view,81293,1006,auto.accessories,lg,50.47,100663,a9cbb1c8-0d82-44fa-98e8-57fa839388e6
2024-01-08T09:00:37.000000,view,90004,1003,appliances.kitchen.refrigerators,apple,691.6,100649,543e4162-e263-4889-9e86-54b6742db159
2024-01-08T09:02:12.000000,view,81293,1006,auto.accessories,lg,50.47,100663,a9cbb1c8-0d82-44fa-98e8-57fa839388e6
2024-01-08T09:03:35.000000,view,90004,1003,appliances.kitchen.refrigerators,apple,691.6,100649,543e4162-e263-4889-9e86-54b6742db159
2024-01-08T09:04:07.000000,view,90004,1003,appliances.kitchen.refrigerators,apple,691.6,100649,543e4162-e263-4889-9e86-54b6742db159
2024-01-08T09:04:30.000000,cart,81293,1006,auto.accessories,lg,50.47,100663,a9cbb1c8-0d82-44fa-98e8-57fa839388e6
2024-01-08T09:05:37.000000,cart,90004,1003,appliances.kitchen.refrigerators,apple,691.6,100649,543e4162-e263-4889-9e86-54b6742db159
2024-01-08T09:06:12.000000,purchase,81293,1006,auto.accessories,lg,50.47,100663,a9cbb1c8-0d82-44fa-98e8-57fa839388e6
2024-01-08T09:16:20.000000,view,57968,1006,auto.accessories,xiaomi,41.03,100373,f4097bc7-a242-4164-87e7-00e32173ef6c
2024-01-08T09:18:47.000000,cart,57968,1006,auto.accessories,xiaomi,41.03,100373,f4097bc7-a242-4164-87e7-00e32173ef6c
2024-01-08T10:00:00.000000,view,63538,1006,auto.accessories,lg,69.06,100737,90c54221-1e5c-4fbe-9ab3-1f470c1a18e8
2024-01-08T10:02:25.000000,view,63538,1006,auto.accessories,lg,69.06,100737,90c54221-1e5c-4fbe-9ab3-1f470c1a18e8
2024-01-08T10:04:42.000000,view,63538,1006,auto.accessories,lg,69.06,100737,90c54221-1e5c-4fbe-9ab3-1f470c1a18e8
2024-01-08T10:05:21.000000,view,95286,1001,electronics.smartphone,apple,1099.13,100012,a99be13a-fc5e-434a-809f-32fb185b0e71
2024-01-08T10:05:44.000000,cart,63538,1006,auto.accessories,lg,69.06,100737,90c54221-1e5c-4fbe-9ab3-1f470c1a18e8
2024-01-08T10:06:50.000000,purchase,63538,1006,auto.accessories,lg,69.06,100737,90c54221-1e5c-4fbe-9ab3-1f470c1a18e8
2024-01-08T11:00:00.000000,view,88278,1004,computers.notebook,bosch,3332.79,100020,8fe88287-72f7-4ec2-8abb-a33c7f78abfc
2024-01-08T11:00:00.000000,view,66921,1001,electronics.smartphone,bosch,1059.46,100975,78b4f6ac-1f4e-4b23-a019-e4f60e820697
2024-01-08T11:01:16.000000,view,66921,1001,electronics.smartphone,bosch,1059.46,100975,78b4f6ac-1f4e-4b23-a019-e4f60e820697
2024-01-08T11:02:37.000000,cart,88278,1004,computers.notebook,bosch,3332.79,100020,8fe88287-72f7-4ec2-8abb-a33c7f78abfc
2024-01-08T12:00:00.000000,view,56673,1004,computers.notebook,apple,2500.45,100302,7801bd83-e627-422d-8faf-16e391ee2e2f
2024-01-08T12:00:00.000000,view,88171,1001,electronics.smartphone,nike,978.67,100330,15726626-ac9b-41ab-80e7-bf48f3e99afd
2024-01-08T12:00:00.000000,view,87930,1003,appliances.kitchen.refrigerators,lg,1846.77,100643,e4a157e6-8e7d-42d4-888e-0dc9a4a13476
2024-01-08T12:00:00.000000,view,92993,1003,appliances.kitchen.refrigerators,xiaomi,379.59,100671,9be46878-a9b5-4c5d-a53e-b32ba8cbb1df
2024-01-08T12:00:34.000000,cart,88171,1001,electronics.smartphone,nike,978.67,100330,15726626-ac9b-41ab-80e7-bf48f3e99afd
2024-01-08T12:00:36.000000,view,87930,1003,appliances.kitchen.refrigerators,lg,1846.77,100643,e4a157e6-8e7d-42d4-888e-0dc9a4a13476
2024-01-08T12:01:50.000000,view,92993,1003,appliances.kitchen.refrigerators,xiaomi,379.59,100671,9be46878-a9b5-4c5d-a53e-b32ba8cbb1df
2024-01-08T12:01:56.000000,view,87930,1003,appliances.kitchen.refrigerators,lg,1846.77,100643,e4a157e6-8e7d-42d4-888e-0dc9a4a13476
2024-01-08T12:02:30.000000,purchase,88171,1001,electronics.smartphone,nike,978.67,100330,15726626-ac9b-41ab-80e7-bf48f3e99afd
2024-01-08T12:02:50.000000,view,92993,1003,appliances.kitchen.refrigerators,xiaomi,379.59,100671,9be46878-a9b5-4c5d-a53e-b32ba8cbb1df
2024-01-08T12:04:01.000000,view,87930,1003,appliances.kitchen.refrigerators,lg,1846.77,100643,e4a157e6-8e7d-42d4-888e-0dc9a4a13476
2024-01-08T12:04:18.000000,view,92993,1003,appliances.kitchen.refrigerators,xiaomi,379.59,100671,9be46878-a9b5-4c5d-a53e-b32ba8cbb1df
2024-01-08T12:04:46.000000,cart,87930,1003,appliances.kitchen.refrigerators,lg,1846.77,100643,e4a157e6-8e7d-42d4-888e-0dc9a4a13476
2024-01-08T12:05:30.000000,purchase,87930,1003,appliances.kitchen.refrigerators,lg,1846.77,100643,e4a157e6-8e7d-42d4-888e-0dc9a4a13476
2024-01-08T14:00:00.000000,view,79800,1001,electronics.smartphone,bosch,246.26,100040,e501dcf9-662c-4d4e-ae99-ec6e1728bffd
2024-01-08T14:02:54.000000,view,79800,1001,electronics.smartphone,bosch,246.26,100040,e501dcf9-662c-4d4e-ae99-ec6e1728bffd
2024-01-08T14:04:09.000000,view,53899,1006,auto.accessories,apple,98.89,100748,bb7e32b8-ae4b-4bc8-a1b8-f7115f51acda
2024-01-08T14:04:44.000000,view,53899,1006,auto.accessories,apple,98.89,100748,bb7e32b8-ae4b-4bc8-a1b8-f7115f51acda
2024-01-08T14:07:36.000000,view,53899,1006,auto.accessories,apple,98.89,100748,bb7e32b8-ae4b-4bc8-a1b8-f7115f51acda
2024-01-08T14:08:22.000000,cart,53899,1006,auto.accessories,apple,98.89,100748,bb7e32b8-ae4b-4bc8-a1b8-f7115f51acda
2024-01-08T15:00:00.000000,view,57075,1004,computers.notebook,nike,1919.83,100043,c4936139-73ac-4376-b662-60152596432b
2024-01-08T15:00:00.000000,view,89934,1005,apparel.shoes,nike,139.57,100845,0d006635-693d-41cf-b7fc-40058a999899
2024-01-08T15:00:28.000000,view,57075,1004,computers.notebook,nike,1919.83,100043,c4936139-73ac-4376-b662-60152596432b
2024-01-08T15:00:58.000000,view,57075,1004,computers.notebook,nike,1919.83,100043,c4936139-73ac-4376-b662-60152596432b
2024-01-08T15:02:30.000000,view,57075,1004,computers.notebook,nike,1919.83,100043,c4936139-73ac-4376-b662-60152596432b
2024-01-08T15:02:31.000000,view,89934,1005,apparel.shoes,nike,139.57,100845,0d006635-693d-41cf-b7fc-40058a999899
2024-01-08T15:03:37.000000,cart,89934,1005,apparel.shoes,nike,139.57,100845,0d006635-693d-41cf-b7fc-40058a999899
2024-01-08T15:05:15.000000,cart,57075,1004,computers.notebook,nike,1919.83,100043,c4936139-73ac-4376-b662-60152596432b
2024-01-08T15:05:46.000000,purchase,57075,1004,computers.notebook,nike,1919.83,100043,c4936139-73ac-4376-b662-60152596432b
2024-01-08T15:16:35.000000,view,72038,1004,computers.notebook,apple,3463.92,100136,16692a95-27c6-4287-bd20-bf2e5ae48b33
2024-01-08T15:17:55.000000,view,72038,1004,computers.notebook,apple,3463.92,100136,16692a95-27c6-4287-bd20-bf2e5ae48b33
2024-01-08T15:19:11.000000,view,72038,1004,computers.notebook,apple,3463.92,100136,16692a95-27c6-4287-bd20-bf2e5ae48b33
2024-01-08T16:00:00.000000,view,65023,1006,auto.accessories,lg,92.07,100685,dc303944-10ff-4f4a-b823-beffe9bfa1ee
2024-01-08T16:02:58.000000,view,65023,1006,auto.accessories,lg,92.07,100685,dc303944-10ff-4f4a-b823-beffe9bfa1ee
2024-01-08T16:04:41.000000,view,65023,1006,auto.accessories,lg,92.07,100685,dc303944-10ff-4f4a-b823-beffe9bfa1ee
2024-01-08T16:06:29.000000,view,65023,1006,auto.accessories,lg,92.07,100685,dc303944-10ff-4f4a-b823-beffe9bfa1ee
2024-01-08T16:06:55.000000,cart,65023,1006,auto.accessories,lg,92.07,100685,dc303944-10ff-4f4a-b823-beffe9bfa1ee
2024-01-08T17:03:17.000000,view,69827,1002,electronics.audio.headphone,xiaomi,96.5,100851,85ad1db5-f439-4bee-b52d-f31730b93182
2024-01-08T17:04:42.000000,view,69827,1002,electronics.audio.headphone,xiaomi,96.5,100851,85ad1db5-f439-4bee-b52d-f31730b93182
2024-01-08T17:04:53.000000,view,69827,1002,electronics.audio.headphone,xiaomi,96.5,100851,85ad1db5-f439-4bee-b52d-f31730b93182
2024-01-08T17:05:39.000000,view,69827,1002,electronics.audio.headphone,xiaomi,96.5,100851,85ad1db5-f439-4bee-b52d-f31730b93182
2024-01-08T17:06:40.000000,cart,69827,1002,electronics.audio.headphone,xiaomi,96.5,100851,85ad1db5-f439-4bee-b52d-f31730b93182
2024-01-08T18:00:00.000000,view,95011,1001,electronics.smartphone,xiaomi,821.04,100575,8fa7a01b-37a0-42fc-b41c-d9790369014d
2024-01-08T18:00:00.000000,view,92469,1006,auto.accessories,asus,61.11,100895,57483cf4-e885-4ab5-85a3-119e0737c364
2024-01-08T18:01:11.000000,view,95011,1001,electronics.smartphone,xiaomi,821.04,100575,8fa7a01b-37a0-42fc-b41c-d9790369014d
2024-01-08T18:01:46.000000,cart,92469,1006,auto.accessories,asus,61.11,100895,57483cf4-e885-4ab5-85a3-119e0737c364
2024-01-08T18:02:13.000000,view,95011,1001,electronics.smartphone,xiaomi,821.04,100575,8fa7a01b-37a0-42fc-b41c-d9790369014d
2024-01-08T18:02:44.000000,purchase,92469,1006,auto.accessories,asus,61.11,100895,57483cf4-e885-4ab5-85a3-119e0737c364
2024-01-08T18:03:18.000000,cart,95011,1001,electronics.smartphone,xiaomi,821.04,100575,8fa7a01b-37a0-42fc-b41c-d9790369014d
2024-01-08T20:00:00.000000,view,94431,1004,computers.notebook,nike,1291.0,100401,c5afe7b5-0ea0-472e-b38e-29b6bc975974
2024-01-08T20:00:00.000000,view,94395,1003,appliances.kitchen.refrigerators,nike,2046.04,100973,14f0c434-33d5-4d66-9843-8311381f7e17
2024-01-08T20:01:58.000000,view,94431,1004,computers.notebook,nike,1291.0,100401,c5afe7b5-0ea0-472e-b38e-29b6bc975974
2024-01-08T20:04:34.000000,view,94431,1004,computers.notebook,nike,1291.0,100401,c5afe7b5-0ea0-472e-b38e-29b6bc975974
2024-01-08T20:05:21.000000,view,58289,1002,electronics.audio.headphone,samsung,261.5,100621,c60f92ba-9403-4d64-b6a8-a7a1c62ee94b
2024-01-08T20:06:58.000000,cart,58289,1002,electronics.audio.headphone,samsung,261.5,100621,c60f92ba-9403-4d64-b6a8-a7a1c62ee94b
2024-01-08T20:07:09.000000,view,94431,1004,computers.notebook,nike,1291.0,100401,c5afe7b5-0ea0-472e-b38e-29b6bc975974
2024-01-08T20:09:31.000000,cart,94431,1004,computers.notebook,nike,1291.0,100401,c5afe7b5-0ea0-472e-b38e-29b6bc975974
2024-01-08T20:10:34.000000,purchase,94431,1004,computers.notebook,nike,1291.0,100401,c5afe7b5-0ea0-472e-b38e-29b6bc975974
2024-01-08T21:02:45.000000,view,98647,1004,computers.notebook,lg,1574.59,100732,26cd89b4-b9fd-435a-993d-06f4b195a263
2024-01-08T21:05:26.000000,view,98647,1004,computers.notebook,lg,1574.59,100732,26cd89b4-b9fd-435a-993d-06f4b195a263
2024-01-08T22:07:45.000000,view,54765,1003,appliances.kitchen.refrigerators,asus,2058.42,100685,5bc36bcc-22dd-4f76-9b99-9886e41500d2
2024-01-08T22:09:29.000000,cart,54765,1003,appliances.kitchen.refrigerators,asus,2058.42,100685,5bc36bcc-22dd-4f76-9b99-9886e41500d2
2024-01-08T22:10:49.000000,view,97132,1003,appliances.kitchen.refrigerators,lg,1935.75,100766,54b064d9-2511-4b00-b38b-740ec513ab5a
2024-01-08T22:11:16.000000,purchase,54765,1003,appliances.kitchen.refrigerators,asus,2058.42,100685,5bc36bcc-22dd-4f76-9b99-9886e41500d2
2024-01-08T22:12:18.000000,view,97132,1003,appliances.kitchen.refrigerators,lg,1935.75,100766,54b064d9-2511-4b00-b38b-740ec513ab5a
2024-01-09T01:11:58.000000,view,89597,1001,electronics.smartphone,bosch,1161.33,100143,da7b8852-9fea-4791-ae12-56427eb33cef
2024-01-09T01:14:18.000000,view,89597,1001,electronics.smartphone,bosch,1161.33,100143,da7b8852-9fea-4791-ae12-56427eb33cef
2024-01-09T01:16:51.000000,view,89597,1001,electronics.smartphone,bosch,1161.33,100143,da7b8852-9fea-4791-ae12-56427eb33cef
2024-01-09T02:05:38.000000,view,83544,1006,auto.accessories,apple,121.5,100922,c78dd6f7-eaf2-4950-818a-e9bd174c7ebd
2024-01-09T03:05:10.000000,view,70648,1003,appliances.kitchen.refrigerators,asus,2243.66,100575,7d2b4bdb-473a-4109-b95c-d09f8444434d
2024-01-09T03:05:48.000000,view,97948,1002,electronics.audio.headphone,xiaomi,208.9,100412,fad8864d-3fcb-4727-a492-ae37355f03f9
2024-01-09T03:06:18.000000,view,97948,1002,electronics.audio.headphone,xiaomi,208.9,100412,fad8864d-3fcb-4727-a492-ae37355f03f9
2024-01-09T03:07:24.000000,view,97948,1002,electronics.audio.headphone,xiaomi,208.9,100412,fad8864d-3fcb-4727-a492-ae37355f03f9
2024-01-09T03:07:53.000000,cart,97948,1002,electronics.audio.headphone,xiaomi,208.9,100412,fad8864d-3fcb-4727-a492-ae37355f03f9
2024-01-09T03:09:12.000000,purchase,97948,1002,electronics.audio.headphone,xiaomi,208.9,100412,fad8864d-3fcb-4727-a492-ae37355f03f9
2024-01-09T06:08:18.000000,view,72925,1006,auto.accessories,samsung,56.88,100056,5765b761-8883-4c32-ad72-d2e27c7506b5
2024-01-09T06:09:01.000000,view,72925,1006,auto.accessories,samsung,56.88,100056,5765b761-8883-4c32-ad72-d2e27c7506b5
2024-01-09T06:11:43.000000,view,72925,1006,auto.accessories,samsung,56.88,100056,5765b761-8883-4c32-ad72-d2e27c7506b5
2024-01-09T06:12:14.000000,view,72925,1006,auto.accessories,samsung,56.88,100056,5765b761-8883-4c32-ad72-d2e27c7506b5
2024-01-09T09:00:00.000000,view,78686,1002,electronics.audio.headphone,nike,63.57,100322,e5507dec-bede-4940-8682-fdce8c9bdca5
2024-01-09T09:00:51.000000,view,78686,1002,electronics.audio.headphone,nike,63.57,100322,e5507dec-bede-4940-8682-fdce8c9bdca5
2024-01-09T09:01:44.000000,view,78686,1002,electronics.audio.headphone,nike,63.57,100322,e5507dec-bede-4940-8682-fdce8c9bdca5
2024-01-09T10:00:00.000000,view,64915,1001,electronics.smartphone,samsung,406.14,100454,f796e6eb-3e19-4819-9437-daec3a782482
2024-01-09T10:02:08.000000,view,64915,1001,electronics.smartphone,samsung,406.14,100454,f796e6eb-3e19-4819-9437-daec3a782482
2024-01-09T10:02:43.000000,view,64915,1001,electronics.smartphone,samsung,406.14,100454,f796e6eb-3e19-4819-9437-daec3a782482
2024-01-09T10:05:10.000000,view,64915,1001,electronics.smartphone,samsung,406.14,100454,f796e6eb-3e19-4819-9437-daec3a782482
2024-01-09T10:05:33.000000,cart,64915,1001,electronics.smartphone,samsung,406.14,100454,f796e6eb-3e19-4819-9437-daec3a782482
2024-01-09T10:07:09.000000,purchase,64915,1001,electronics.smartphone,samsung,406.14,100454,f796e6eb-3e19-4819-9437-daec3a782482
2024-01-09T11:00:00.000000,view,93523,1001,electronics.smartphone,bosch,326.28,100324,4d2c8f05-eca5-4f8a-912e-d5366eabc03a
2024-01-09T11:00:21.000000,view,93523,1001,electronics.smartphone,bosch,326.28,100324,4d2c8f05-eca5-4f8a-912e-d5366eabc03a
2024-01-09T11:01:58.000000,view,75614,1005,apparel.shoes,nike,66.95,100322,62ce649d-5fc1-43b5-a919-f0893bc6cea4
2024-01-09T11:03:17.000000,cart,75614,1005,apparel.shoes,nike,66.95,100322,62ce649d-5fc1-43b5-a919-f0893bc6cea4
2024-01-09T11:04:17.000000,purchase,75614,1005,apparel.shoes,nike,66.95,100322,62ce649d-5fc1-43b5-a919-f0893bc6cea4
2024-01-09T12:00:00.000000,view,65639,1006,auto.accessories,bosch,22.82,100116,67353563-3f06-4bbc-9280-fb63d3168a9f
2024-01-09T12:00:00.000000,view,73430,1001,electronics.smartphone,lg,844.66,100520,dbc91be7-148a-46dc-842c-2c6ccc39fab0
2024-01-09T12:02:01.000000,cart,65639,1006,auto.accessories,bosch,22.82,100116,67353563-3f06-4bbc-9280-fb63d3168a9f
2024-01-09T12:02:42.000000,cart,73430,1001,electronics.smartphone,lg,844.66,100520,dbc91be7-148a-46dc-842c-2c6ccc39fab0
2024-01-09T12:03:46.000000,purchase,73430,1001,electronics.smartphone,lg,844.66,100520,dbc91be7-148a-46dc-842c-2c6ccc39fab0
2024-01-09T12:07:44.000000,view,56545,1004,computers.notebook,samsung,2081.34,100454,45af7e6b-f650-4109-8516-df03405d1323
2024-01-09T12:10:27.000000,view,56545,1004,computers.notebook,samsung,2081.34,100454,45af7e6b-f650-4109-8516-df03405d1323
2024-01-09T12:12:41.000000,cart,56545,1004,computers.notebook,samsung,2081.34,100454,45af7e6b-f650-4109-8516-df03405d1323
2024-01-09T13:00:00.000000,view,70036,1004,computers.notebook,nike,1666.64,100731,aa7f3803-3820-4ddd-8769-d73f2484235c
2024-01-09T13:01:33.000000,view,70036,1004,computers.notebook,nike,1666.64,100731,aa7f3803-3820-4ddd-8769-d73f2484235c
2024-01-09T14:06:03.000000,view,60318,1004,computers.notebook,xiaomi,2285.05,100833,95afcb02-194b-4eeb-b796-08ff9053f466
2024-01-09T14:06:36.000000,view,60318,1004,computers.notebook,xiaomi,2285.05,100833,95afcb02-194b-4eeb-b796-08ff9053f466
2024-01-09T14:08:23.000000,view,60318,1004,computers.notebook,xiaomi,2285.05,100833,95afcb02-194b-4eeb-b796-08ff9053f466
2024-01-09T15:00:00.000000,view,60795,1001,electronics.smartphone,asus,409.42,100527,dfce3a6d-ec1a-4d32-b316-9510a2911646
2024-01-09T15:02:47.000000,view,73789,1002,electronics.audio.headphone,lg,35.12,100296,f283f953-429d-4b91-bbed-ce13151087eb
2024-01-09T15:02:50.000000,view,60795,1001,electronics.smartphone,asus,409.42,100527,dfce3a6d-ec1a-4d32-b316-9510a2911646
2024-01-09T15:04:32.000000,view,60795,1001,electronics.smartphone,asus,409.42,100527,dfce3a6d-ec1a-4d32-b316-9510a2911646
2024-01-09T15:05:32.000000,view,73789,1002,electronics.audio.headphone,lg,35.12,100296,f283f953-429d-4b91-bbed-ce13151087eb
2024-01-09T15:05:39.000000,view,60795,1001,electronics.smartphone,asus,409.42,100527,dfce3a6d-ec1a-4d32-b316-9510a2911646
2024-01-09T15:06:35.000000,view,73789,1002,electronics.audio.headphone,lg,35.12,100296,f283f953-429d-4b91-bbed-ce13151087eb
2024-01-09T15:06:46.000000,view,73789,1002,electronics.audio.headphone,lg,35.12,100296,f283f953-429d-4b91-bbed-ce13151087eb
2024-01-09T15:20:07.000000,view,51933,1001,electronics.smartphone,samsung,493.92,100373,286878a6-943e-4dd4-a081-b59ac904d7c5
2024-01-09T15:20:38.000000,view,51933,1001,electronics.smartphone,samsung,493.92,100373,286878a6-943e-4dd4-a081-b59ac904d7c5
2024-01-09T15:21:20.000000,cart,51933,1001,electronics.smartphone,samsung,493.92,100373,286878a6-943e-4dd4-a081-b59ac904d7c5
2024-01-09T15:22:36.000000,purchase,51933,1001,electronics.smartphone,samsung,493.92,100373,286878a6-943e-4dd4-a081-b59ac904d7c5
2024-01-09T16:00:00.000000,view,71949,1002,electronics.audio.headphone,samsung,90.62,100244,e3a6cc74-a4de-4536-ae18-10fcd9e1f686
2024-01-09T16:00:00.000000,view,62754,1002,electronics.audio.headphone,nike,93.42,100484,8bb9a69f-6197-4a8a-b434-c0aa12aa578c
2024-01-09T16:00:56.000000,view,62754,1002,electronics.audio.headphone,nike,93.42,100484,8bb9a69f-6197-4a8a-b434-c0aa12aa578c
2024-01-09T17:00:00.000000,view,67014,1001,electronics.smartphone,samsung,1130.24,100297,6956277a-a363-492c-bf61-cbce486db76c
2024-01-09T17:02:23.000000,view,67014,1001,electronics.smartphone,samsung,1130.24,100297,6956277a-a363-492c-bf61-cbce486db76c
2024-01-09T17:03:43.000000,cart,67014,1001,electronics.smartphone,samsung,1130.24,100297,6956277a-a363-492c-bf61-cbce486db76c
2024-01-09T17:05:24.000000,purchase,67014,1001,electronics.smartphone,samsung,1130.24,100297,6956277a-a363-492c-bf61-cbce486db76c
2024-01-09T18:00:00.000000,view,82344,1003,appliances.kitchen.refrigerators,bosch,2208.82,100954,469732f9-c069-40f3-94aa-4a4c42cded8a
2024-01-09T18:00:37.000000,view,82344,1003,appliances.kitchen.refrigerators,bosch,2208.82,100954,469732f9-c069-40f3-94aa-4a4c42cded8a
2024-01-09T18:02:12.000000,view,74844,1004,computers.notebook,lg,928.5,100345,dca0a4ef-66d3-49c1-a9de-271046516a4b
2024-01-09T18:02:52.000000,view,98989,1004,computers.notebook,asus,2677.37,100020,0152c37d-ab5d-42fa-a5a8-0317487920e8
2024-01-09T18:05:06.000000,view,98989,1004,computers.notebook,asus,2677.37,100020,0152c37d-ab5d-42fa-a5a8-0317487920e8
2024-01-09T18:05:16.000000,view,50510,1001,electronics.smartphone,samsung,773.23,100410,5540d456-9a68-4e45-8779-69ed8a5e5fe3
2024-01-09T18:06:12.000000,cart,98989,1004,computers.notebook,asus,2677.37,100020,0152c37d-ab5d-42fa-a5a8-0317487920e8
2024-01-09T18:07:29.000000,purchase,98989,1004,computers.notebook,asus,2677.37,100020,0152c37d-ab5d-42fa-a5a8-0317487920e8
2024-01-09T18:08:12.000000,view,50510,1001,electronics.smartphone,samsung,773.23,100410,5540d456-9a68-4e45-8779-69ed8a5e5fe3
2024-01-09T18:10:18.000000,view,50510,1001,electronics.smartphone,samsung,773.23,100410,5540d456-9a68-4e45-8779-69ed8a5e5fe3
2024-01-09T18:12:05.000000,cart,50510,1001,electronics.smartphone,samsung,773.23,100410,5540d456-9a68-4e45-8779-69ed8a5e5fe3
2024-01-09T19:00:00.000000,view,78232,1003,appliances.kitchen.refrigerators,samsung,2165.87,100626,3d52851a-1e0c-44bc-abfc-875b5ced227d
2024-01-09T19:00:16.000000,view,78232,1003,appliances.kitchen.refrigerators,samsung,2165.87,100626,3d52851a-1e0c-44bc-abfc-875b5ced227d
2024-01-09T22:01:25.000000,view,89293,1004,computers.notebook,samsung,2841.17,100302,5c6146c3-9a3e-45da-bf6a-346b6ab94b1f
2024-01-09T22:03:31.000000,cart,89293,1004,computers.notebook,samsung,2841.17,100302,5c6146c3-9a3e-45da-bf6a-346b6ab94b1f
2024-01-09T22:05:27.000000,purchase,89293,1004,computers.notebook,samsung,2841.17,100302,5c6146c3-9a3e-45da-bf6a-346b6ab94b1f
2024-01-10T01:03:04.000000,view,65923,1005,apparel.shoes,xiaomi,42.23,100666,8be71fa8-420c-45ce-ba8f-1ff38bfa3ca0
2024-01-10T01:03:36.000000,cart,65923,1005,apparel.shoes,xiaomi,42.23,100666,8be71fa8-420c-45ce-ba8f-1ff38bfa3ca0
2024-01-10T01:04:47.000000,purchase,65923,1005,apparel.shoes,xiaomi,42.23,100666,8be71fa8-420c-45ce-ba8f-1ff38bfa3ca0
2024-01-10T02:00:56.000000,view,85981,1006,auto.accessories,nike,64.46,100773,89d3de7e-2a87-4f05-bf91-4446de37c8b9
2024-01-10T02:03:05.000000,view,85981,1006,auto.accessories,nike,64.46,100773,89d3de7e-2a87-4f05-bf91-4446de37c8b9
2024-01-10T02:05:23.000000,view,85981,1006,auto.accessories,nike,64.46,100773,89d3de7e-2a87-4f05-bf91-4446de37c8b9
2024-01-10T02:05:41.000000,cart,85981,1006,auto.accessories,nike,64.46,100773,89d3de7e-2a87-4f05-bf91-4446de37c8b9
2024-01-10T02:07:19.000000,purchase,85981,1006,auto.accessories,nike,64.46,100773,89d3de7e-2a87-4f05-bf91-4446de37c8b9
2024-01-10T04:14:33.000000,view,55444,1005,apparel.shoes,lg,118.59,100766,15e7f51a-ffd7-4c85-8c4d-8a4cf4e30d42
2024-01-10T04:16:59.000000,view,55444,1005,apparel.shoes,lg,118.59,100766,15e7f51a-ffd7-4c85-8c4d-8a4cf4e30d42
2024-01-10T04:17:52.000000,view,55444,1005,apparel.shoes,lg,118.59,100766,15e7f51a-ffd7-4c85-8c4d-8a4cf4e30d42
2024-01-10T04:18:43.000000,view,55444,1005,apparel.shoes,lg,118.59,100766,15e7f51a-ffd7-4c85-8c4d-8a4cf4e30d42
2024-01-10T07:17:53.000000,view,53556,1003,appliances.kitchen.refrigerators,bosch,2096.5,100143,8dd5cc51-8e4d-4572-83fe-9b38bf425f38
2024-01-10T07:19:27.000000,view,53556,1003,appliances.kitchen.refrigerators,bosch,2096.5,100143,8dd5cc51-8e4d-4572-83fe-9b38bf425f38
2024-01-10T07:22:00.000000,view,53556,1003,appliances.kitchen.refrigerators,bosch,2096.5,100143,8dd5cc51-8e4d-4572-83fe-9b38bf425f38
2024-01-10T07:24:48.000000,view,53556,1003,appliances.kitchen.refrigerators,bosch,2096.5,100143,8dd5cc51-8e4d-4572-83fe-9b38bf425f38
2024-01-10T08:00:00.000000,view,54801,1005,apparel.shoes,apple,126.02,100010,db95175f-baf1-4931-bb81-46498074b35b
2024-01-10T08:00:00.000000,view,92256,1004,computers.notebook,asus,1596.77,100494,18afeb89-0997-4cef-b1fb-296b96087943
2024-01-10T08:00:43.000000,view,54801,1005,apparel.shoes,apple,126.02,100010,db95175f-baf1-4931-bb81-46498074b35b
2024-01-10T08:02:05.000000,view,92256,1004,computers.notebook,asus,1596.77,100494,18afeb89-0997-4cef-b1fb-296b96087943
2024-01-10T08:02:22.000000,view,54801,1005,apparel.shoes,apple,126.02,100010,db95175f-baf1-4931-bb81-46498074b35b
2024-01-10T08:02:27.000000,view,68957,1002,electronics.audio.headphone,asus,89.39,100087,a24506e2-05f7-4bd2-a990-8feb4bc2de8b
2024-01-10T08:03:15.000000,view,92256,1004,computers.notebook,asus,1596.77,100494,18afeb89-0997-4cef-b1fb-296b96087943
2024-01-10T08:05:04.000000,view,68957,1002,electronics.audio.headphone,asus,89.39,100087,a24506e2-05f7-4bd2-a990-8feb4bc2de8b
2024-01-10T08:05:30.000000,view,92256,1004,computers.notebook,asus,1596.77,100494,18afeb89-0997-4cef-b1fb-296b96087943
2024-01-10T08:07:47.000000,view,68957,1002,electronics.audio.headphone,asus,89.39,100087,a24506e2-05f7-4bd2-a990-8feb4bc2de8b
2024-01-10T08:08:16.000000,cart,92256,1004,computers.notebook,asus,1596.77,100494,18afeb89-0997-4cef-b1fb-296b96087943
2024-01-10T08:09:19.000000,cart,68957,1002,electronics.audio.headphone,asus,89.39,100087,a24506e2-05f7-4bd2-a990-8feb4bc2de8b
2024-01-10T08:09:52.000000,purchase,92256,1004,computers.notebook,asus,1596.77,100494,18afeb89-0997-4cef-b1fb-296b96087943
2024-01-10T09:00:00.000000,view,98890,1001,electronics.smartphone,nike,1050.14,100580,7c714c43-4386-4d35-a4a0-e8d3962a61ca
2024-01-10T09:00:43.000000,view,98890,1001,electronics.smartphone,nike,1050.14,100580,7c714c43-4386-4d35-a4a0-e8d3962a61ca
2024-01-10T09:03:06.000000,view,98890,1001,electronics.smartphone,nike,1050.14,100580,7c714c43-4386-4d35-a4a0-e8d3962a61ca
2024-01-10T11:00:00.000000,view,85928,1005,apparel.shoes,nike,157.43,100404,82a87070-f4f2-49e6-a0b2-920f40cb9ad6
2024-01-10T12:00:00.000000,view,52293,1001,electronics.smartphone,xiaomi,1093.45,100516,420aa4b3-e1c4-4e08-b556-0cca3f9c2475
2024-01-10T12:00:46.000000,view,52293,1001,electronics.smartphone,xiaomi,1093.45,100516,420aa4b3-e1c4-4e08-b556-0cca3f9c2475
2024-01-10T12:02:03.000000,view,52293,1001,electronics.smartphone,xiaomi,1093.45,100516,420aa4b3-e1c4-4e08-b556-0cca3f9c2475
2024-01-10T13:00:00.000000,view,86632,1004,computers.notebook,asus,2008.73,100286,45531d42-72cb-4a41-b3e0-3f3494ff5d61
2024-01-10T13:01:17.000000,view,86632,1004,computers.notebook,asus,2008.73,100286,45531d42-72cb-4a41-b3e0-3f3494ff5d61
2024-01-10T13:03:56.000000,view,86632,1004,computers.notebook,asus,2008.73,100286,45531d42-72cb-4a41-b3e0-3f3494ff5d61
2024-01-10T13:06:13.000000,view,86632,1004,computers.notebook,asus,2008.73,100286,45531d42-72cb-4a41-b3e0-3f3494ff5d61
2024-01-10T15:00:00.000000,view,62742,1006,auto.accessories,asus,111.98,100017,976984cd-e4b1-4f45-ba4a-acbd1b585eb2
2024-01-10T15:00:00.000000,view,85311,1004,computers.notebook,nike,2288.53,100734,d79558c7-cd01-4930-8e5e-c3dd181d3383
2024-01-10T15:00:45.000000,cart,85311,1004,computers.notebook,nike,2288.53,100734,d79558c7-cd01-4930-8e5e-c3dd181d3383
2024-01-10T15:02:09.000000,purchase,85311,1004,computers.notebook,nike,2288.53,100734,d79558c7-cd01-4930-8e5e-c3dd181d3383
2024-01-10T15:02:16.000000,view,62742,1006,auto.accessories,asus,111.98,100017,976984cd-e4b1-4f45-ba4a-acbd1b585eb2
2024-01-10T15:04:08.000000,view,62742,1006,auto.accessories,asus,111.98,100017,976984cd-e4b1-4f45-ba4a-acbd1b585eb2
2024-01-10T15:05:20.000000,view,62742,1006,auto.accessories,asus,111.98,100017,976984cd-e4b1-4f45-ba4a-acbd1b585eb2
2024-01-10T17:00:00.000000,view,99558,1004,computers.notebook,nike,1749.14,100374,18859708-1d8b-4dba-a3c2-7178b8df10cc
2024-01-10T17:01:00.000000,view,99558,1004,computers.notebook,nike,1749.14,100374,18859708-1d8b-4dba-a3c2-7178b8df10cc
2024-01-10T17:02:00.000000,view,99558,1004,computers.notebook,nike,1749.14,100374,18859708-1d8b-4dba-a3c2-7178b8df10cc
2024-01-10T17:06:07.000000,view,61526,1004,computers.notebook,samsung,2892.74,100017,b16d521f-f80e-4afd-a822-bebc597565c6
2024-01-10T17:06:29.000000,view,61526,1004,computers.notebook,samsung,2892.74,100017,b16d521f-f80e-4afd-a822-bebc597565c6
2024-01-10T17:09:01.000000,view,61526,1004,computers.notebook,samsung,2892.74,100017,b16d521f-f80e-4afd-a822-bebc597565c6
2024-01-10T17:10:14.000000,view,61526,1004,computers.notebook,samsung,2892.74,100017,b16d521f-f80e-4afd-a822-bebc597565c6
2024-01-10T18:00:00.000000,view,57380,1002,electronics.audio.headphone,xiaomi,183.01,100555,eed04d92-b5bf-4163-8dd4-a8f079a9250e
2024-01-10T18:00:00.000000,view,74299,1002,electronics.audio.headphone,samsung,145.93,100968,17579476-7576-4283-be90-2b3be9b14741
2024-01-10T18:00:32.000000,view,74299,1002,electronics.audio.headphone,samsung,145.93,100968,17579476-7576-4283-be90-2b3be9b14741
2024-01-10T18:00:38.000000,view,57380,1002,electronics.audio.headphone,xiaomi,183.01,100555,eed04d92-b5bf-4163-8dd4-a8f079a9250e
2024-01-10T18:01:13.000000,view,56170,1003,appliances.kitchen.refrigerators,apple,2381.52,100484,01935140-879e-40bd-ae94-e11b23a82281
2024-01-10T18:02:44.000000,view,74299,1002,electronics.audio.headphone,samsung,145.93,100968,17579476-7576-4283-be90-2b3be9b14741
2024-01-10T18:02:56.000000,view,57274,1001,electronics.smartphone,xiaomi,504.12,100658,4a05db6e-101a-486e-b533-adeecc6ba409
2024-01-10T18:03:06.000000,view,74299,1002,electronics.audio.headphone,samsung,145.93,100968,17579476-7576-4283-be90-2b3be9b14741
2024-01-10T18:03:07.000000,view,56170,1003,appliances.kitchen.refrigerators,apple,2381.52,100484,01935140-879e-40bd-ae94-e11b23a82281
2024-01-10T18:04:34.000000,view,57274,1001,electronics.smartphone,xiaomi,504.12,100658,4a05db6e-101a-486e-b533-adeecc6ba409
2024-01-10T18:04:54.000000,view,56170,1003,appliances.kitchen.refrigerators,apple,2381.52,100484,01935140-879e-40bd-ae94-e11b23a82281
2024-01-10T18:07:05.000000,view,56170,1003,appliances.kitchen.refrigerators,apple,2381.52,100484,01935140-879e-40bd-ae94-e11b23a82281
2024-01-10T19:00:00.000000,view,96980,1001,electronics.smartphone,lg,498.3,100149,180ac80f-07ee-422f-be2a-33bae69bec60
2024-01-10T19:00:28.000000,cart,96980,1001,electronics.smartphone,lg,498.3,100149,180ac80f-07ee-422f-be2a-33bae69bec60
2024-01-10T19:01:33.000000,view,85520,1001,electronics.smartphone,nike,564.92,100954,48078bfd-4524-40ed-95a5-0284f1f44111
2024-01-10T19:02:24.000000,purchase,96980,1001,electronics.smartphone,lg,498.3,100149,180ac80f-07ee-422f-be2a-33bae69bec60
2024-01-10T19:03:14.000000,view,85520,1001,electronics.smartphone,nike,564.92,100954,48078bfd-4524-40ed-95a5-0284f1f44111
2024-01-10T19:03:50.000000,view,88593,1003,appliances.kitchen.refrigerators,lg,398.96,100290,9cf15ae3-869c-4001-9d5b-b92f55781072
2024-01-10T19:04:30.000000,view,85520,1001,electronics.smartphone,nike,564.92,100954,48078bfd-4524-40ed-95a5-0284f1f44111
2024-01-10T19:06:09.000000,view,96603,1001,electronics.smartphone,xiaomi,833.07,100140,c698cee8-fcc7-4f53-bb12-f32309779194
2024-01-10T20:00:00.000000,view,79575,1003,appliances.kitchen.refrigerators,lg,2256.58,100459,9e34efa1-e5be-44c8-9697-b1bdf1268536
2024-01-10T20:00:00.000000,view,86527,1001,electronics.smartphone,nike,1046.0,100829,0dc93806-e6fb-4730-a34f-1f746d3ed3c7
2024-01-10T20:00:32.000000,view,86527,1001,electronics.smartphone,nike,1046.0,100829,0dc93806-e6fb-4730-a34f-1f746d3ed3c7
2024-01-10T20:02:45.000000,view,86527,1001,electronics.smartphone,nike,1046.0,100829,0dc93806-e6fb-4730-a34f-1f746d3ed3c7
2024-01-10T20:02:56.000000,view,79575,1003,appliances.kitchen.refrigerators,lg,2256.58,100459,9e34efa1-e5be-44c8-9697-b1bdf1268536
2024-01-10T20:04:30.000000,cart,79575,1003,appliances.kitchen.refrigerators,lg,2256.58,100459,9e34efa1-e5be-44c8-9697-b1bdf1268536
2024-01-10T22:04:10.000000,view,90291,1004,computers.notebook,nike,2239.34,100520,301c25fb-6865-4a55-a2f2-986a0433edba
2024-01-10T22:04:28.000000,view,90291,1004,computers.notebook,nike,2239.34,100520,301c25fb-6865-4a55-a2f2-986a0433edba
2024-01-10T22:06:07.000000,view,83476,1005,apparel.shoes,nike,82.32,100157,c2269f5f-d96c-4ee7-a918-62c83262865a
2024-01-10T22:06:45.000000,view,90291,1004,computers.notebook,nike,2239.34,100520,301c25fb-6865-4a55-a2f2-986a0433edba
2024-01-10T22:08:13.000000,view,83476,1005,apparel.shoes,nike,82.32,100157,c2269f5f-d96c-4ee7-a918-62c83262865a
2024-01-10T22:08:16.000000,view,90291,1004,computers.notebook,nike,2239.34,100520,301c25fb-6865-4a55-a2f2-986a0433edba
2024-01-10T22:09:55.000000,cart,90291,1004,computers.notebook,nike,2239.34,100520,301c25fb-6865-4a55-a2f2-986a0433edba
2024-01-10T22:10:55.000000,view,83476,1005,apparel.shoes,nike,82.32,100157,c2269f5f-d96c-4ee7-a918-62c83262865a
2024-01-10T22:11:39.000000,purchase,90291,1004,computers.notebook,nike,2239.34,100520,301c25fb-6865-4a55-a2f2-986a0433edba
2024-01-10T22:13:36.000000,cart,83476,1005,apparel.shoes,nike,82.32,100157,c2269f5f-d96c-4ee7-a918-62c83262865a
2024-01-10T22:14:39.000000,purchase,83476,1005,apparel.shoes,nike,82.32,100157,c2269f5f-d96c-4ee7-a918-62c83262865a
2024-01-11T00:03:34.000000,view,61511,1006,auto.accessories,nike,31.12,100116,faee1521-ccf8-439b-b154-03924f8a0832
2024-01-11T00:03:46.000000,view,61511,1006,auto.accessories,nike,31.12,100116,faee1521-ccf8-439b-b154-03924f8a0832
2024-01-11T00:22:46.000000,view,80608,1006,auto.accessories,xiaomi,115.6,100373,29ab4e10-c430-457f-afe9-948c2a8f6c5d
2024-01-11T00:24:47.000000,view,80608,1006,auto.accessories,xiaomi,115.6,100373,29ab4e10-c430-457f-afe9-948c2a8f6c5d
2024-01-11T00:27:08.000000,view,80608,1006,auto.accessories,xiaomi,115.6,100373,29ab4e10-c430-457f-afe9-948c2a8f6c5d
2024-01-11T00:29:00.000000,view,80608,1006,auto.accessories,xiaomi,115.6,100373,29ab4e10-c430-457f-afe9-948c2a8f6c5d
2024-01-11T00:29:59.000000,cart,80608,1006,auto.accessories,xiaomi,115.6,100373,29ab4e10-c430-457f-afe9-948c2a8f6c5d
2024-01-11T05:03:56.000000,view,55141,1005,apparel.shoes,xiaomi,82.88,100829,43891b68-9793-4247-a5c9-f3de902eb2a5
2024-01-11T05:04:55.000000,view,55141,1005,apparel.shoes,xiaomi,82.88,100829,43891b68-9793-4247-a5c9-f3de902eb2a5
2024-01-11T05:06:10.000000,view,55141,1005,apparel.shoes,xiaomi,82.88,100829,43891b68-9793-4247-a5c9-f3de902eb2a5
2024-01-11T05:06:29.000000,view,55141,1005,apparel.shoes,xiaomi,82.88,100829,43891b68-9793-4247-a5c9-f3de902eb2a5
2024-01-11T05:08:19.000000,view,62204,1002,electronics.audio.headphone,lg,69.62,100773,86057704-32a8-41f1-901f-af0702ed6aea
2024-01-11T07:14:50.000000,view,77511,1005,apparel.shoes,nike,172.24,100157,3a9d106c-15f9-4319-a93d-20925bb67605
2024-01-11T09:00:00.000000,view,56439,1004,computers.notebook,bosch,1760.84,100569,f992ef2f-ab46-46ef-b006-8da4bef44524
2024-01-11T09:00:24.000000,view,56439,1004,computers.notebook,bosch,1760.84,100569,f992ef2f-ab46-46ef-b006-8da4bef44524
2024-01-11T09:03:15.000000,view,56439,1004,computers.notebook,bosch,1760.84,100569,f992ef2f-ab46-46ef-b006-8da4bef44524
2024-01-11T09:05:59.000000,cart,56439,1004,computers.notebook,bosch,1760.84,100569,f992ef2f-ab46-46ef-b006-8da4bef44524
2024-01-11T10:00:00.000000,view,60014,1004,computers.notebook,nike,2589.9,100019,342f4d78-3b4b-43a3-999a-69e1066a4014
2024-01-11T11:00:00.000000,view,89891,1004,computers.notebook,apple,3398.99,100617,ff3b8ce6-54ed-4f97-a252-084b753dc3e7
2024-01-11T11:00:00.000000,view,57623,1006,auto.accessories,nike,107.89,100942,1ba9399a-315f-445c-be47-d26070441a80
2024-01-11T11:00:46.000000,view,57623,1006,auto.accessories,nike,107.89,100942,1ba9399a-315f-445c-be47-d26070441a80
2024-01-11T11:01:51.000000,view,89891,1004,computers.notebook,apple,3398.99,100617,ff3b8ce6-54ed-4f97-a252-084b753dc3e7
2024-01-11T11:02:44.000000,view,57623,1006,auto.accessories,nike,107.89,100942,1ba9399a-315f-445c-be47-d26070441a80
2024-01-11T11:02:49.000000,view,85600,1004,computers.notebook,bosch,2580.97,100010,aa38a9c0-26d0-42a1-a41f-0a0bbcf5fee0
2024-01-11T11:03:55.000000,view,57623,1006,auto.accessories,nike,107.89,100942,1ba9399a-315f-445c-be47-d26070441a80
2024-01-11T11:06:34.000000,cart,57623,1006,auto.accessories,nike,107.89,100942,1ba9399a-315f-445c-be47-d26070441a80
2024-01-11T11:07:02.000000,purchase,57623,1006,auto.accessories,nike,107.89,100942,1ba9399a-315f-445c-be47-d26070441a80
2024-01-11T13:00:00.000000,view,85256,1005,apparel.shoes,asus,98.35,100972,874e3c65-252f-4908-80f5-90ad4500601e
2024-01-11T13:00:40.000000,view,85256,1005,apparel.shoes,asus,98.35,100972,874e3c65-252f-4908-80f5-90ad4500601e
2024-01-11T14:00:00.000000,view,99940,1006,auto.accessories,samsung,33.21,100192,f34d7a79-e896-4227-901a-3400fa177b51
2024-01-11T14:02:14.000000,view,99940,1006,auto.accessories,samsung,33.21,100192,f34d7a79-e896-4227-901a-3400fa177b51
2024-01-11T14:10:06.000000,view,68799,1002,electronics.audio.headphone,samsung,200.2,100494,39b4e050-0cfa-480d-bd2a-2f6bebab094f
2024-01-11T14:11:55.000000,view,68799,1002,electronics.audio.headphone,samsung,200.2,100494,39b4e050-0cfa-480d-bd2a-2f6bebab094f
2024-01-11T15:00:00.000000,view,93661,1001,electronics.smartphone,bosch,1109.01,100501,44df1993-805e-4396-8f09-309fa693bf0c
2024-01-11T16:00:00.000000,view,91479,1006,auto.accessories,samsung,81.62,100440,1ba9f307-ebe0-49be-8b55-225e828af7cc
2024-01-11T16:01:38.000000,view,91479,1006,auto.accessories,samsung,81.62,100440,1ba9f307-ebe0-49be-8b55-225e828af7cc
2024-01-11T16:03:45.000000,view,91479,1006,auto.accessories,samsung,81.62,100440,1ba9f307-ebe0-49be-8b55-225e828af7cc
2024-01-11T16:06:33.000000,cart,91479,1006,auto.accessories,samsung,81.62,100440,1ba9f307-ebe0-49be-8b55-225e828af7cc
2024-01-11T17:03:13.000000,view,99604,1004,computers.notebook,lg,1444.79,100330,0d6b92a2-7f82-48b7-a59a-33b197353b4c
2024-01-11T17:04:49.000000,view,99604,1004,computers.notebook,lg,1444.79,100330,0d6b92a2-7f82-48b7-a59a-33b197353b4c
2024-01-11T17:06:33.000000,view,99604,1004,computers.notebook,lg,1444.79,100330,0d6b92a2-7f82-48b7-a59a-33b197353b4c
2024-01-11T17:08:10.000000,view,99604,1004,computers.notebook,lg,1444.79,100330,0d6b92a2-7f82-48b7-a59a-33b197353b4c
2024-01-11T19:00:00.000000,view,50700,1004,computers.notebook,bosch,3382.72,100343,12ba8150-783e-4ad0-8ded-9bc873ec7638
2024-01-11T19:02:20.000000,view,50700,1004,computers.notebook,bosch,3382.72,100343,12ba8150-783e-4ad0-8ded-9bc873ec7638
2024-01-11T19:03:04.000000,view,50700,1004,computers.notebook,bosch,3382.72,100343,12ba8150-783e-4ad0-8ded-9bc873ec7638
2024-01-11T19:05:16.000000,view,50700,1004,computers.notebook,bosch,3382.72,100343,12ba8150-783e-4ad0-8ded-9bc873ec7638
2024-01-11T19:06:30.000000,view,88079,1003,appliances.kitchen.refrigerators,xiaomi,1837.56,100663,c6a5b37c-42d2-4268-8244-75aff4c61873
2024-01-11T19:07:37.000000,view,88079,1003,appliances.kitchen.refrigerators,xiaomi,1837.56,100663,c6a5b37c-42d2-4268-8244-75aff4c61873
2024-01-11T19:07:52.000000,view,88079,1003,appliances.kitchen.refrigerators,xiaomi,1837.56,100663,c6a5b37c-42d2-4268-8244-75aff4c61873
2024-01-11T19:08:02.000000,cart,88079,1003,appliances.kitchen.refrigerators,xiaomi,1837.56,100663,c6a5b37c-42d2-4268-8244-75aff4c61873
2024-01-11T19:09:15.000000,purchase,88079,1003,appliances.kitchen.refrigerators,xiaomi,1837.56,100663,c6a5b37c-42d2-4268-8244-75aff4c61873
2024-01-11T20:00:00.000000,view,97792,1005,apparel.shoes,samsung,121.8,100352,0bd04cf7-a290-42e1-a876-46d8dae6af89
2024-01-11T20:01:21.000000,view,97792,1005,apparel.shoes,samsung,121.8,100352,0bd04cf7-a290-42e1-a876-46d8dae6af89
2024-01-11T21:09:05.000000,view,60672,1006,auto.accessories,lg,34.49,100286,0ef05e09-48b9-4f74-b270-4d33d67d3b48
2024-01-11T21:11:19.000000,view,60672,1006,auto.accessories,lg,34.49,100286,0ef05e09-48b9-4f74-b270-4d33d67d3b48
2024-01-11T21:13:26.000000,cart,60672,1006,auto.accessories,lg,34.49,100286,0ef05e09-48b9-4f74-b270-4d33d67d3b48
2024-01-11T22:02:22.000000,view,58132,1004,computers.notebook,apple,1803.63,100374,055f39de-fbb5-4b5d-9452-9919736b2172
2024-01-11T22:05:03.000000,view,58132,1004,computers.notebook,apple,1803.63,100374,055f39de-fbb5-4b5d-9452-9919736b2172
2024-01-11T22:06:51.000000,view,58132,1004,computers.notebook,apple,1803.63,100374,055f39de-fbb5-4b5d-9452-9919736b2172
2024-01-11T22:07:40.000000,view,92224,1005,apparel.shoes,samsung,176.4,100268,057f0eee-3026-4574-aeb0-e97f5a9217a3
2024-01-11T22:07:55.000000,view,92224,1005,apparel.shoes,samsung,176.4,100268,057f0eee-3026-4574-aeb0-e97f5a9217a3
2024-01-11T22:08:19.000000,view,92224,1005,apparel.shoes,samsung,176.4,100268,057f0eee-3026-4574-aeb0-e97f5a9217a3
2024-01-11T22:08:50.000000,view,92224,1005,apparel.shoes,samsung,176.4,100268,057f0eee-3026-4574-aeb0-e97f5a9217a3
2024-01-12T00:04:05.000000,view,66137,1006,auto.accessories,asus,47.71,100192,c21e87e4-29db-40e4-9aab-6fdc1cb67a61
2024-01-12T00:06:05.000000,view,66137,1006,auto.accessories,asus,47.71,100192,c21e87e4-29db-40e4-9aab-6fdc1cb67a61
2024-01-12T00:07:37.000000,view,66137,1006,auto.accessories,asus,47.71,100192,c21e87e4-29db-40e4-9aab-6fdc1cb67a61
2024-01-12T00:10:14.000000,cart,66137,1006,auto.accessories,asus,47.71,100192,c21e87e4-29db-40e4-9aab-6fdc1cb67a61
2024-01-12T00:11:54.000000,purchase,66137,1006,auto.accessories,asus,47.71,100192,c21e87e4-29db-40e4-9aab-6fdc1cb67a61
2024-01-12T03:00:53.000000,view,84001,1003,appliances.kitchen.refrigerators,xiaomi,2146.91,100973,6238ee58-a0ac-4281-b804-13f43bcb3a06
2024-01-12T03:06:31.000000,view,89150,1003,appliances.kitchen.refrigerators,lg,1467.23,100043,0416c77c-6c40-4235-badc-7fb270b3c5d7
2024-01-12T03:08:50.000000,view,89150,1003,appliances.kitchen.refrigerators,lg,1467.23,100043,0416c77c-6c40-4235-badc-7fb270b3c5d7
2024-01-12T03:11:34.000000,view,89150,1003,appliances.kitchen.refrigerators,lg,1467.23,100043,0416c77c-6c40-4235-badc-7fb270b3c5d7
2024-01-12T03:13:34.000000,view,89150,1003,appliances.kitchen.refrigerators,lg,1467.23,100043,0416c77c-6c40-4235-badc-7fb270b3c5d7
2024-01-12T04:05:27.000000,view,66854,1003,appliances.kitchen.refrigerators,lg,500.26,100290,dc8206cb-1fa8-4696-b07a-3632c3fffb75
2024-01-12T04:07:55.000000,view,88923,1005,apparel.shoes,apple,199.15,100140,ba04c1d6-f544-4541-9deb-23b2d5a93ef9
2024-01-12T04:07:55.000000,cart,66854,1003,appliances.kitchen.refrigerators,lg,500.26,100290,dc8206cb-1fa8-4696-b07a-3632c3fffb75
2024-01-12T04:08:28.000000,purchase,66854,1003,appliances.kitchen.refrigerators,lg,500.26,100290,dc8206cb-1fa8-4696-b07a-3632c3fffb75
2024-01-12T06:10:52.000000,view,74920,1004,computers.notebook,lg,783.14,100140,519a15dc-c418-48b5-b7be-5aeb735e4e05
2024-01-12T06:13:03.000000,view,74920,1004,computers.notebook,lg,783.14,100140,519a15dc-c418-48b5-b7be-5aeb735e4e05
2024-01-12T06:13:52.000000,view,74920,1004,computers.notebook,lg,783.14,100140,519a15dc-c418-48b5-b7be-5aeb735e4e05
2024-01-12T07:07:33.000000,view,95953,1001,electronics.smartphone,samsung,895.85,100621,8ca98337-9495-4363-9683-d9a168e18cc1
2024-01-12T07:07:51.000000,view,95953,1001,electronics.smartphone,samsung,895.85,100621,8ca98337-9495-4363-9683-d9a168e18cc1
2024-01-12T07:09:04.000000,view,95953,1001,electronics.smartphone,samsung,895.85,100621,8ca98337-9495-4363-9683-d9a168e18cc1
2024-01-12T07:09:29.000000,cart,95953,1001,electronics.smartphone,samsung,895.85,100621,8ca98337-9495-4363-9683-d9a168e18cc1
2024-01-12T07:10:52.000000,view,64379,1001,electronics.smartphone,bosch,754.48,100121,6f3f63ba-7770-4336-9109-92b5eb4e8e33
2024-01-12T07:11:02.000000,purchase,95953,1001,electronics.smartphone,samsung,895.85,100621,8ca98337-9495-4363-9683-d9a168e18cc1
2024-01-12T07:12:32.000000,view,64379,1001,electronics.smartphone,bosch,754.48,100121,6f3f63ba-7770-4336-9109-92b5eb4e8e33
2024-01-12T07:13:26.000000,view,64379,1001,electronics.smartphone,bosch,754.48,100121,6f3f63ba-7770-4336-9109-92b5eb4e8e33
2024-01-12T07:14:21.000000,view,64379,1001,electronics.smartphone,bosch,754.48,100121,6f3f63ba-7770-4336-9109-92b5eb4e8e33
2024-01-12T08:00:00.000000,view,63140,1006,auto.accessories,samsung,147.79,100765,2f8ce282-dbcd-419e-85d2-92e5e571feb0
2024-01-12T08:02:35.000000,view,63140,1006,auto.accessories,samsung,147.79,100765,2f8ce282-dbcd-419e-85d2-92e5e571feb0
2024-01-12T08:06:07.000000,view,78337,1006,auto.accessories,bosch,135.07,100459,35f4f7b4-cfc2-4c43-9b65-d95badff95a5
2024-01-12T08:08:44.000000,view,78337,1006,auto.accessories,bosch,135.07,100459,35f4f7b4-cfc2-4c43-9b65-d95badff95a5
2024-01-12T08:10:09.000000,view,78337,1006,auto.accessories,bosch,135.07,100459,35f4f7b4-cfc2-4c43-9b65-d95badff95a5
2024-01-12T08:10:20.000000,view,78337,1006,auto.accessories,bosch,135.07,100459,35f4f7b4-cfc2-4c43-9b65-d95badff95a5
2024-01-12T09:00:00.000000,view,50173,1004,computers.notebook,bosch,471.74,100759,fb20f8f6-3f83-4a2d-a249-2cabf2fabf3d
2024-01-12T09:00:00.000000,view,99446,1005,apparel.shoes,bosch,70.7,100958,67f8421e-f7d3-4bd0-8657-ed5369c37da4
2024-01-12T09:04:37.000000,view,60942,1006,auto.accessories,xiaomi,65.2,100116,5d7ba4f1-b88c-489d-a96e-2a5380597a44
2024-01-12T09:05:17.000000,view,60942,1006,auto.accessories,xiaomi,65.2,100116,5d7ba4f1-b88c-489d-a96e-2a5380597a44
2024-01-12T09:05:34.000000,view,60942,1006,auto.accessories,xiaomi,65.2,100116,5d7ba4f1-b88c-489d-a96e-2a5380597a44
2024-01-12T09:06:23.000000,view,72858,1005,apparel.shoes,apple,176.49,100922,8c4414e9-4832-4f9a-848a-7ac11e3423f7
2024-01-12T09:08:30.000000,view,72858,1005,apparel.shoes,apple,176.49,100922,8c4414e9-4832-4f9a-848a-7ac11e3423f7
2024-01-12T09:09:45.000000,view,72858,1005,apparel.shoes,apple,176.49,100922,8c4414e9-4832-4f9a-848a-7ac11e3423f7
2024-01-12T09:11:25.000000,view,78066,1003,appliances.kitchen.refrigerators,xiaomi,897.56,100685,27061ff4-c641-4bfe-81cd-be07041ef9b1
2024-01-12T10:00:00.000000,view,96183,1003,appliances.kitchen.refrigerators,bosch,1833.13,100118,8b80547f-2e62-4c60-a977-d7b84f709278
2024-01-12T11:00:00.000000,view,81676,1005,apparel.shoes,xiaomi,85.51,100417,d2ecfd40-25ed-47d0-bac9-35f7279c9d22
2024-01-12T11:01:47.000000,view,81676,1005,apparel.shoes,xiaomi,85.51,100417,d2ecfd40-25ed-47d0-bac9-35f7279c9d22
2024-01-12T12:00:00.000000,view,75894,1004,computers.notebook,lg,2948.58,100150,7a2ccb28-8c1d-4274-a1ee-fd5734f24550
2024-01-12T12:02:11.000000,cart,75894,1004,computers.notebook,lg,2948.58,100150,7a2ccb28-8c1d-4274-a1ee-fd5734f24550
2024-01-12T12:02:54.000000,purchase,75894,1004,computers.notebook,lg,2948.58,100150,7a2ccb28-8c1d-4274-a1ee-fd5734f24550
2024-01-12T12:09:46.000000,view,54855,1006,auto.accessories,bosch,110.42,100412,b4a4518e-4326-4267-ae74-2a33a4ed375f
2024-01-12T12:10:05.000000,view,54855,1006,auto.accessories,bosch,110.42,100412,b4a4518e-4326-4267-ae74-2a33a4ed375f
2024-01-12T12:12:05.000000,view,54855,1006,auto.accessories,bosch,110.42,100412,b4a4518e-4326-4267-ae74-2a33a4ed375f
2024-01-12T12:13:09.000000,view,59862,1003,appliances.kitchen.refrigerators,lg,869.48,100459,2f827856-89f5-43df-a87d-9397423c4eb8
2024-01-12T12:15:48.000000,view,59862,1003,appliances.kitchen.refrigerators,lg,869.48,100459,2f827856-89f5-43df-a87d-9397423c4eb8
2024-01-12T14:00:00.000000,view,77737,1001,electronics.smartphone,xiaomi,206.67,100841,e18aaa55-69eb-4760-83a5-efc6a82e0f2f
2024-01-12T14:02:36.000000,view,77737,1001,electronics.smartphone,xiaomi,206.67,100841,e18aaa55-69eb-4760-83a5-efc6a82e0f2f
2024-01-12T14:03:01.000000,view,77737,1001,electronics.smartphone,xiaomi,206.67,100841,e18aaa55-69eb-4760-83a5-efc6a82e0f2f
2024-01-12T14:04:46.000000,view,77737,1001,electronics.smartphone,xiaomi,206.67,100841,e18aaa55-69eb-4760-83a5-efc6a82e0f2f
2024-01-12T14:05:29.000000,cart,77737,1001,electronics.smartphone,xiaomi,206.67,100841,e18aaa55-69eb-4760-83a5-efc6a82e0f2f
2024-01-12T14:06:22.000000,purchase,77737,1001,electronics.smartphone,xiaomi,206.67,100841,e18aaa55-69eb-4760-83a5-efc6a82e0f2f
2024-01-12T14:14:09.000000,view,86132,1006,auto.accessories,bosch,112.31,100043,7dbafa88-c505-4edb-8ed9-d6c73b8c6f3c
2024-01-12T14:16:09.000000,view,86132,1006,auto.accessories,bosch,112.31,100043,7dbafa88-c505-4edb-8ed9-d6c73b8c6f3c
2024-01-12T16:00:00.000000,view,67593,1002,electronics.audio.headphone,apple,128.72,100090,262e883d-c67f-4c62-9e81-23c0ce12884d
2024-01-12T16:00:00.000000,view,80650,1003,appliances.kitchen.refrigerators,samsung,873.86,100429,a66217f6-0c62-4546-a0c6-8fe10e6620d4
2024-01-12T16:00:00.000000,view,68490,1006,auto.accessories,nike,131.86,100836,bcb87c05-1216-453e-9727-46e8a188977a
2024-01-12T16:00:28.000000,cart,67593,1002,electronics.audio.headphone,apple,128.72,100090,262e883d-c67f-4c62-9e81-23c0ce12884d
2024-01-12T16:00:33.000000,cart,68490,1006,auto.accessories,nike,131.86,100836,bcb87c05-1216-453e-9727-46e8a188977a
2024-01-12T17:00:00.000000,view,63339,1006,auto.accessories,apple,19.49,100395,d7428245-2a09-4374-97e7-5186ea029349
2024-01-12T17:00:11.000000,view,63339,1006,auto.accessories,apple,19.49,100395,d7428245-2a09-4374-97e7-5186ea029349
2024-01-12T17:07:46.000000,view,82789,1003,appliances.kitchen.refrigerators,asus,1386.82,100296,59a3bf7e-e096-4d1a-a52a-7bc9a16f32fd
2024-01-12T17:09:23.000000,view,76489,1004,computers.notebook,apple,3239.53,100881,31d51f5c-7704-4f29-bcf1-fc781cf96e94
2024-01-12T17:10:44.000000,view,82789,1003,appliances.kitchen.refrigerators,asus,1386.82,100296,59a3bf7e-e096-4d1a-a52a-7bc9a16f32fd
2024-01-12T19:02:22.000000,view,71167,1004,computers.notebook,asus,1554.08,100429,5fc556de-6d0f-4cb3-9bc0-84676d0fd7a3
2024-01-12T19:03:20.000000,view,55135,1001,electronics.smartphone,lg,1187.69,100130,f698a612-b956-41dc-8c9f-74361ad4f945
2024-01-12T19:04:21.000000,view,55135,1001,electronics.smartphone,lg,1187.69,100130,f698a612-b956-41dc-8c9f-74361ad4f945
2024-01-12T19:05:20.000000,view,71167,1004,computers.notebook,asus,1554.08,100429,5fc556de-6d0f-4cb3-9bc0-84676d0fd7a3
2024-01-12T19:07:11.000000,view,55135,1001,electronics.smartphone,lg,1187.69,100130,f698a612-b956-41dc-8c9f-74361ad4f945
2024-01-12T19:07:58.000000,view,55135,1001,electronics.smartphone,lg,1187.69,100130,f698a612-b956-41dc-8c9f-74361ad4f945
2024-01-12T19:08:00.000000,view,71167,1004,computers.notebook,asus,1554.08,100429,5fc556de-6d0f-4cb3-9bc0-84676d0fd7a3
2024-01-12T19:08:18.000000,view,71167,1004,computers.notebook,asus,1554.08,100429,5fc556de-6d0f-4cb3-9bc0-84676d0fd7a3
2024-01-12T19:10:40.000000,cart,55135,1001,electronics.smartphone,lg,1187.69,100130,f698a612-b956-41dc-8c9f-74361ad4f945
2024-01-12T20:00:00.000000,view,65902,1003,appliances.kitchen.refrigerators,bosch,1576.71,100387,73422f93-2183-42c7-8174-f9b2dbff4611
2024-01-12T20:00:42.000000,view,65902,1003,appliances.kitchen.refrigerators,bosch,1576.71,100387,73422f93-2183-42c7-8174-f9b2dbff4611
2024-01-12T20:03:30.000000,view,65902,1003,appliances.kitchen.refrigerators,bosch,1576.71,100387,73422f93-2183-42c7-8174-f9b2dbff4611
2024-01-12T20:06:33.000000,view,83031,1001,electronics.smartphone,bosch,827.89,100569,676a8be1-5f8a-4502-8b60-040fa38e6278
2024-01-12T20:07:49.000000,view,83031,1001,electronics.smartphone,bosch,827.89,100569,676a8be1-5f8a-4502-8b60-040fa38e6278
2024-01-12T20:08:39.000000,view,83031,1001,electronics.smartphone,bosch,827.89,100569,676a8be1-5f8a-4502-8b60-040fa38e6278
2024-01-12T20:12:42.000000,view,82328,1002,electronics.audio.headphone,xiaomi,118.81,100410,48b5a336-d92a-460c-a13a-a05b409e876a
2024-01-12T20:14:05.000000,view,82328,1002,electronics.audio.headphone,xiaomi,118.81,100410,48b5a336-d92a-460c-a13a-a05b409e876a
2024-01-12T20:15:37.000000,view,82328,1002,electronics.audio.headphone,xiaomi,118.81,100410,48b5a336-d92a-460c-a13a-a05b409e876a
2024-01-12T20:17:25.000000,view,82328,1002,electronics.audio.headphone,xiaomi,118.81,100410,48b5a336-d92a-460c-a13a-a05b409e876a
2024-01-12T22:02:14.000000,view,88509,1005,apparel.shoes,samsung,184.19,100260,49803bc6-e149-4936-8490-ad563cad75df
2024-01-12T22:03:53.000000,view,88509,1005,apparel.shoes,samsung,184.19,100260,49803bc6-e149-4936-8490-ad563cad75df
2024-01-12T22:04:10.000000,cart,88509,1005,apparel.shoes,samsung,184.19,100260,49803bc6-e149-4936-8490-ad563cad75df
2024-01-13T01:07:55.000000,view,80630,1006,auto.accessories,samsung,139.14,100020,fb6a23c5-579d-4e9c-a1a3-1f0c67b938a4
2024-01-13T02:05:00.000000,view,71922,1003,appliances.kitchen.refrigerators,nike,2406.91,100666,94b003de-bc91-4ea1-a2b9-0282b398e832
2024-01-13T02:06:35.000000,view,71922,1003,appliances.kitchen.refrigerators,nike,2406.91,100666,94b003de-bc91-4ea1-a2b9-0282b398e832
2024-01-13T02:09:09.000000,view,71922,1003,appliances.kitchen.refrigerators,nike,2406.91,100666,94b003de-bc91-4ea1-a2b9-0282b398e832
2024-01-13T02:11:41.000000,view,71922,1003,appliances.kitchen.refrigerators,nike,2406.91,100666,94b003de-bc91-4ea1-a2b9-0282b398e832
2024-01-13T04:01:20.000000,view,55834,1002,electronics.audio.headphone,apple,137.95,100626,616dcd44-fcb5-46c7-b419-cf11afde7c4a
2024-01-13T04:04:19.000000,view,55834,1002,electronics.audio.headphone,apple,137.95,100626,616dcd44-fcb5-46c7-b419-cf11afde7c4a
2024-01-13T07:09:10.000000,view,81246,1005,apparel.shoes,asus,85.95,100569,59b174b9-c33d-4a9d-96c6-1b7abb475abc
2024-01-13T07:09:58.000000,cart,81246,1005,apparel.shoes,asus,85.95,100569,59b174b9-c33d-4a9d-96c6-1b7abb475abc
2024-01-13T07:11:50.000000,purchase,81246,1005,apparel.shoes,asus,85.95,100569,59b174b9-c33d-4a9d-96c6-1b7abb475abc
2024-01-13T09:00:00.000000,view,63569,1002,electronics.audio.headphone,asus,275.64,100999,b80659f1-e9bf-4361-aff0-21bc88838bc8
2024-01-13T09:01:00.000000,cart,63569,1002,electronics.audio.headphone,asus,275.64,100999,b80659f1-e9bf-4361-aff0-21bc88838bc8
2024-01-13T09:08:01.000000,view,80262,1005,apparel.shoes,apple,85.5,100374,de306103-6a7a-4eae-a1ed-227840f46aba
2024-01-13T09:08:20.000000,view,80262,1005,apparel.shoes,apple,85.5,100374,de306103-6a7a-4eae-a1ed-227840f46aba
2024-01-13T09:10:46.000000,view,80262,1005,apparel.shoes,apple,85.5,100374,de306103-6a7a-4eae-a1ed-227840f46aba
2024-01-13T09:13:11.000000,view,80262,1005,apparel.shoes,apple,85.5,100374,de306103-6a7a-4eae-a1ed-227840f46aba
2024-01-13T09:13:31.000000,cart,80262,1005,apparel.shoes,apple,85.5,100374,de306103-6a7a-4eae-a1ed-227840f46aba
2024-01-13T09:13:48.000000,purchase,80262,1005,apparel.shoes,apple,85.5,100374,de306103-6a7a-4eae-a1ed-227840f46aba
2024-01-13T10:00:00.000000,view,69403,1003,appliances.kitchen.refrigerators,nike,1425.0,100711,15266ca2-f4c5-474a-a4d0-9e3d7ddbc1d7
2024-01-13T12:00:00.000000,view,88134,1002,electronics.audio.headphone,apple,200.96,100793,71c60c12-9227-4c6d-b420-4e980c39ddc5
2024-01-13T12:01:05.000000,view,73313,1006,auto.accessories,samsung,68.49,100118,9f856a25-0f91-4a81-a3c2-c2d983a3e2a4
2024-01-13T12:01:10.000000,view,88134,1002,electronics.audio.headphone,apple,200.96,100793,71c60c12-9227-4c6d-b420-4e980c39ddc5
2024-01-13T12:02:31.000000,cart,73313,1006,auto.accessories,samsung,68.49,100118,9f856a25-0f91-4a81-a3c2-c2d983a3e2a4
2024-01-13T12:03:08.000000,purchase,73313,1006,auto.accessories,samsung,68.49,100118,9f856a25-0f91-4a81-a3c2-c2d983a3e2a4
2024-01-13T12:04:10.000000,view,88134,1002,electronics.audio.headphone,apple,200.96,100793,71c60c12-9227-4c6d-b420-4e980c39ddc5
2024-01-13T14:00:00.000000,view,94882,1005,apparel.shoes,xiaomi,118.45,100521,e75ef074-54f6-4c9a-b3e4-61fc52cc9ad4
2024-01-13T14:00:00.000000,view,90202,1004,computers.notebook,nike,532.02,100739,452431ef-b2e5-4303-9e97-2058e784c27f
2024-01-13T14:00:00.000000,view,86895,1003,appliances.kitchen.refrigerators,xiaomi,2251.0,100964,e9ecbf97-92a4-4f57-84a6-5c7f787af900
2024-01-13T14:01:02.000000,view,86895,1003,appliances.kitchen.refrigerators,xiaomi,2251.0,100964,e9ecbf97-92a4-4f57-84a6-5c7f787af900
2024-01-13T14:01:47.000000,cart,94882,1005,apparel.shoes,xiaomi,118.45,100521,e75ef074-54f6-4c9a-b3e4-61fc52cc9ad4
2024-01-13T14:02:20.000000,view,90202,1004,computers.notebook,nike,532.02,100739,452431ef-b2e5-4303-9e97-2058e784c27f
2024-01-13T15:00:00.000000,view,70991,1002,electronics.audio.headphone,nike,45.06,100491,69094869-6120-4a92-8644-72f3c1ad9328
2024-01-13T15:00:00.000000,view,59098,1002,electronics.audio.headphone,asus,253.04,100892,cbd5e727-1bbb-49bb-841b-922d9fabc211
2024-01-13T15:01:27.000000,cart,59098,1002,electronics.audio.headphone,asus,253.04,100892,cbd5e727-1bbb-49bb-841b-922d9fabc211
2024-01-13T15:02:16.000000,view,70991,1002,electronics.audio.headphone,nike,45.06,100491,69094869-6120-4a92-8644-72f3c1ad9328
2024-01-13T16:00:00.000000,view,90239,1002,electronics.audio.headphone,nike,227.8,100426,4c7c9c34-fd32-49de-84e5-d38aebbe38de
2024-01-13T16:00:00.000000,view,50616,1006,auto.accessories,apple,73.41,100949,65748a1b-e01d-4333-b560-7e46a880709a
2024-01-13T16:01:04.000000,view,50616,1006,auto.accessories,apple,73.41,100949,65748a1b-e01d-4333-b560-7e46a880709a
2024-01-13T16:01:31.000000,view,90239,1002,electronics.audio.headphone,nike,227.8,100426,4c7c9c34-fd32-49de-84e5-d38aebbe38de
2024-01-13T16:02:24.000000,view,90239,1002,electronics.audio.headphone,nike,227.8,100426,4c7c9c34-fd32-49de-84e5-d38aebbe38de
2024-01-13T16:03:55.000000,view,50616,1006,auto.accessories,apple,73.41,100949,65748a1b-e01d-4333-b560-7e46a880709a
2024-01-13T16:05:25.000000,view,50616,1006,auto.accessories,apple,73.41,100949,65748a1b-e01d-4333-b560-7e46a880709a
2024-01-13T18:00:00.000000,view,76869,1004,computers.notebook,asus,2879.59,100886,8a9e9f0e-b396-4c95-a5f1-6b087f63a288
2024-01-13T18:01:06.000000,view,68066,1003,appliances.kitchen.refrigerators,asus,1517.8,100836,d9d2a0df-99d1-4966-8e19-2328a9d8ac26
2024-01-13T18:02:40.000000,view,61916,1005,apparel.shoes,asus,111.57,100498,d6198291-dc51-4ccb-b8dd-242797a674fc
2024-01-13T18:02:43.000000,cart,68066,1003,appliances.kitchen.refrigerators,asus,1517.8,100836,d9d2a0df-99d1-4966-8e19-2328a9d8ac26
2024-01-13T18:02:50.000000,view,76869,1004,computers.notebook,asus,2879.59,100886,8a9e9f0e-b396-4c95-a5f1-6b087f63a288
2024-01-13T18:03:32.000000,view,76869,1004,computers.notebook,asus,2879.59,100886,8a9e9f0e-b396-4c95-a5f1-6b087f63a288
2024-01-13T18:03:49.000000,purchase,68066,1003,appliances.kitchen.refrigerators,asus,1517.8,100836,d9d2a0df-99d1-4966-8e19-2328a9d8ac26
2024-01-13T18:06:02.000000,cart,76869,1004,computers.notebook,asus,2879.59,100886,8a9e9f0e-b396-4c95-a5f1-6b087f63a288
2024-01-13T19:03:04.000000,view,55437,1005,apparel.shoes,apple,79.26,100521,7f0b7fe9-09f6-45f2-8144-1644a17a2aba
2024-01-13T19:05:10.000000,cart,55437,1005,apparel.shoes,apple,79.26,100521,7f0b7fe9-09f6-45f2-8144-1644a17a2aba
2024-01-13T19:06:08.000000,purchase,55437,1005,apparel.shoes,apple,79.26,100521,7f0b7fe9-09f6-45f2-8144-1644a17a2aba
2024-01-13T19:27:31.000000,view,56385,1004,computers.notebook,apple,2753.89,100143,9027b455-a6c7-49c2-a553-d4baba115d13
2024-01-13T19:27:41.000000,view,56385,1004,computers.notebook,apple,2753.89,100143,9027b455-a6c7-49c2-a553-d4baba115d13
2024-01-13T19:29:18.000000,cart,56385,1004,computers.notebook,apple,2753.89,100143,9027b455-a6c7-49c2-a553-d4baba115d13
2024-01-13T20:00:00.000000,view,92244,1004,computers.notebook,lg,2578.48,100338,de679305-d2d8-4daf-81e1-7a7876c6dec6
2024-01-13T20:02:36.000000,view,92244,1004,computers.notebook,lg,2578.48,100338,de679305-d2d8-4daf-81e1-7a7876c6dec6
2024-01-13T20:03:18.000000,view,92244,1004,computers.notebook,lg,2578.48,100338,de679305-d2d8-4daf-81e1-7a7876c6dec6
2024-01-13T20:03:53.000000,cart,92244,1004,computers.notebook,lg,2578.48,100338,de679305-d2d8-4daf-81e1-7a7876c6dec6
2024-01-13T20:08:43.000000,view,98670,1001,electronics.smartphone,apple,1021.76,100415,3c94a72a-42e5-4ba1-8c3e-80d467f48867
2024-01-13T20:09:17.000000,view,98670,1001,electronics.smartphone,apple,1021.76,100415,3c94a72a-42e5-4ba1-8c3e-80d467f48867
2024-01-13T22:02:25.000000,view,78902,1005,apparel.shoes,asus,90.71,100404,6257c6a7-b24b-4acf-9394-ed94aaeec509
2024-01-13T22:05:02.000000,view,78902,1005,apparel.shoes,asus,90.71,100404,6257c6a7-b24b-4acf-9394-ed94aaeec509
2024-01-13T22:18:14.000000,view,97815,1004,computers.notebook,lg,694.77,100043,d4b3c9e6-7c9a-43cd-b319-fc8f63274069
2024-01-13T22:19:44.000000,view,97815,1004,computers.notebook,lg,694.77,100043,d4b3c9e6-7c9a-43cd-b319-fc8f63274069
2024-01-13T22:22:44.000000,view,97815,1004,computers.notebook,lg,694.77,100043,d4b3c9e6-7c9a-43cd-b319-fc8f63274069
2024-01-13T22:23:59.000000,view,97815,1004,computers.notebook,lg,694.77,100043,d4b3c9e6-7c9a-43cd-b319-fc8f63274069
2024-01-13T23:02:33.000000,view,75430,1003,appliances.kitchen.refrigerators,lg,1292.48,100149,28322cc5-2c54-414c-bad5-2ba30c87ba02
2024-01-13T23:04:33.000000,view,75430,1003,appliances.kitchen.refrigerators,lg,1292.48,100149,28322cc5-2c54-414c-bad5-2ba30c87ba02
2024-01-13T23:06:03.000000,view,75430,1003,appliances.kitchen.refrigerators,lg,1292.48,100149,28322cc5-2c54-414c-bad5-2ba30c87ba02
2024-01-13T23:06:17.000000,view,75430,1003,appliances.kitchen.refrigerators,lg,1292.48,100149,28322cc5-2c54-414c-bad5-2ba30c87ba02
2024-01-13T23:07:19.000000,view,56168,1002,electronics.audio.headphone,bosch,71.24,100949,fddcfa0f-aceb-4e0c-b3da-2cfcaab59f00
2024-01-13T23:09:02.000000,view,56168,1002,electronics.audio.headphone,bosch,71.24,100949,fddcfa0f-aceb-4e0c-b3da-2cfcaab59f00
2024-01-13T23:10:42.000000,view,56168,1002,electronics.audio.headphone,bosch,71.24,100949,fddcfa0f-aceb-4e0c-b3da-2cfcaab59f00
2024-01-13T23:12:46.000000,view,56168,1002,electronics.audio.headphone,bosch,71.24,100949,fddcfa0f-aceb-4e0c-b3da-2cfcaab59f00
2024-01-14T00:06:43.000000,view,96139,1005,apparel.shoes,bosch,176.74,100521,b6b51e60-f06c-429b-b7e3-888a8d6b39de
2024-01-14T00:09:30.000000,view,96139,1005,apparel.shoes,bosch,176.74,100521,b6b51e60-f06c-429b-b7e3-888a8d6b39de
2024-01-14T00:11:25.000000,cart,96139,1005,apparel.shoes,bosch,176.74,100521,b6b51e60-f06c-429b-b7e3-888a8d6b39de
2024-01-14T00:13:07.000000,purchase,96139,1005,apparel.shoes,bosch,176.74,100521,b6b51e60-f06c-429b-b7e3-888a8d6b39de
2024-01-14T04:04:36.000000,view,52119,1006,auto.accessories,lg,54.86,100836,2a437bfd-0026-4289-a4f1-0f38647f0ee9
2024-01-14T04:05:26.000000,view,52119,1006,auto.accessories,lg,54.86,100836,2a437bfd-0026-4289-a4f1-0f38647f0ee9
2024-01-14T04:06:13.000000,view,52119,1006,auto.accessories,lg,54.86,100836,2a437bfd-0026-4289-a4f1-0f38647f0ee9
2024-01-14T04:06:27.000000,view,52119,1006,auto.accessories,lg,54.86,100836,2a437bfd-0026-4289-a4f1-0f38647f0ee9
2024-01-14T04:07:57.000000,cart,52119,1006,auto.accessories,lg,54.86,100836,2a437bfd-0026-4289-a4f1-0f38647f0ee9
2024-01-14T09:00:00.000000,view,77572,1004,computers.notebook,lg,2605.65,100898,d152d0c7-864f-4d39-8915-ab4b90e2294e
2024-01-14T09:00:24.000000,view,77572,1004,computers.notebook,lg,2605.65,100898,d152d0c7-864f-4d39-8915-ab4b90e2294e
2024-01-14T09:02:02.000000,view,77572,1004,computers.notebook,lg,2605.65,100898,d152d0c7-864f-4d39-8915-ab4b90e2294e
2024-01-14T10:00:00.000000,view,86256,1001,electronics.smartphone,nike,313.22,100011,ece05cb1-a029-45eb-a9f5-d3ad3439692b
2024-01-14T10:02:44.000000,view,86256,1001,electronics.smartphone,nike,313.22,100011,ece05cb1-a029-45eb-a9f5-d3ad3439692b
2024-01-14T10:03:47.000000,view,86256,1001,electronics.smartphone,nike,313.22,100011,ece05cb1-a029-45eb-a9f5-d3ad3439692b
2024-01-14T10:05:24.000000,cart,86256,1001,electronics.smartphone,nike,313.22,100011,ece05cb1-a029-45eb-a9f5-d3ad3439692b
2024-01-14T12:00:00.000000,view,79706,1006,auto.accessories,xiaomi,30.67,100742,0acd020a-9e48-4754-9bc6-b91b04ea2744
2024-01-14T12:02:41.000000,view,79706,1006,auto.accessories,xiaomi,30.67,100742,0acd020a-9e48-4754-9bc6-b91b04ea2744
2024-01-14T13:00:00.000000,view,94857,1003,appliances.kitchen.refrigerators,apple,1797.16,100598,ccd8f37e-0393-45a4-8a58-3b8889b61a24
2024-01-14T13:00:00.000000,view,78320,1003,appliances.kitchen.refrigerators,lg,1901.37,100963,c6b0acda-4ecd-4c8b-91bb-b6fbccfecee1
2024-01-14T13:00:57.000000,view,94857,1003,appliances.kitchen.refrigerators,apple,1797.16,100598,ccd8f37e-0393-45a4-8a58-3b8889b61a24
2024-01-14T13:02:57.000000,cart,78320,1003,appliances.kitchen.refrigerators,lg,1901.37,100963,c6b0acda-4ecd-4c8b-91bb-b6fbccfecee1
2024-01-14T13:03:23.000000,view,94857,1003,appliances.kitchen.refrigerators,apple,1797.16,100598,ccd8f37e-0393-45a4-8a58-3b8889b61a24
2024-01-14T14:00:00.000000,view,88071,1003,appliances.kitchen.refrigerators,bosch,2326.22,100815,9ab54d74-ee73-461b-bc3f-b2b0a7ae71c8
2024-01-14T14:02:57.000000,view,88071,1003,appliances.kitchen.refrigerators,bosch,2326.22,100815,9ab54d74-ee73-461b-bc3f-b2b0a7ae71c8
2024-01-14T14:05:17.000000,cart,88071,1003,appliances.kitchen.refrigerators,bosch,2326.22,100815,9ab54d74-ee73-461b-bc3f-b2b0a7ae71c8
2024-01-14T14:05:32.000000,purchase,88071,1003,appliances.kitchen.refrigerators,bosch,2326.22,100815,9ab54d74-ee73-461b-bc3f-b2b0a7ae71c8
2024-01-14T16:00:00.000000,view,93309,1001,electronics.smartphone,lg,906.33,100277,ccd538c3-bf64-4387-b054-570e184fafbf
2024-01-14T16:01:40.000000,view,93309,1001,electronics.smartphone,lg,906.33,100277,ccd538c3-bf64-4387-b054-570e184fafbf
2024-01-14T16:02:55.000000,view,93309,1001,electronics.smartphone,lg,906.33,100277,ccd538c3-bf64-4387-b054-570e184fafbf
2024-01-14T16:05:34.000000,cart,93309,1001,electronics.smartphone,lg,906.33,100277,ccd538c3-bf64-4387-b054-570e184fafbf
2024-01-14T16:06:53.000000,purchase,93309,1001,electronics.smartphone,lg,906.33,100277,ccd538c3-bf64-4387-b054-570e184fafbf
2024-01-14T18:00:00.000000,view,74754,1003,appliances.kitchen.refrigerators,apple,574.3,100329,41e0cb38-e6af-486c-8d74-692b1b28abbf
2024-01-14T18:01:37.000000,cart,74754,1003,appliances.kitchen.refrigerators,apple,574.3,100329,41e0cb38-e6af-486c-8d74-692b1b28abbf
2024-01-14T18:02:22.000000,purchase,74754,1003,appliances.kitchen.refrigerators,apple,574.3,100329,41e0cb38-e6af-486c-8d74-692b1b28abbf
2024-01-14T19:00:00.000000,view,66865,1004,computers.notebook,nike,3097.08,100358,741455c8-9501-4ddd-9aec-c29040e884a2
2024-01-14T19:02:03.000000,view,66865,1004,computers.notebook,nike,3097.08,100358,741455c8-9501-4ddd-9aec-c29040e884a2
2024-01-14T19:03:09.000000,cart,66865,1004,computers.notebook,nike,3097.08,100358,741455c8-9501-4ddd-9aec-c29040e884a2
2024-01-14T20:00:00.000000,view,97241,1003,appliances.kitchen.refrigerators,bosch,1984.47,100744,ae8dfbca-1fc8-46b0-93ed-abb03163e59c
2024-01-14T20:00:00.000000,view,67832,1001,electronics.smartphone,apple,349.04,100994,810f9378-69dc-4951-bc27-ec70aff34698
2024-01-14T20:01:01.000000,cart,97241,1003,appliances.kitchen.refrigerators,bosch,1984.47,100744,ae8dfbca-1fc8-46b0-93ed-abb03163e59c
2024-01-14T20:01:29.000000,view,67832,1001,electronics.smartphone,apple,349.04,100994,810f9378-69dc-4951-bc27-ec70aff34698
2024-01-14T20:02:21.000000,view,67832,1001,electronics.smartphone,apple,349.04,100994,810f9378-69dc-4951-bc27-ec70aff34698
2024-01-14T20:04:37.000000,view,67832,1001,electronics.smartphone,apple,349.04,100994,810f9378-69dc-4951-bc27-ec70aff34698
2024-01-14T20:07:29.000000,cart,67832,1001,electronics.smartphone,apple,349.04,100994,810f9378-69dc-4951-bc27-ec70aff34698
2024-01-14T20:09:02.000000,purchase,67832,1001,electronics.smartphone,apple,349.04,100994,810f9378-69dc-4951-bc27-ec70aff34698
2024-01-15T03:15:44.000000,view,50903,1005,apparel.shoes,apple,81.95,100115,e3bbb0cf-59e4-43f6-b617-290b93b75410
2024-01-15T04:30:54.000000,view,56967,1003,appliances.kitchen.refrigerators,nike,400.71,100143,28e40537-32fa-48e1-bebd-fe5360402505
2024-01-15T04:33:10.000000,view,56967,1003,appliances.kitchen.refrigerators,nike,400.71,100143,28e40537-32fa-48e1-bebd-fe5360402505
2024-01-15T06:03:00.000000,view,60048,1005,apparel.shoes,apple,189.27,100540,6db9a9e3-4ede-4b98-9316-c11b45c00b69
2024-01-15T06:04:34.000000,view,60048,1005,apparel.shoes,apple,189.27,100540,6db9a9e3-4ede-4b98-9316-c11b45c00b69
2024-01-15T06:07:33.000000,view,60048,1005,apparel.shoes,apple,189.27,100540,6db9a9e3-4ede-4b98-9316-c11b45c00b69
2024-01-15T06:09:35.000000,view,60048,1005,apparel.shoes,apple,189.27,100540,6db9a9e3-4ede-4b98-9316-c11b45c00b69
2024-01-15T06:12:27.000000,cart,60048,1005,apparel.shoes,apple,189.27,100540,6db9a9e3-4ede-4b98-9316-c11b45c00b69
2024-01-15T08:00:00.000000,view,59144,1002,electronics.audio.headphone,samsung,227.53,100001,3f70a637-afec-45a5-80a3-363c7cc82a65
2024-01-15T08:00:00.000000,view,58662,1006,auto.accessories,apple,48.53,100360,777dd137-c2bc-4391-8b64-5fff44430ece
2024-01-15T08:00:00.000000,view,65647,1005,apparel.shoes,xiaomi,50.54,100381,fc9f0430-f362-4dbd-8957-c281146abc35
2024-01-15T08:01:18.000000,cart,58662,1006,auto.accessories,apple,48.53,100360,777dd137-c2bc-4391-8b64-5fff44430ece
2024-01-15T08:01:20.000000,cart,65647,1005,apparel.shoes,xiaomi,50.54,100381,fc9f0430-f362-4dbd-8957-c281146abc35
2024-01-15T09:00:00.000000,view,56676,1005,apparel.shoes,bosch,171.78,100282,441452d9-9da9-4376-93eb-fa4ec96b2ef6
2024-01-15T09:00:00.000000,view,84260,1003,appliances.kitchen.refrigerators,apple,637.27,100287,b7787e1f-864d-4ac9-8728-3017ae19fd48
2024-01-15T09:01:28.000000,view,84260,1003,appliances.kitchen.refrigerators,apple,637.27,100287,b7787e1f-864d-4ac9-8728-3017ae19fd48
2024-01-15T09:02:19.000000,cart,56676,1005,apparel.shoes,bosch,171.78,100282,441452d9-9da9-4376-93eb-fa4ec96b2ef6
2024-01-15T09:03:13.000000,view,84260,1003,appliances.kitchen.refrigerators,apple,637.27,100287,b7787e1f-864d-4ac9-8728-3017ae19fd48
2024-01-15T09:03:54.000000,purchase,56676,1005,apparel.shoes,bosch,171.78,100282,441452d9-9da9-4376-93eb-fa4ec96b2ef6
2024-01-15T09:04:40.000000,cart,84260,1003,appliances.kitchen.refrigerators,apple,637.27,100287,b7787e1f-864d-4ac9-8728-3017ae19fd48
2024-01-15T09:09:12.000000,view,68252,1003,appliances.kitchen.refrigerators,nike,951.78,100836,5bc55448-cb7a-4108-af9f-ba5aab3034f1
2024-01-15T09:15:11.000000,view,81021,1002,electronics.audio.headphone,lg,33.97,100286,8e24cbdf-ac3b-4fa8-83a1-0af375830f7c
2024-01-15T09:17:44.000000,view,81021,1002,electronics.audio.headphone,lg,33.97,100286,8e24cbdf-ac3b-4fa8-83a1-0af375830f7c
2024-01-15T11:14:54.000000,view,56617,1004,computers.notebook,nike,2453.7,100140,11ef09c8-4e47-4032-a284-147fa887cc8b
2024-01-15T11:17:43.000000,view,56617,1004,computers.notebook,nike,2453.7,100140,11ef09c8-4e47-4032-a284-147fa887cc8b
2024-01-15T11:20:28.000000,view,56617,1004,computers.notebook,nike,2453.7,100140,11ef09c8-4e47-4032-a284-147fa887cc8b
2024-01-15T12:02:41.000000,view,89453,1002,electronics.audio.headphone,asus,32.3,100001,8b362d08-73e5-4cd4-9f68-0e183ae4fabf
2024-01-15T12:05:37.000000,view,89453,1002,electronics.audio.headphone,asus,32.3,100001,8b362d08-73e5-4cd4-9f68-0e183ae4fabf
2024-01-15T15:00:00.000000,view,53501,1004,computers.notebook,nike,3028.75,100948,f23954b7-4ac3-4ee1-a49e-0e2b48617e53
2024-01-15T15:01:35.000000,view,53501,1004,computers.notebook,nike,3028.75,100948,f23954b7-4ac3-4ee1-a49e-0e2b48617e53
2024-01-15T15:03:39.000000,view,53501,1004,computers.notebook,nike,3028.75,100948,f23954b7-4ac3-4ee1-a49e-0e2b48617e53
2024-01-15T15:06:03.000000,view,53501,1004,computers.notebook,nike,3028.75,100948,f23954b7-4ac3-4ee1-a49e-0e2b48617e53
2024-01-15T18:00:00.000000,view,91421,1005,apparel.shoes,apple,175.96,100858,10d27f75-d997-4d49-a023-281ddc8a6e1f
2024-01-15T19:00:00.000000,view,78310,1001,electronics.smartphone,samsung,593.36,100715,d1b102ea-7c3f-49f0-82eb-2238f1a3ae9a
2024-01-15T19:06:42.000000,view,67389,1004,computers.notebook,asus,575.5,100841,d1a89ef2-fa39-4d21-914b-1385d7720d44
2024-01-15T19:07:59.000000,view,67389,1004,computers.notebook,asus,575.5,100841,d1a89ef2-fa39-4d21-914b-1385d7720d44
2024-01-15T19:09:42.000000,view,67389,1004,computers.notebook,asus,575.5,100841,d1a89ef2-fa39-4d21-914b-1385d7720d44
2024-01-15T19:10:46.000000,view,67389,1004,computers.notebook,asus,575.5,100841,d1a89ef2-fa39-4d21-914b-1385d7720d44
2024-01-15T20:00:00.000000,view,61555,1004,computers.notebook,lg,895.25,100238,ab135047-ccfd-4203-aa43-ce9dcae73c95
2024-01-15T20:00:00.000000,view,60437,1003,appliances.kitchen.refrigerators,bosch,838.7,100449,0fd3cef1-472d-4616-8e27-6e4d6a063ac5
2024-01-15T20:02:20.000000,view,71821,1004,computers.notebook,samsung,1339.88,100090,c6ee9a58-e3e6-4e3f-81e2-4905e91eb9b2
2024-01-15T20:09:50.000000,view,81162,1002,electronics.audio.headphone,lg,117.05,100429,c0c010ef-531a-4f36-9bec-9bde6a2b472b
2024-01-15T21:09:51.000000,view,57994,1003,appliances.kitchen.refrigerators,samsung,2400.5,100881,4747e521-9a6f-4dc9-ab2a-785cec519cff
2024-01-15T21:11:07.000000,view,57994,1003,appliances.kitchen.refrigerators,samsung,2400.5,100881,4747e521-9a6f-4dc9-ab2a-785cec519cff
2024-01-15T22:07:02.000000,view,50559,1004,computers.notebook,xiaomi,1337.13,100671,e2b47e0c-cfe5-471a-97ce-6dfba663db61
2024-01-15T22:07:54.000000,view,50559,1004,computers.notebook,xiaomi,1337.13,100671,e2b47e0c-cfe5-471a-97ce-6dfba663db61
2024-01-15T22:10:00.000000,view,50559,1004,computers.notebook,xiaomi,1337.13,100671,e2b47e0c-cfe5-471a-97ce-6dfba663db61
2024-01-15T22:10:58.000000,view,50559,1004,computers.notebook,xiaomi,1337.13,100671,e2b47e0c-cfe5-471a-97ce-6dfba663db61
2024-01-16T01:00:53.000000,view,60570,1002,electronics.audio.headphone,nike,173.29,100715,b4d3b54b-7a8f-4128-8d6b-5f00d879e129
2024-01-16T01:03:22.000000,view,60570,1002,electronics.audio.headphone,nike,173.29,100715,b4d3b54b-7a8f-4128-8d6b-5f00d879e129
2024-01-16T01:05:13.000000,cart,60570,1002,electronics.audio.headphone,nike,173.29,100715,b4d3b54b-7a8f-4128-8d6b-5f00d879e129
2024-01-16T01:05:40.000000,purchase,60570,1002,electronics.audio.headphone,nike,173.29,100715,b4d3b54b-7a8f-4128-8d6b-5f00d879e129
2024-01-16T03:09:45.000000,view,58893,1006,auto.accessories,lg,132.02,100020,30c01b97-53ec-4842-bdeb-da0513a2cc1f
2024-01-16T03:10:07.000000,view,58893,1006,auto.accessories,lg,132.02,100020,30c01b97-53ec-4842-bdeb-da0513a2cc1f
2024-01-16T03:11:23.000000,cart,58893,1006,auto.accessories,lg,132.02,100020,30c01b97-53ec-4842-bdeb-da0513a2cc1f
2024-01-16T03:12:05.000000,purchase,58893,1006,auto.accessories,lg,132.02,100020,30c01b97-53ec-4842-bdeb-da0513a2cc1f
2024-01-16T05:07:01.000000,view,96616,1001,electronics.smartphone,apple,779.85,100575,77528b5b-4ece-4110-a403-c11299167c2d
2024-01-16T05:07:42.000000,view,96616,1001,electronics.smartphone,apple,779.85,100575,77528b5b-4ece-4110-a403-c11299167c2d
2024-01-16T05:10:11.000000,view,96616,1001,electronics.smartphone,apple,779.85,100575,77528b5b-4ece-4110-a403-c11299167c2d
2024-01-16T05:10:33.000000,view,96616,1001,electronics.smartphone,apple,779.85,100575,77528b5b-4ece-4110-a403-c11299167c2d
2024-01-16T08:00:00.000000,view,59527,1004,computers.notebook,bosch,3338.15,100249,097faf96-eb1d-459c-ab87-db5cc004e43d
2024-01-16T08:00:00.000000,view,84634,1002,electronics.audio.headphone,asus,210.9,100771,dbc014e0-9775-43c5-a276-031c6cddbbae
2024-01-16T08:00:49.000000,view,59527,1004,computers.notebook,bosch,3338.15,100249,097faf96-eb1d-459c-ab87-db5cc004e43d
2024-01-16T08:01:00.000000,view,59527,1004,computers.notebook,bosch,3338.15,100249,097faf96-eb1d-459c-ab87-db5cc004e43d
2024-01-16T08:02:23.000000,view,84634,1002,electronics.audio.headphone,asus,210.9,100771,dbc014e0-9775-43c5-a276-031c6cddbbae
2024-01-16T08:02:33.000000,view,84634,1002,electronics.audio.headphone,asus,210.9,100771,dbc014e0-9775-43c5-a276-031c6cddbbae
2024-01-16T08:04:43.000000,view,84634,1002,electronics.audio.headphone,asus,210.9,100771,dbc014e0-9775-43c5-a276-031c6cddbbae
2024-01-16T08:16:09.000000,view,82836,1006,auto.accessories,nike,118.56,100115,a99ec34e-cd3d-4c20-8539-4aba296a447d
2024-01-16T08:18:01.000000,view,82836,1006,auto.accessories,nike,118.56,100115,a99ec34e-cd3d-4c20-8539-4aba296a447d
2024-01-16T08:18:32.000000,view,82836,1006,auto.accessories,nike,118.56,100115,a99ec34e-cd3d-4c20-8539-4aba296a447d
2024-01-16T08:21:25.000000,view,82836,1006,auto.accessories,nike,118.56,100115,a99ec34e-cd3d-4c20-8539-4aba296a447d
2024-01-16T09:00:00.000000,view,64184,1002,electronics.audio.headphone,xiaomi,241.1,100672,d0e06e14-d39c-44f1-9b76-a0cb7fd12a9e
2024-01-16T09:01:37.000000,view,64184,1002,electronics.audio.headphone,xiaomi,241.1,100672,d0e06e14-d39c-44f1-9b76-a0cb7fd12a9e
2024-01-16T10:00:00.000000,view,63259,1001,electronics.smartphone,lg,1195.48,100112,13068f1a-5ff3-4e87-8db4-b1aaee465e4a
2024-01-16T10:02:56.000000,view,63259,1001,electronics.smartphone,lg,1195.48,100112,13068f1a-5ff3-4e87-8db4-b1aaee465e4a
2024-01-16T10:04:23.000000,cart,63259,1001,electronics.smartphone,lg,1195.48,100112,13068f1a-5ff3-4e87-8db4-b1aaee465e4a
2024-01-16T10:05:13.000000,purchase,63259,1001,electronics.smartphone,lg,1195.48,100112,13068f1a-5ff3-4e87-8db4-b1aaee465e4a
2024-01-16T10:23:52.000000,view,83508,1003,appliances.kitchen.refrigerators,apple,2326.03,100115,3b765a22-1ce8-4d9e-afcf-8281b22b9f31
2024-01-16T10:26:19.000000,view,83508,1003,appliances.kitchen.refrigerators,apple,2326.03,100115,3b765a22-1ce8-4d9e-afcf-8281b22b9f31
2024-01-16T10:27:52.000000,cart,83508,1003,appliances.kitchen.refrigerators,apple,2326.03,100115,3b765a22-1ce8-4d9e-afcf-8281b22b9f31
2024-01-16T11:00:00.000000,view,69796,1005,apparel.shoes,apple,125.06,100894,3eb3a322-16c2-466a-836d-7ad3d7fac52f
2024-01-16T11:00:11.000000,view,69796,1005,apparel.shoes,apple,125.06,100894,3eb3a322-16c2-466a-836d-7ad3d7fac52f
2024-01-16T11:01:08.000000,view,69796,1005,apparel.shoes,apple,125.06,100894,3eb3a322-16c2-466a-836d-7ad3d7fac52f
2024-01-16T11:01:56.000000,cart,69796,1005,apparel.shoes,apple,125.06,100894,3eb3a322-16c2-466a-836d-7ad3d7fac52f
2024-01-16T12:00:00.000000,view,63963,1003,appliances.kitchen.refrigerators,xiaomi,304.92,100346,6fc2eba4-6410-4833-b0f5-2e1170d0a021
2024-01-16T12:01:05.000000,view,63963,1003,appliances.kitchen.refrigerators,xiaomi,304.92,100346,6fc2eba4-6410-4833-b0f5-2e1170d0a021
2024-01-16T12:02:33.000000,view,63963,1003,appliances.kitchen.refrigerators,xiaomi,304.92,100346,6fc2eba4-6410-4833-b0f5-2e1170d0a021
2024-01-16T12:05:27.000000,view,63963,1003,appliances.kitchen.refrigerators,xiaomi,304.92,100346,6fc2eba4-6410-4833-b0f5-2e1170d0a021
2024-01-16T13:00:00.000000,view,71365,1001,electronics.smartphone,asus,580.6,100320,8d2854b8-9120-4f8b-90c1-de9ec76e6a9f
2024-01-16T13:01:14.000000,view,71365,1001,electronics.smartphone,asus,580.6,100320,8d2854b8-9120-4f8b-90c1-de9ec76e6a9f
2024-01-16T14:00:00.000000,view,98884,1002,electronics.audio.headphone,bosch,27.0,100344,466b0a2d-4a20-4b8c-861a-a4b8e6a35666
2024-01-16T14:00:00.000000,view,74044,1005,apparel.shoes,apple,104.94,100670,0fcf3210-97fe-4ed6-a235-464d157b4237
2024-01-16T14:01:56.000000,view,74044,1005,apparel.shoes,apple,104.94,100670,0fcf3210-97fe-4ed6-a235-464d157b4237
2024-01-16T14:02:26.000000,view,98884,1002,electronics.audio.headphone,bosch,27.0,100344,466b0a2d-4a20-4b8c-861a-a4b8e6a35666
2024-01-16T14:03:46.000000,view,74044,1005,apparel.shoes,apple,104.94,100670,0fcf3210-97fe-4ed6-a235-464d157b4237
2024-01-16T14:04:04.000000,view,98884,1002,electronics.audio.headphone,bosch,27.0,100344,466b0a2d-4a20-4b8c-861a-a4b8e6a35666
2024-01-16T14:05:16.000000,view,98884,1002,electronics.audio.headphone,bosch,27.0,100344,466b0a2d-4a20-4b8c-861a-a4b8e6a35666
2024-01-16T15:00:00.000000,view,82933,1004,computers.notebook,nike,3261.63,100083,147abddc-9b4e-46db-81ce-89705eb6d8b8
2024-01-16T15:00:40.000000,view,82933,1004,computers.notebook,nike,3261.63,100083,147abddc-9b4e-46db-81ce-89705eb6d8b8
2024-01-16T15:02:54.000000,view,98098,1001,electronics.smartphone,samsung,1015.27,100381,c5108330-e5b5-481a-a2bb-0bcba265fa83
2024-01-16T15:03:33.000000,view,82933,1004,computers.notebook,nike,3261.63,100083,147abddc-9b4e-46db-81ce-89705eb6d8b8
2024-01-16T15:04:58.000000,cart,82933,1004,computers.notebook,nike,3261.63,100083,147abddc-9b4e-46db-81ce-89705eb6d8b8
2024-01-16T15:05:10.000000,view,98098,1001,electronics.smartphone,samsung,1015.27,100381,c5108330-e5b5-481a-a2bb-0bcba265fa83
2024-01-16T15:05:41.000000,purchase,82933,1004,computers.notebook,nike,3261.63,100083,147abddc-9b4e-46db-81ce-89705eb6d8b8
2024-01-16T15:06:12.000000,view,98098,1001,electronics.smartphone,samsung,1015.27,100381,c5108330-e5b5-481a-a2bb-0bcba265fa83
2024-01-16T15:07:19.000000,view,56231,1006,auto.accessories,xiaomi,129.7,100626,6233bdc3-41a9-41a8-a8c3-8f362d9c8396
2024-01-16T15:08:29.000000,cart,56231,1006,auto.accessories,xiaomi,129.7,100626,6233bdc3-41a9-41a8-a8c3-8f362d9c8396
2024-01-16T16:00:00.000000,view,59871,1004,computers.notebook,samsung,1630.48,100379,6cdfa9dd-3d94-46a7-a9be-8da7d2bc3705
2024-01-16T16:00:00.000000,view,67144,1006,auto.accessories,apple,99.45,100574,3cdd5dea-25a3-462f-8d72-71a615867154
2024-01-16T16:00:00.000000,view,63374,1006,auto.accessories,xiaomi,119.3,100812,7708804e-63d8-4bc2-b80d-9c830abd9f7a
2024-01-16T16:02:08.000000,view,63374,1006,auto.accessories,xiaomi,119.3,100812,7708804e-63d8-4bc2-b80d-9c830abd9f7a
2024-01-16T16:02:20.000000,view,59871,1004,computers.notebook,samsung,1630.48,100379,6cdfa9dd-3d94-46a7-a9be-8da7d2bc3705
2024-01-16T16:02:54.000000,view,67144,1006,auto.accessories,apple,99.45,100574,3cdd5dea-25a3-462f-8d72-71a615867154
2024-01-16T16:03:18.000000,view,95179,1004,computers.notebook,samsung,760.63,100491,32d4ad3b-3c15-4d4a-9883-5cef00335d48
2024-01-16T16:03:29.000000,view,95179,1004,computers.notebook,samsung,760.63,100491,32d4ad3b-3c15-4d4a-9883-5cef00335d48
2024-01-16T16:03:49.000000,view,67144,1006,auto.accessories,apple,99.45,100574,3cdd5dea-25a3-462f-8d72-71a615867154
2024-01-16T16:03:55.000000,view,59871,1004,computers.notebook,samsung,1630.48,100379,6cdfa9dd-3d94-46a7-a9be-8da7d2bc3705
2024-01-16T16:04:18.000000,view,59871,1004,computers.notebook,samsung,1630.48,100379,6cdfa9dd-3d94-46a7-a9be-8da7d2bc3705
2024-01-16T16:04:40.000000,view,95179,1004,computers.notebook,samsung,760.63,100491,32d4ad3b-3c15-4d4a-9883-5cef00335d48
2024-01-16T16:06:20.000000,cart,59871,1004,computers.notebook,samsung,1630.48,100379,6cdfa9dd-3d94-46a7-a9be-8da7d2bc3705
2024-01-16T16:06:47.000000,purchase,59871,1004,computers.notebook,samsung,1630.48,100379,6cdfa9dd-3d94-46a7-a9be-8da7d2bc3705
2024-01-16T16:06:56.000000,view,75862,1003,appliances.kitchen.refrigerators,bosch,360.86,100527,36c5b952-e98c-4b1a-a8bc-30ceb999983a
2024-01-16T16:08:46.000000,view,75862,1003,appliances.kitchen.refrigerators,bosch,360.86,100527,36c5b952-e98c-4b1a-a8bc-30ceb999983a
2024-01-16T16:10:51.000000,view,75862,1003,appliances.kitchen.refrigerators,bosch,360.86,100527,36c5b952-e98c-4b1a-a8bc-30ceb999983a
2024-01-16T17:00:00.000000,view,94684,1003,appliances.kitchen.refrigerators,xiaomi,966.22,100232,d42ff013-8524-46a5-a0bc-005c94116a4a
2024-01-16T17:02:17.000000,view,62422,1005,apparel.shoes,nike,139.95,100324,4346c2d0-1b3f-4f25-b1ae-7c5f2e08ec0e
2024-01-16T17:04:16.000000,view,62422,1005,apparel.shoes,nike,139.95,100324,4346c2d0-1b3f-4f25-b1ae-7c5f2e08ec0e
2024-01-16T17:04:56.000000,view,62422,1005,apparel.shoes,nike,139.95,100324,4346c2d0-1b3f-4f25-b1ae-7c5f2e08ec0e
2024-01-16T17:06:05.000000,view,62422,1005,apparel.shoes,nike,139.95,100324,4346c2d0-1b3f-4f25-b1ae-7c5f2e08ec0e
2024-01-16T17:07:09.000000,cart,62422,1005,apparel.shoes,nike,139.95,100324,4346c2d0-1b3f-4f25-b1ae-7c5f2e08ec0e
2024-01-16T17:08:05.000000,purchase,62422,1005,apparel.shoes,nike,139.95,100324,4346c2d0-1b3f-4f25-b1ae-7c5f2e08ec0e
2024-01-16T17:08:06.000000,view,60463,1001,electronics.smartphone,bosch,883.05,100001,0888bb5e-e954-44c9-ae76-c9f62912c171
2024-01-16T17:09:27.000000,view,60463,1001,electronics.smartphone,bosch,883.05,100001,0888bb5e-e954-44c9-ae76-c9f62912c171
2024-01-16T17:10:16.000000,view,60463,1001,electronics.smartphone,bosch,883.05,100001,0888bb5e-e954-44c9-ae76-c9f62912c171
2024-01-16T18:00:00.000000,view,71253,1002,electronics.audio.headphone,asus,266.63,100639,d87f307b-225e-4422-876b-6c15ef19835b
2024-01-16T18:01:18.000000,view,71253,1002,electronics.audio.headphone,asus,266.63,100639,d87f307b-225e-4422-876b-6c15ef19835b
2024-01-16T18:01:40.000000,view,71253,1002,electronics.audio.headphone,asus,266.63,100639,d87f307b-225e-4422-876b-6c15ef19835b
2024-01-16T19:00:00.000000,view,93034,1002,electronics.audio.headphone,apple,78.4,100826,f616c384-9774-4cdb-aafc-992079c69ddd
2024-01-16T19:01:53.000000,view,93034,1002,electronics.audio.headphone,apple,78.4,100826,f616c384-9774-4cdb-aafc-992079c69ddd
2024-01-16T19:02:27.000000,view,93034,1002,electronics.audio.headphone,apple,78.4,100826,f616c384-9774-4cdb-aafc-992079c69ddd
2024-01-16T19:02:40.000000,cart,93034,1002,electronics.audio.headphone,apple,78.4,100826,f616c384-9774-4cdb-aafc-992079c69ddd
2024-01-16T19:03:57.000000,purchase,93034,1002,electronics.audio.headphone,apple,78.4,100826,f616c384-9774-4cdb-aafc-992079c69ddd
2024-01-16T20:00:00.000000,view,98861,1001,electronics.smartphone,asus,529.85,100254,b63f9418-0622-40b4-8688-2b7cd7f99a5e
2024-01-16T20:02:34.000000,view,98861,1001,electronics.smartphone,asus,529.85,100254,b63f9418-0622-40b4-8688-2b7cd7f99a5e
2024-01-16T20:04:35.000000,view,98861,1001,electronics.smartphone,asus,529.85,100254,b63f9418-0622-40b4-8688-2b7cd7f99a5e
2024-01-16T20:05:51.000000,view,98861,1001,electronics.smartphone,asus,529.85,100254,b63f9418-0622-40b4-8688-2b7cd7f99a5e
2024-01-16T21:02:23.000000,view,65959,1002,electronics.audio.headphone,nike,83.2,100894,f3cc82b9-169b-48ab-a34b-1a25720b57c7
2024-01-16T21:04:38.000000,view,65959,1002,electronics.audio.headphone,nike,83.2,100894,f3cc82b9-169b-48ab-a34b-1a25720b57c7
2024-01-17T00:04:55.000000,view,54514,1001,electronics.smartphone,xiaomi,336.1,100498,efff6918-6156-4957-92e7-fb33a5a2fd18
2024-01-17T00:06:45.000000,view,54514,1001,electronics.smartphone,xiaomi,336.1,100498,efff6918-6156-4957-92e7-fb33a5a2fd18
2024-01-17T00:07:33.000000,view,54514,1001,electronics.smartphone,xiaomi,336.1,100498,efff6918-6156-4957-92e7-fb33a5a2fd18
2024-01-17T06:25:44.000000,view,55594,1001,electronics.smartphone,apple,247.89,100043,6bf2c83c-f763-414f-804f-6c8d30f68764
2024-01-17T07:20:14.000000,view,62010,1004,computers.notebook,nike,1622.15,100766,d5987707-30f7-403d-91b1-33ba87ba555f
2024-01-17T07:22:34.000000,cart,62010,1004,computers.notebook,nike,1622.15,100766,d5987707-30f7-403d-91b1-33ba87ba555f
2024-01-17T08:00:00.000000,view,72560,1001,electronics.smartphone,apple,1033.95,100667,3cb5e5a5-4dd8-4d0e-a8ab-dbd81b3d72fd
2024-01-17T08:00:00.000000,view,66122,1006,auto.accessories,xiaomi,99.77,100824,43b02190-28b9-4349-bf7b-fc5e339062c8
2024-01-17T08:02:30.000000,view,72560,1001,electronics.smartphone,apple,1033.95,100667,3cb5e5a5-4dd8-4d0e-a8ab-dbd81b3d72fd
2024-01-17T08:02:41.000000,cart,72560,1001,electronics.smartphone,apple,1033.95,100667,3cb5e5a5-4dd8-4d0e-a8ab-dbd81b3d72fd
2024-01-17T10:00:00.000000,view,74969,1005,apparel.shoes,xiaomi,56.23,100849,2ef7ad53-db0b-47ca-a218-0c7f18d67495
2024-01-17T10:08:06.000000,view,54144,1006,auto.accessories,asus,117.05,100149,f758d578-37a3-4699-a3f0-5e262148fe85
2024-01-17T10:08:34.000000,cart,54144,1006,auto.accessories,asus,117.05,100149,f758d578-37a3-4699-a3f0-5e262148fe85
2024-01-17T10:09:53.000000,purchase,54144,1006,auto.accessories,asus,117.05,100149,f758d578-37a3-4699-a3f0-5e262148fe85
2024-01-17T11:00:00.000000,view,94829,1005,apparel.shoes,asus,168.02,100197,fafa8244-5379-445b-88ff-1e5a95b5bb8b
2024-01-17T11:01:29.000000,view,94829,1005,apparel.shoes,asus,168.02,100197,fafa8244-5379-445b-88ff-1e5a95b5bb8b
2024-01-17T12:00:00.000000,view,78793,1003,appliances.kitchen.refrigerators,apple,2091.51,100703,bda4c756-0752-4950-b407-52dd5d201e8d
2024-01-17T12:01:16.000000,view,78793,1003,appliances.kitchen.refrigerators,apple,2091.51,100703,bda4c756-0752-4950-b407-52dd5d201e8d
2024-01-17T12:04:15.000000,view,78793,1003,appliances.kitchen.refrigerators,apple,2091.51,100703,bda4c756-0752-4950-b407-52dd5d201e8d
2024-01-17T12:06:44.000000,view,78793,1003,appliances.kitchen.refrigerators,apple,2091.51,100703,bda4c756-0752-4950-b407-52dd5d201e8d
2024-01-17T13:00:00.000000,view,93806,1003,appliances.kitchen.refrigerators,asus,1875.89,100466,7ab214b5-77b9-40c9-b424-0af59820df93
2024-01-17T13:02:16.000000,view,93806,1003,appliances.kitchen.refrigerators,asus,1875.89,100466,7ab214b5-77b9-40c9-b424-0af59820df93
2024-01-17T13:04:52.000000,view,93806,1003,appliances.kitchen.refrigerators,asus,1875.89,100466,7ab214b5-77b9-40c9-b424-0af59820df93
2024-01-17T13:05:52.000000,view,93806,1003,appliances.kitchen.refrigerators,asus,1875.89,100466,7ab214b5-77b9-40c9-b424-0af59820df93
2024-01-17T13:06:34.000000,cart,93806,1003,appliances.kitchen.refrigerators,asus,1875.89,100466,7ab214b5-77b9-40c9-b424-0af59820df93
2024-01-17T16:00:00.000000,view,70665,1001,electronics.smartphone,xiaomi,1124.89,100461,60584554-eee0-42e3-925f-60b81f408b35
2024-01-17T16:00:00.000000,view,69667,1001,electronics.smartphone,apple,257.44,100885,fdc95249-8dd4-44f6-a780-90943b9a9abf
2024-01-17T16:01:01.000000,view,70665,1001,electronics.smartphone,xiaomi,1124.89,100461,60584554-eee0-42e3-925f-60b81f408b35
2024-01-17T16:01:34.000000,view,69667,1001,electronics.smartphone,apple,257.44,100885,fdc95249-8dd4-44f6-a780-90943b9a9abf
2024-01-17T16:02:28.000000,cart,70665,1001,electronics.smartphone,xiaomi,1124.89,100461,60584554-eee0-42e3-925f-60b81f408b35
2024-01-17T16:02:46.000000,view,69667,1001,electronics.smartphone,apple,257.44,100885,fdc95249-8dd4-44f6-a780-90943b9a9abf
2024-01-17T16:02:57.000000,view,51736,1001,electronics.smartphone,samsung,972.94,100898,1b2f7d4e-badf-40f9-9e0f-4beb4b42605d
2024-01-17T16:03:17.000000,purchase,70665,1001,electronics.smartphone,xiaomi,1124.89,100461,60584554-eee0-42e3-925f-60b81f408b35
2024-01-17T16:04:13.000000,cart,69667,1001,electronics.smartphone,apple,257.44,100885,fdc95249-8dd4-44f6-a780-90943b9a9abf
2024-01-17T16:05:28.000000,view,51736,1001,electronics.smartphone,samsung,972.94,100898,1b2f7d4e-badf-40f9-9e0f-4beb4b42605d
2024-01-17T16:05:41.000000,view,60847,1006,auto.accessories,nike,21.99,100112,d591de2e-3929-4ce3-b32d-e92fa2443886
2024-01-17T16:06:50.000000,view,60847,1006,auto.accessories,nike,21.99,100112,d591de2e-3929-4ce3-b32d-e92fa2443886
2024-01-17T16:08:49.000000,view,60847,1006,auto.accessories,nike,21.99,100112,d591de2e-3929-4ce3-b32d-e92fa2443886
2024-01-17T16:11:46.000000,cart,60847,1006,auto.accessories,nike,21.99,100112,d591de2e-3929-4ce3-b32d-e92fa2443886
2024-01-17T16:12:13.000000,purchase,60847,1006,auto.accessories,nike,21.99,100112,d591de2e-3929-4ce3-b32d-e92fa2443886
2024-01-17T17:00:00.000000,view,78116,1004,computers.notebook,lg,3392.52,100139,accd640c-251d-454c-93db-80292d0c54fb
2024-01-17T17:00:00.000000,view,76546,1002,electronics.audio.headphone,asus,104.37,100866,d06376b1-108b-4963-925e-cf644d564bee
2024-01-17T17:00:11.000000,view,78116,1004,computers.notebook,lg,3392.52,100139,accd640c-251d-454c-93db-80292d0c54fb
2024-01-17T17:00:30.000000,view,78116,1004,computers.notebook,lg,3392.52,100139,accd640c-251d-454c-93db-80292d0c54fb
2024-01-17T17:01:01.000000,view,76546,1002,electronics.audio.headphone,asus,104.37,100866,d06376b1-108b-4963-925e-cf644d564bee
2024-01-17T17:02:56.000000,view,78116,1004,computers.notebook,lg,3392.52,100139,accd640c-251d-454c-93db-80292d0c54fb
2024-01-17T18:00:00.000000,view,84497,1006,auto.accessories,nike,27.62,100057,63ec35cb-2b9b-4c6f-adeb-8f5a8f014d74
2024-01-17T18:02:20.000000,view,84497,1006,auto.accessories,nike,27.62,100057,63ec35cb-2b9b-4c6f-adeb-8f5a8f014d74
2024-01-17T18:04:02.000000,view,84497,1006,auto.accessories,nike,27.62,100057,63ec35cb-2b9b-4c6f-adeb-8f5a8f014d74
2024-01-17T18:04:16.000000,view,84497,1006,auto.accessories,nike,27.62,100057,63ec35cb-2b9b-4c6f-adeb-8f5a8f014d74
2024-01-17T18:05:58.000000,cart,84497,1006,auto.accessories,nike,27.62,100057,63ec35cb-2b9b-4c6f-adeb-8f5a8f014d74
2024-01-17T18:06:40.000000,purchase,84497,1006,auto.accessories,nike,27.62,100057,63ec35cb-2b9b-4c6f-adeb-8f5a8f014d74
2024-01-17T19:00:00.000000,view,95920,1003,appliances.kitchen.refrigerators,nike,1949.43,100173,a3377bcf-4a81-424a-bbe5-1198c49fbe68
2024-01-17T19:00:00.000000,view,54327,1006,auto.accessories,apple,71.9,100668,0285156f-ef21-401f-ae65-5e14df302147
2024-01-17T19:00:52.000000,view,95920,1003,appliances.kitchen.refrigerators,nike,1949.43,100173,a3377bcf-4a81-424a-bbe5-1198c49fbe68
2024-01-17T19:02:37.000000,view,54327,1006,auto.accessories,apple,71.9,100668,0285156f-ef21-401f-ae65-5e14df302147
2024-01-17T19:02:43.000000,cart,95920,1003,appliances.kitchen.refrigerators,nike,1949.43,100173,a3377bcf-4a81-424a-bbe5-1198c49fbe68
2024-01-17T19:03:51.000000,view,93270,1005,apparel.shoes,nike,67.35,100667,7b3921f3-ff14-4398-b886-03cdd84842c2
2024-01-17T19:05:21.000000,view,54327,1006,auto.accessories,apple,71.9,100668,0285156f-ef21-401f-ae65-5e14df302147
2024-01-17T19:06:15.000000,view,93270,1005,apparel.shoes,nike,67.35,100667,7b3921f3-ff14-4398-b886-03cdd84842c2
2024-01-17T19:06:56.000000,view,93270,1005,apparel.shoes,nike,67.35,100667,7b3921f3-ff14-4398-b886-03cdd84842c2
2024-01-17T19:07:45.000000,view,75752,1002,electronics.audio.headphone,bosch,37.45,100277,ae2eeb6d-f5d3-465a-9ccd-04fd204a3436
2024-01-17T19:09:11.000000,view,75752,1002,electronics.audio.headphone,bosch,37.45,100277,ae2eeb6d-f5d3-465a-9ccd-04fd204a3436
2024-01-17T19:10:41.000000,view,75752,1002,electronics.audio.headphone,bosch,37.45,100277,ae2eeb6d-f5d3-465a-9ccd-04fd204a3436
2024-01-17T19:13:21.000000,view,75752,1002,electronics.audio.headphone,bosch,37.45,100277,ae2eeb6d-f5d3-465a-9ccd-04fd204a3436
2024-01-17T20:00:00.000000,view,58504,1003,appliances.kitchen.refrigerators,xiaomi,817.02,100603,a761a7a3-59a0-433a-a375-355c5651cbe9
2024-01-17T20:01:52.000000,view,58504,1003,appliances.kitchen.refrigerators,xiaomi,817.02,100603,a761a7a3-59a0-433a-a375-355c5651cbe9
2024-01-17T20:02:43.000000,view,58504,1003,appliances.kitchen.refrigerators,xiaomi,817.02,100603,a761a7a3-59a0-433a-a375-355c5651cbe9
2024-01-17T20:03:29.000000,view,68994,1003,appliances.kitchen.refrigerators,lg,2433.13,100249,5cf06581-375f-477d-8734-e208b9e49d36
2024-01-17T20:06:03.000000,view,68994,1003,appliances.kitchen.refrigerators,lg,2433.13,100249,5cf06581-375f-477d-8734-e208b9e49d36
2024-01-17T20:06:19.000000,view,74778,1005,apparel.shoes,samsung,154.91,100574,e1839b69-68a6-47b0-910b-47724f98444a
2024-01-17T20:07:05.000000,view,68872,1006,auto.accessories,asus,114.07,100381,c086e821-9bc3-470e-a75b-69f55bbca393
2024-01-17T20:08:06.000000,cart,68994,1003,appliances.kitchen.refrigerators,lg,2433.13,100249,5cf06581-375f-477d-8734-e208b9e49d36
2024-01-17T20:08:44.000000,view,74778,1005,apparel.shoes,samsung,154.91,100574,e1839b69-68a6-47b0-910b-47724f98444a
2024-01-17T20:11:39.000000,cart,74778,1005,apparel.shoes,samsung,154.91,100574,e1839b69-68a6-47b0-910b-47724f98444a
2024-01-17T20:12:28.000000,purchase,74778,1005,apparel.shoes,samsung,154.91,100574,e1839b69-68a6-47b0-910b-47724f98444a
2024-01-17T23:01:58.000000,view,68691,1006,auto.accessories,xiaomi,103.05,100639,0a5a9440-1dfe-4542-b9d4-ee4b1d06f7d5
2024-01-17T23:02:45.000000,view,68691,1006,auto.accessories,xiaomi,103.05,100639,0a5a9440-1dfe-4542-b9d4-ee4b1d06f7d5
2024-01-17T23:03:45.000000,view,68691,1006,auto.accessories,xiaomi,103.05,100639,0a5a9440-1dfe-4542-b9d4-ee4b1d06f7d5
2024-01-17T23:04:14.000000,cart,68691,1006,auto.accessories,xiaomi,103.05,100639,0a5a9440-1dfe-4542-b9d4-ee4b1d06f7d5
2024-01-17T23:04:53.000000,purchase,68691,1006,auto.accessories,xiaomi,103.05,100639,0a5a9440-1dfe-4542-b9d4-ee4b1d06f7d5
2024-01-18T00:07:05.000000,view,56212,1001,electronics.smartphone,nike,903.13,100466,314cec06-2964-444f-9b85-1f3bbc3b4d14
2024-01-18T00:09:52.000000,view,56212,1001,electronics.smartphone,nike,903.13,100466,314cec06-2964-444f-9b85-1f3bbc3b4d14
2024-01-18T00:10:28.000000,view,56212,1001,electronics.smartphone,nike,903.13,100466,314cec06-2964-444f-9b85-1f3bbc3b4d14
2024-01-18T00:11:41.000000,cart,56212,1001,electronics.smartphone,nike,903.13,100466,314cec06-2964-444f-9b85-1f3bbc3b4d14
2024-01-18T02:03:59.000000,view,91710,1006,auto.accessories,asus,32.88,100976,5f050049-a03b-4091-b5dc-0797758bce89
2024-01-18T02:04:43.000000,view,91710,1006,auto.accessories,asus,32.88,100976,5f050049-a03b-4091-b5dc-0797758bce89
2024-01-18T02:05:10.000000,view,73417,1003,appliances.kitchen.refrigerators,xiaomi,1314.16,100968,0cdd316d-52b7-4de4-8cbc-6da144e0db8e
2024-01-18T02:05:24.000000,view,91710,1006,auto.accessories,asus,32.88,100976,5f050049-a03b-4091-b5dc-0797758bce89
2024-01-18T02:06:04.000000,view,73417,1003,appliances.kitchen.refrigerators,xiaomi,1314.16,100968,0cdd316d-52b7-4de4-8cbc-6da144e0db8e
2024-01-18T02:07:59.000000,view,73417,1003,appliances.kitchen.refrigerators,xiaomi,1314.16,100968,0cdd316d-52b7-4de4-8cbc-6da144e0db8e
2024-01-18T02:08:43.000000,view,73417,1003,appliances.kitchen.refrigerators,xiaomi,1314.16,100968,0cdd316d-52b7-4de4-8cbc-6da144e0db8e
2024-01-18T02:10:32.000000,cart,73417,1003,appliances.kitchen.refrigerators,xiaomi,1314.16,100968,0cdd316d-52b7-4de4-8cbc-6da144e0db8e
2024-01-18T02:11:37.000000,purchase,73417,1003,appliances.kitchen.refrigerators,xiaomi,1314.16,100968,0cdd316d-52b7-4de4-8cbc-6da144e0db8e
2024-01-18T04:05:05.000000,view,65319,1003,appliances.kitchen.refrigerators,xiaomi,506.4,100954,7337eeaf-42ce-4849-809c-29e4ea0af7ab
2024-01-18T04:06:10.000000,view,65319,1003,appliances.kitchen.refrigerators,xiaomi,506.4,100954,7337eeaf-42ce-4849-809c-29e4ea0af7ab
2024-01-18T04:06:33.000000,view,65319,1003,appliances.kitchen.refrigerators,xiaomi,506.4,100954,7337eeaf-42ce-4849-809c-29e4ea0af7ab
2024-01-18T04:09:17.000000,view,65319,1003,appliances.kitchen.refrigerators,xiaomi,506.4,100954,7337eeaf-42ce-4849-809c-29e4ea0af7ab
2024-01-18T04:09:24.000000,view,53924,1006,auto.accessories,nike,85.51,100267,3177f62b-e523-47d0-b073-d7f8c38f30a4
2024-01-18T04:10:29.000000,cart,65319,1003,appliances.kitchen.refrigerators,xiaomi,506.4,100954,7337eeaf-42ce-4849-809c-29e4ea0af7ab
2024-01-18T04:11:32.000000,view,53924,1006,auto.accessories,nike,85.51,100267,3177f62b-e523-47d0-b073-d7f8c38f30a4
2024-01-18T04:12:19.000000,view,53924,1006,auto.accessories,nike,85.51,100267,3177f62b-e523-47d0-b073-d7f8c38f30a4
2024-01-18T04:13:30.000000,cart,53924,1006,auto.accessories,nike,85.51,100267,3177f62b-e523-47d0-b073-d7f8c38f30a4
2024-01-18T08:00:00.000000,view,95827,1005,apparel.shoes,xiaomi,160.23,100331,e187ece6-8879-4881-9a7b-7be55e75dde1
2024-01-18T08:00:00.000000,view,74028,1006,auto.accessories,samsung,99.66,100562,196fb656-4396-4034-901e-6c922c58e061
2024-01-18T08:00:00.000000,view,76311,1002,electronics.audio.headphone,lg,79.47,100790,f52ec166-8bfa-4864-aa5a-7cc7208c678f
2024-01-18T08:01:44.000000,view,95827,1005,apparel.shoes,xiaomi,160.23,100331,e187ece6-8879-4881-9a7b-7be55e75dde1
2024-01-18T08:02:00.000000,view,74028,1006,auto.accessories,samsung,99.66,100562,196fb656-4396-4034-901e-6c922c58e061
2024-01-18T08:02:07.000000,view,76311,1002,electronics.audio.headphone,lg,79.47,100790,f52ec166-8bfa-4864-aa5a-7cc7208c678f
2024-01-18T08:02:49.000000,view,74028,1006,auto.accessories,samsung,99.66,100562,196fb656-4396-4034-901e-6c922c58e061
2024-01-18T08:03:36.000000,view,76311,1002,electronics.audio.headphone,lg,79.47,100790,f52ec166-8bfa-4864-aa5a-7cc7208c678f
2024-01-18T08:06:16.000000,view,76311,1002,electronics.audio.headphone,lg,79.47,100790,f52ec166-8bfa-4864-aa5a-7cc7208c678f
2024-01-18T08:08:01.000000,cart,76311,1002,electronics.audio.headphone,lg,79.47,100790,f52ec166-8bfa-4864-aa5a-7cc7208c678f
2024-01-18T08:13:16.000000,view,94427,1004,computers.notebook,asus,1314.97,100574,45ef0dfb-1d6f-450d-abdb-e90e8779d32b
2024-01-18T08:15:39.000000,view,94427,1004,computers.notebook,asus,1314.97,100574,45ef0dfb-1d6f-450d-abdb-e90e8779d32b
2024-01-18T10:00:00.000000,view,51121,1004,computers.notebook,samsung,3003.97,100619,b8e092b1-9257-452f-893b-2b513cead075
2024-01-18T10:01:43.000000,view,51121,1004,computers.notebook,samsung,3003.97,100619,b8e092b1-9257-452f-893b-2b513cead075
2024-01-18T11:00:00.000000,view,89752,1002,electronics.audio.headphone,samsung,64.38,100608,cb948a83-cb13-4f83-aac5-a65dcbe38ba2
2024-01-18T11:02:50.000000,cart,89752,1002,electronics.audio.headphone,samsung,64.38,100608,cb948a83-cb13-4f83-aac5-a65dcbe38ba2
2024-01-18T11:03:16.000000,purchase,89752,1002,electronics.audio.headphone,samsung,64.38,100608,cb948a83-cb13-4f83-aac5-a65dcbe38ba2
2024-01-18T12:00:00.000000,view,74327,1004,computers.notebook,bosch,2119.08,100059,6b688fea-edfe-4f45-88c6-46c3b0b881f6
2024-01-18T12:03:45.000000,view,63927,1002,electronics.audio.headphone,bosch,141.29,100908,fbe63eeb-94dd-4169-9e78-0a22433c8844
2024-01-18T12:06:22.000000,view,63927,1002,electronics.audio.headphone,bosch,141.29,100908,fbe63eeb-94dd-4169-9e78-0a22433c8844
2024-01-18T12:08:09.000000,view,63927,1002,electronics.audio.headphone,bosch,141.29,100908,fbe63eeb-94dd-4169-9e78-0a22433c8844
2024-01-18T12:08:24.000000,view,63927,1002,electronics.audio.headphone,bosch,141.29,100908,fbe63eeb-94dd-4169-9e78-0a22433c8844
2024-01-18T12:10:09.000000,view,75062,1005,apparel.shoes,nike,128.24,100773,1d6f84e1-f826-4f54-a1e0-61f03a4a2ea2
2024-01-18T12:10:44.000000,cart,63927,1002,electronics.audio.headphone,bosch,141.29,100908,fbe63eeb-94dd-4169-9e78-0a22433c8844
2024-01-18T12:11:25.000000,view,75062,1005,apparel.shoes,nike,128.24,100773,1d6f84e1-f826-4f54-a1e0-61f03a4a2ea2
2024-01-18T12:11:38.000000,view,55238,1006,auto.accessories,samsung,74.91,100836,35230d84-1273-4b45-9056-a0719629db39
2024-01-18T12:13:02.000000,cart,55238,1006,auto.accessories,samsung,74.91,100836,35230d84-1273-4b45-9056-a0719629db39
2024-01-18T12:13:16.000000,view,75062,1005,apparel.shoes,nike,128.24,100773,1d6f84e1-f826-4f54-a1e0-61f03a4a2ea2
2024-01-18T12:16:16.000000,view,75062,1005,apparel.shoes,nike,128.24,100773,1d6f84e1-f826-4f54-a1e0-61f03a4a2ea2
2024-01-18T12:18:26.000000,cart,75062,1005,apparel.shoes,nike,128.24,100773,1d6f84e1-f826-4f54-a1e0-61f03a4a2ea2
2024-01-18T12:20:23.000000,purchase,75062,1005,apparel.shoes,nike,128.24,100773,1d6f84e1-f826-4f54-a1e0-61f03a4a2ea2
2024-01-18T13:02:13.000000,view,57738,1002,electronics.audio.headphone,samsung,263.35,100617,81178760-7dae-4dc2-a5e5-616d5b1079b7
2024-01-18T13:04:07.000000,view,57738,1002,electronics.audio.headphone,samsung,263.35,100617,81178760-7dae-4dc2-a5e5-616d5b1079b7
2024-01-18T13:04:08.000000,view,77221,1005,apparel.shoes,samsung,81.98,100608,9cc1ee0f-1a0f-44de-8601-a4bec95adfdc
2024-01-18T13:05:10.000000,view,77221,1005,apparel.shoes,samsung,81.98,100608,9cc1ee0f-1a0f-44de-8601-a4bec95adfdc
2024-01-18T13:06:16.000000,view,57738,1002,electronics.audio.headphone,samsung,263.35,100617,81178760-7dae-4dc2-a5e5-616d5b1079b7
2024-01-18T13:09:15.000000,view,57738,1002,electronics.audio.headphone,samsung,263.35,100617,81178760-7dae-4dc2-a5e5-616d5b1079b7
2024-01-18T13:10:00.000000,cart,57738,1002,electronics.audio.headphone,samsung,263.35,100617,81178760-7dae-4dc2-a5e5-616d5b1079b7
2024-01-18T13:23:42.000000,view,76226,1006,auto.accessories,bosch,143.61,100766,167fff87-c134-4ef5-9f24-288d50c5efcd
2024-01-18T13:25:02.000000,view,76226,1006,auto.accessories,bosch,143.61,100766,167fff87-c134-4ef5-9f24-288d50c5efcd
2024-01-18T14:03:53.000000,view,60357,1006,auto.accessories,asus,57.86,100197,83abaa7e-cb27-4304-b522-ecb1463dedd8
2024-01-18T14:04:50.000000,cart,60357,1006,auto.accessories,asus,57.86,100197,83abaa7e-cb27-4304-b522-ecb1463dedd8
2024-01-18T15:00:00.000000,view,93215,1005,apparel.shoes,asus,179.55,100154,d6777076-1900-4cf2-a072-0531f2179e89
2024-01-18T15:00:00.000000,view,79094,1004,computers.notebook,apple,3089.35,100462,8dd91f3a-5d0c-4396-9371-0b51acabff12
2024-01-18T15:01:47.000000,view,79094,1004,computers.notebook,apple,3089.35,100462,8dd91f3a-5d0c-4396-9371-0b51acabff12
2024-01-18T15:02:13.000000,view,93215,1005,apparel.shoes,asus,179.55,100154,d6777076-1900-4cf2-a072-0531f2179e89
2024-01-18T15:03:54.000000,cart,93215,1005,apparel.shoes,asus,179.55,100154,d6777076-1900-4cf2-a072-0531f2179e89
2024-01-18T15:05:46.000000,purchase,93215,1005,apparel.shoes,asus,179.55,100154,d6777076-1900-4cf2-a072-0531f2179e89
2024-01-18T16:00:00.000000,view,51327,1001,electronics.smartphone,xiaomi,1107.23,100891,e62ccfed-b587-4a2a-8708-c69511312f73
2024-01-18T16:02:44.000000,view,51327,1001,electronics.smartphone,xiaomi,1107.23,100891,e62ccfed-b587-4a2a-8708-c69511312f73
2024-01-18T16:04:45.000000,cart,51327,1001,electronics.smartphone,xiaomi,1107.23,100891,e62ccfed-b587-4a2a-8708-c69511312f73
2024-01-18T16:07:41.000000,view,83992,1004,computers.notebook,lg,2589.12,100608,dd0a8453-10ea-4003-9b82-de6885ecd5c7
2024-01-18T16:08:36.000000,view,83992,1004,computers.notebook,lg,2589.12,100608,dd0a8453-10ea-4003-9b82-de6885ecd5c7
2024-01-18T16:09:32.000000,view,83992,1004,computers.notebook,lg,2589.12,100608,dd0a8453-10ea-4003-9b82-de6885ecd5c7
2024-01-18T16:11:11.000000,view,83992,1004,computers.notebook,lg,2589.12,100608,dd0a8453-10ea-4003-9b82-de6885ecd5c7
2024-01-18T17:00:00.000000,view,70568,1003,appliances.kitchen.refrigerators,xiaomi,559.52,100407,76c8975c-0d29-4dba-8191-0d3a717ef96c
2024-01-18T17:00:15.000000,view,61606,1002,electronics.audio.headphone,apple,127.68,100501,dcea9ca3-ac37-444b-b364-fd3f45d7ec3c
2024-01-18T17:01:57.000000,view,70568,1003,appliances.kitchen.refrigerators,xiaomi,559.52,100407,76c8975c-0d29-4dba-8191-0d3a717ef96c
2024-01-18T17:02:51.000000,view,61606,1002,electronics.audio.headphone,apple,127.68,100501,dcea9ca3-ac37-444b-b364-fd3f45d7ec3c
2024-01-18T17:04:16.000000,view,70568,1003,appliances.kitchen.refrigerators,xiaomi,559.52,100407,76c8975c-0d29-4dba-8191-0d3a717ef96c
2024-01-18T17:05:03.000000,view,70568,1003,appliances.kitchen.refrigerators,xiaomi,559.52,100407,76c8975c-0d29-4dba-8191-0d3a717ef96c
2024-01-18T18:07:32.000000,view,64336,1004,computers.notebook,asus,3313.86,100942,3b3ec985-e82c-433b-897a-743c80f6b56b
2024-01-18T18:09:15.000000,view,64336,1004,computers.notebook,asus,3313.86,100942,3b3ec985-e82c-433b-897a-743c80f6b56b
2024-01-18T18:11:31.000000,view,64336,1004,computers.notebook,asus,3313.86,100942,3b3ec985-e82c-433b-897a-743c80f6b56b
2024-01-18T20:00:00.000000,view,50506,1003,appliances.kitchen.refrigerators,apple,1394.25,100048,aa10a2bb-762f-4b9b-a0d2-50900d47b1bb
2024-01-18T20:00:54.000000,view,50506,1003,appliances.kitchen.refrigerators,apple,1394.25,100048,aa10a2bb-762f-4b9b-a0d2-50900d47b1bb
2024-01-18T20:01:37.000000,view,50506,1003,appliances.kitchen.refrigerators,apple,1394.25,100048,aa10a2bb-762f-4b9b-a0d2-50900d47b1bb
2024-01-18T20:03:24.000000,view,50506,1003,appliances.kitchen.refrigerators,apple,1394.25,100048,aa10a2bb-762f-4b9b-a0d2-50900d47b1bb
2024-01-18T20:09:19.000000,view,87063,1006,auto.accessories,xiaomi,27.75,100667,5ffc9ae6-75e6-4978-9556-9a4e5fb29fe8
2024-01-18T21:02:30.000000,view,85390,1005,apparel.shoes,nike,123.68,100858,38411977-9ef9-428f-a590-8489b8b7df43
2024-01-18T21:05:27.000000,view,85390,1005,apparel.shoes,nike,123.68,100858,38411977-9ef9-428f-a590-8489b8b7df43
2024-01-18T21:06:02.000000,view,85390,1005,apparel.shoes,nike,123.68,100858,38411977-9ef9-428f-a590-8489b8b7df43
2024-01-18T21:08:22.000000,view,85390,1005,apparel.shoes,nike,123.68,100858,38411977-9ef9-428f-a590-8489b8b7df43
2024-01-18T22:07:34.000000,view,55057,1002,electronics.audio.headphone,samsung,106.34,100057,91c7e037-25d7-48cc-84b8-75449883baa4
2024-01-19T03:00:11.000000,view,75252,1005,apparel.shoes,lg,51.26,100449,8ce8af7a-7c42-4a4d-be41-d177dac9af64
2024-01-19T03:01:27.000000,view,75252,1005,apparel.shoes,lg,51.26,100449,8ce8af7a-7c42-4a4d-be41-d177dac9af64
2024-01-19T03:03:54.000000,view,75252,1005,apparel.shoes,lg,51.26,100449,8ce8af7a-7c42-4a4d-be41-d177dac9af64
2024-01-19T03:04:34.000000,view,75252,1005,apparel.shoes,lg,51.26,100449,8ce8af7a-7c42-4a4d-be41-d177dac9af64
2024-01-19T04:01:18.000000,view,51937,1003,appliances.kitchen.refrigerators,nike,1565.3,100866,2989731f-6cea-43cd-b965-ae4d775a1c61
2024-01-19T04:02:15.000000,view,51937,1003,appliances.kitchen.refrigerators,nike,1565.3,100866,2989731f-6cea-43cd-b965-ae4d775a1c61
2024-01-19T04:02:54.000000,view,51937,1003,appliances.kitchen.refrigerators,nike,1565.3,100866,2989731f-6cea-43cd-b965-ae4d775a1c61
2024-01-19T04:05:26.000000,view,51937,1003,appliances.kitchen.refrigerators,nike,1565.3,100866,2989731f-6cea-43cd-b965-ae4d775a1c61
2024-01-19T05:09:06.000000,view,75429,1001,electronics.smartphone,lg,901.03,100858,0675fa61-0b6e-4fec-aeff-22354f633717
2024-01-19T05:09:46.000000,cart,75429,1001,electronics.smartphone,lg,901.03,100858,0675fa61-0b6e-4fec-aeff-22354f633717
2024-01-19T05:11:16.000000,purchase,75429,1001,electronics.smartphone,lg,901.03,100858,0675fa61-0b6e-4fec-aeff-22354f633717
2024-01-19T08:00:00.000000,view,90122,1001,electronics.smartphone,bosch,657.44,100480,c934023f-33f6-4fba-859c-726479fd55b1
2024-01-19T08:01:56.000000,view,90122,1001,electronics.smartphone,bosch,657.44,100480,c934023f-33f6-4fba-859c-726479fd55b1
2024-01-19T08:04:28.000000,view,90122,1001,electronics.smartphone,bosch,657.44,100480,c934023f-33f6-4fba-859c-726479fd55b1
2024-01-19T08:06:59.000000,view,90122,1001,electronics.smartphone,bosch,657.44,100480,c934023f-33f6-4fba-859c-726479fd55b1
2024-01-19T08:09:34.000000,cart,90122,1001,electronics.smartphone,bosch,657.44,100480,c934023f-33f6-4fba-859c-726479fd55b1
2024-01-19T09:00:00.000000,view,79270,1006,auto.accessories,asus,27.47,100677,a8fb4279-2659-4f20-8219-f3ec0fd4b5f0
2024-01-19T09:00:00.000000,view,72434,1001,electronics.smartphone,samsung,340.14,100754,b36df0ab-373f-444f-9416-3c721c5d0888
2024-01-19T09:00:00.000000,view,97538,1006,auto.accessories,asus,137.16,100888,3e65eb19-096b-4471-b0c2-f91f61c8a5c8
2024-01-19T09:00:31.000000,view,72434,1001,electronics.smartphone,samsung,340.14,100754,b36df0ab-373f-444f-9416-3c721c5d0888
2024-01-19T09:01:14.000000,view,97538,1006,auto.accessories,asus,137.16,100888,3e65eb19-096b-4471-b0c2-f91f61c8a5c8
2024-01-19T09:01:17.000000,view,72434,1001,electronics.smartphone,samsung,340.14,100754,b36df0ab-373f-444f-9416-3c721c5d0888
2024-01-19T09:01:31.000000,view,79270,1006,auto.accessories,asus,27.47,100677,a8fb4279-2659-4f20-8219-f3ec0fd4b5f0
2024-01-19T09:02:21.000000,view,79270,1006,auto.accessories,asus,27.47,100677,a8fb4279-2659-4f20-8219-f3ec0fd4b5f0
2024-01-19T09:02:25.000000,view,97538,1006,auto.accessories,asus,137.16,100888,3e65eb19-096b-4471-b0c2-f91f61c8a5c8
2024-01-19T09:03:24.000000,cart,79270,1006,auto.accessories,asus,27.47,100677,a8fb4279-2659-4f20-8219-f3ec0fd4b5f0
2024-01-19T09:04:18.000000,view,97538,1006,auto.accessories,asus,137.16,100888,3e65eb19-096b-4471-b0c2-f91f61c8a5c8
2024-01-19T09:05:03.000000,purchase,79270,1006,auto.accessories,asus,27.47,100677,a8fb4279-2659-4f20-8219-f3ec0fd4b5f0
2024-01-19T09:05:28.000000,view,80667,1006,auto.accessories,samsung,30.11,100771,0d7b7aa7-e68a-4b23-8ba0-0f3a1c0748c4
2024-01-19T09:06:05.000000,view,80667,1006,auto.accessories,samsung,30.11,100771,0d7b7aa7-e68a-4b23-8ba0-0f3a1c0748c4
2024-01-19T09:08:04.000000,view,80667,1006,auto.accessories,samsung,30.11,100771,0d7b7aa7-e68a-4b23-8ba0-0f3a1c0748c4
2024-01-19T09:08:21.000000,view,80667,1006,auto.accessories,samsung,30.11,100771,0d7b7aa7-e68a-4b23-8ba0-0f3a1c0748c4
2024-01-19T10:00:00.000000,view,74166,1001,electronics.smartphone,bosch,491.37,100556,8e16571b-ede9-4ffa-bc41-3aa9a2e36520
2024-01-19T10:00:00.000000,view,70030,1002,electronics.audio.headphone,apple,214.8,100713,6d72c34a-6dad-4eac-b51f-f17e1194a7bc
2024-01-19T10:01:22.000000,cart,70030,1002,electronics.audio.headphone,apple,214.8,100713,6d72c34a-6dad-4eac-b51f-f17e1194a7bc
2024-01-19T10:01:46.000000,view,74166,1001,electronics.smartphone,bosch,491.37,100556,8e16571b-ede9-4ffa-bc41-3aa9a2e36520
2024-01-19T10:04:44.000000,view,74166,1001,electronics.smartphone,bosch,491.37,100556,8e16571b-ede9-4ffa-bc41-3aa9a2e36520
2024-01-19T10:07:06.000000,view,74166,1001,electronics.smartphone,bosch,491.37,100556,8e16571b-ede9-4ffa-bc41-3aa9a2e36520
2024-01-19T11:07:17.000000,view,95024,1002,electronics.audio.headphone,samsung,48.02,100976,905e6012-81e3-4613-9177-836fbdb0a60c
2024-01-19T11:08:58.000000,view,95024,1002,electronics.audio.headphone,samsung,48.02,100976,905e6012-81e3-4613-9177-836fbdb0a60c
2024-01-19T11:11:51.000000,view,95024,1002,electronics.audio.headphone,samsung,48.02,100976,905e6012-81e3-4613-9177-836fbdb0a60c
2024-01-19T11:13:43.000000,view,95024,1002,electronics.audio.headphone,samsung,48.02,100976,905e6012-81e3-4613-9177-836fbdb0a60c
2024-01-19T12:00:00.000000,view,90239,1002,electronics.audio.headphone,bosch,286.8,100419,715e54c1-3ad1-43d4-a4b1-a2fc878cee3d
2024-01-19T12:02:22.000000,view,90239,1002,electronics.audio.headphone,bosch,286.8,100419,715e54c1-3ad1-43d4-a4b1-a2fc878cee3d
2024-01-19T12:05:06.000000,view,90239,1002,electronics.audio.headphone,bosch,286.8,100419,715e54c1-3ad1-43d4-a4b1-a2fc878cee3d
2024-01-19T12:12:19.000000,view,88717,1004,computers.notebook,nike,2011.74,100466,1eed406e-18a7-4b27-8360-4f36e1a1a65c
2024-01-19T12:13:02.000000,view,88717,1004,computers.notebook,nike,2011.74,100466,1eed406e-18a7-4b27-8360-4f36e1a1a65c
2024-01-19T12:14:35.000000,view,88717,1004,computers.notebook,nike,2011.74,100466,1eed406e-18a7-4b27-8360-4f36e1a1a65c
2024-01-19T12:16:33.000000,cart,88717,1004,computers.notebook,nike,2011.74,100466,1eed406e-18a7-4b27-8360-4f36e1a1a65c
2024-01-19T13:00:00.000000,view,98562,1002,electronics.audio.headphone,asus,216.35,100384,8e525719-a959-4863-8c9f-d48be60b7678
2024-01-19T13:01:42.000000,view,98562,1002,electronics.audio.headphone,asus,216.35,100384,8e525719-a959-4863-8c9f-d48be60b7678
2024-01-19T13:02:44.000000,view,98562,1002,electronics.audio.headphone,asus,216.35,100384,8e525719-a959-4863-8c9f-d48be60b7678
2024-01-19T13:03:16.000000,view,98562,1002,electronics.audio.headphone,asus,216.35,100384,8e525719-a959-4863-8c9f-d48be60b7678
2024-01-19T14:02:49.000000,view,92841,1002,electronics.audio.headphone,xiaomi,198.5,100958,2751c96a-f0c1-4d07-815c-f1585540eaa3
2024-01-19T14:04:14.000000,view,92841,1002,electronics.audio.headphone,xiaomi,198.5,100958,2751c96a-f0c1-4d07-815c-f1585540eaa3
2024-01-19T14:04:24.000000,cart,92841,1002,electronics.audio.headphone,xiaomi,198.5,100958,2751c96a-f0c1-4d07-815c-f1585540eaa3
2024-01-19T14:06:05.000000,purchase,92841,1002,electronics.audio.headphone,xiaomi,198.5,100958,2751c96a-f0c1-4d07-815c-f1585540eaa3
2024-01-19T15:00:00.000000,view,83005,1001,electronics.smartphone,nike,955.13,100492,c2a733ac-f8ef-41c0-b15f-dd0b34dd1168
2024-01-19T15:01:03.000000,view,83005,1001,electronics.smartphone,nike,955.13,100492,c2a733ac-f8ef-41c0-b15f-dd0b34dd1168
2024-01-19T15:02:34.000000,cart,83005,1001,electronics.smartphone,nike,955.13,100492,c2a733ac-f8ef-41c0-b15f-dd0b34dd1168
2024-01-19T16:03:10.000000,view,92029,1003,appliances.kitchen.refrigerators,lg,1495.26,100081,fa53acc9-b37d-41ee-af78-c1406310dd6f
2024-01-19T16:03:54.000000,view,92029,1003,appliances.kitchen.refrigerators,lg,1495.26,100081,fa53acc9-b37d-41ee-af78-c1406310dd6f
2024-01-19T16:06:13.000000,view,92029,1003,appliances.kitchen.refrigerators,lg,1495.26,100081,fa53acc9-b37d-41ee-af78-c1406310dd6f
2024-01-19T16:08:22.000000,view,92029,1003,appliances.kitchen.refrigerators,lg,1495.26,100081,fa53acc9-b37d-41ee-af78-c1406310dd6f
2024-01-19T16:09:41.000000,cart,92029,1003,appliances.kitchen.refrigerators,lg,1495.26,100081,fa53acc9-b37d-41ee-af78-c1406310dd6f
2024-01-19T16:10:10.000000,purchase,92029,1003,appliances.kitchen.refrigerators,lg,1495.26,100081,fa53acc9-b37d-41ee-af78-c1406310dd6f
2024-01-19T17:00:00.000000,view,67287,1005,apparel.shoes,bosch,86.46,100583,d8c9afca-7b0b-4f8c-a4ff-d154ff76bff4
2024-01-19T17:00:39.000000,cart,67287,1005,apparel.shoes,bosch,86.46,100583,d8c9afca-7b0b-4f8c-a4ff-d154ff76bff4
2024-01-19T17:02:01.000000,view,57097,1005,apparel.shoes,nike,112.36,100417,f66fa3ee-f83c-4963-beea-1fc45a222b30
2024-01-19T17:02:04.000000,purchase,67287,1005,apparel.shoes,bosch,86.46,100583,d8c9afca-7b0b-4f8c-a4ff-d154ff76bff4
2024-01-19T18:00:00.000000,view,75557,1005,apparel.shoes,xiaomi,138.49,100222,b80435c8-1d4e-4b53-a2b6-ab8fabe8da46
2024-01-19T18:00:00.000000,view,97916,1006,auto.accessories,apple,82.96,100934,9b0b5cbb-154f-479d-ac16-ad05a24cb566
2024-01-19T18:01:00.000000,view,75557,1005,apparel.shoes,xiaomi,138.49,100222,b80435c8-1d4e-4b53-a2b6-ab8fabe8da46
2024-01-19T18:02:02.000000,view,75557,1005,apparel.shoes,xiaomi,138.49,100222,b80435c8-1d4e-4b53-a2b6-ab8fabe8da46
2024-01-19T18:02:48.000000,view,97916,1006,auto.accessories,apple,82.96,100934,9b0b5cbb-154f-479d-ac16-ad05a24cb566
2024-01-19T18:03:33.000000,view,75557,1005,apparel.shoes,xiaomi,138.49,100222,b80435c8-1d4e-4b53-a2b6-ab8fabe8da46
2024-01-19T18:03:37.000000,cart,97916,1006,auto.accessories,apple,82.96,100934,9b0b5cbb-154f-479d-ac16-ad05a24cb566
2024-01-19T18:08:35.000000,view,80066,1004,computers.notebook,samsung,1082.3,100324,f04c869d-eac3-4ac2-bc59-99939ff4bb79
2024-01-19T18:11:31.000000,view,80066,1004,computers.notebook,samsung,1082.3,100324,f04c869d-eac3-4ac2-bc59-99939ff4bb79
2024-01-19T18:12:40.000000,view,86580,1002,electronics.audio.headphone,bosch,206.81,100412,b684912b-6424-4f47-9178-d64fb3929f04
2024-01-19T18:14:20.000000,view,80066,1004,computers.notebook,samsung,1082.3,100324,f04c869d-eac3-4ac2-bc59-99939ff4bb79
2024-01-19T18:16:04.000000,cart,80066,1004,computers.notebook,samsung,1082.3,100324,f04c869d-eac3-4ac2-bc59-99939ff4bb79
2024-01-19T18:16:46.000000,purchase,80066,1004,computers.notebook,samsung,1082.3,100324,f04c869d-eac3-4ac2-bc59-99939ff4bb79
2024-01-19T19:00:00.000000,view,58533,1002,electronics.audio.headphone,samsung,294.81,100259,d64b63e9-014e-4d2a-b5ee-7e987b54cebb
2024-01-19T19:00:38.000000,view,58533,1002,electronics.audio.headphone,samsung,294.81,100259,d64b63e9-014e-4d2a-b5ee-7e987b54cebb
2024-01-19T19:01:07.000000,view,58533,1002,electronics.audio.headphone,samsung,294.81,100259,d64b63e9-014e-4d2a-b5ee-7e987b54cebb
2024-01-19T19:01:21.000000,view,58533,1002,electronics.audio.headphone,samsung,294.81,100259,d64b63e9-014e-4d2a-b5ee-7e987b54cebb
2024-01-19T19:21:11.000000,view,57759,1005,apparel.shoes,nike,79.35,100773,2ee828c2-a12f-4928-8b28-1093eaa90e0b
2024-01-19T19:21:57.000000,view,57759,1005,apparel.shoes,nike,79.35,100773,2ee828c2-a12f-4928-8b28-1093eaa90e0b
2024-01-19T19:22:29.000000,view,57759,1005,apparel.shoes,nike,79.35,100773,2ee828c2-a12f-4928-8b28-1093eaa90e0b
2024-01-19T19:24:01.000000,cart,57759,1005,apparel.shoes,nike,79.35,100773,2ee828c2-a12f-4928-8b28-1093eaa90e0b
2024-01-19T20:00:00.000000,view,87454,1005,apparel.shoes,xiaomi,93.9,100589,ed60cc78-9400-4452-9780-b77d86238cbf
2024-01-19T21:03:24.000000,view,59442,1003,appliances.kitchen.refrigerators,nike,955.72,100150,4c3abf3e-7d50-4448-b41c-e25f1b3b0920
2024-01-19T21:03:36.000000,view,59442,1003,appliances.kitchen.refrigerators,nike,955.72,100150,4c3abf3e-7d50-4448-b41c-e25f1b3b0920
2024-01-19T21:06:07.000000,view,59442,1003,appliances.kitchen.refrigerators,nike,955.72,100150,4c3abf3e-7d50-4448-b41c-e25f1b3b0920
2024-01-19T21:08:39.000000,cart,59442,1003,appliances.kitchen.refrigerators,nike,955.72,100150,4c3abf3e-7d50-4448-b41c-e25f1b3b0920
2024-01-19T21:08:59.000000,purchase,59442,1003,appliances.kitchen.refrigerators,nike,955.72,100150,4c3abf3e-7d50-4448-b41c-e25f1b3b0920
2024-01-19T22:13:23.000000,view,67408,1005,apparel.shoes,nike,117.41,100608,2e4c7f22-e01d-4bcb-9a9a-602378fb93b8
2024-01-19T22:14:12.000000,view,67408,1005,apparel.shoes,nike,117.41,100608,2e4c7f22-e01d-4bcb-9a9a-602378fb93b8
2024-01-19T22:16:48.000000,view,67408,1005,apparel.shoes,nike,117.41,100608,2e4c7f22-e01d-4bcb-9a9a-602378fb93b8
2024-01-19T22:17:06.000000,view,67408,1005,apparel.shoes,nike,117.41,100608,2e4c7f22-e01d-4bcb-9a9a-602378fb93b8
2024-01-19T22:18:39.000000,cart,67408,1005,apparel.shoes,nike,117.41,100608,2e4c7f22-e01d-4bcb-9a9a-602378fb93b8
2024-01-19T23:02:51.000000,view,72286,1005,apparel.shoes,bosch,52.87,100232,224d8977-a718-4c90-8c14-38f60115e28b
2024-01-19T23:04:15.000000,view,72286,1005,apparel.shoes,bosch,52.87,100232,224d8977-a718-4c90-8c14-38f60115e28b
2024-01-19T23:07:10.000000,view,72286,1005,apparel.shoes,bosch,52.87,100232,224d8977-a718-4c90-8c14-38f60115e28b
2024-01-19T23:08:11.000000,view,72286,1005,apparel.shoes,bosch,52.87,100232,224d8977-a718-4c90-8c14-38f60115e28b
2024-01-20T00:12:27.000000,view,55622,1006,auto.accessories,nike,109.14,100908,acbd3397-872b-4e8f-b2c2-89012cf80230
2024-01-20T00:12:39.000000,view,55622,1006,auto.accessories,nike,109.14,100908,acbd3397-872b-4e8f-b2c2-89012cf80230
2024-01-20T00:14:14.000000,view,55622,1006,auto.accessories,nike,109.14,100908,acbd3397-872b-4e8f-b2c2-89012cf80230
2024-01-20T00:17:07.000000,view,55622,1006,auto.accessories,nike,109.14,100908,acbd3397-872b-4e8f-b2c2-89012cf80230
2024-01-20T01:10:13.000000,view,88319,1005,apparel.shoes,bosch,111.77,100626,bb25c8ff-b0ae-4699-8b6a-f375e584b527
2024-01-20T01:10:51.000000,view,88319,1005,apparel.shoes,bosch,111.77,100626,bb25c8ff-b0ae-4699-8b6a-f375e584b527
2024-01-20T02:09:57.000000,view,86084,1003,appliances.kitchen.refrigerators,asus,479.42,100667,08460421-1e22-41c6-ab53-a8aba15d9cbd
2024-01-20T02:12:32.000000,view,86084,1003,appliances.kitchen.refrigerators,asus,479.42,100667,08460421-1e22-41c6-ab53-a8aba15d9cbd
2024-01-20T02:14:40.000000,view,86084,1003,appliances.kitchen.refrigerators,asus,479.42,100667,08460421-1e22-41c6-ab53-a8aba15d9cbd
2024-01-20T02:16:50.000000,cart,86084,1003,appliances.kitchen.refrigerators,asus,479.42,100667,08460421-1e22-41c6-ab53-a8aba15d9cbd
2024-01-20T02:18:33.000000,purchase,86084,1003,appliances.kitchen.refrigerators,asus,479.42,100667,08460421-1e22-41c6-ab53-a8aba15d9cbd
2024-01-20T06:06:24.000000,view,74743,1005,apparel.shoes,nike,198.39,100866,eee0c2f8-e157-4286-a741-8d635f669a51
2024-01-20T06:08:25.000000,view,74743,1005,apparel.shoes,nike,198.39,100866,eee0c2f8-e157-4286-a741-8d635f669a51
2024-01-20T06:08:54.000000,view,74743,1005,apparel.shoes,nike,198.39,100866,eee0c2f8-e157-4286-a741-8d635f669a51
2024-01-20T06:09:04.000000,view,74743,1005,apparel.shoes,nike,198.39,100866,eee0c2f8-e157-4286-a741-8d635f669a51
2024-01-20T09:00:00.000000,view,57690,1002,electronics.audio.headphone,asus,28.88,100272,df500cc1-8129-4615-bded-14639a25b20e
2024-01-20T09:00:00.000000,view,52574,1005,apparel.shoes,nike,125.41,100673,e796660b-e851-45bf-9d84-7c4a84ae968a
2024-01-20T09:02:06.000000,view,57690,1002,electronics.audio.headphone,asus,28.88,100272,df500cc1-8129-4615-bded-14639a25b20e
2024-01-20T09:02:42.000000,view,52574,1005,apparel.shoes,nike,125.41,100673,e796660b-e851-45bf-9d84-7c4a84ae968a
2024-01-20T09:04:22.000000,view,57690,1002,electronics.audio.headphone,asus,28.88,100272,df500cc1-8129-4615-bded-14639a25b20e
2024-01-20T09:05:02.000000,view,57690,1002,electronics.audio.headphone,asus,28.88,100272,df500cc1-8129-4615-bded-14639a25b20e
2024-01-20T09:05:30.000000,view,52574,1005,apparel.shoes,nike,125.41,100673,e796660b-e851-45bf-9d84-7c4a84ae968a
2024-01-20T09:06:05.000000,view,52574,1005,apparel.shoes,nike,125.41,100673,e796660b-e851-45bf-9d84-7c4a84ae968a
2024-01-20T11:00:00.000000,view,51624,1002,electronics.audio.headphone,lg,74.32,100014,fd3f4da1-1be9-401a-afea-d36fb5fa0500
2024-01-20T11:00:00.000000,view,67947,1004,computers.notebook,apple,3470.24,100353,4f6e65e1-69b4-4d69-a64a-cbc2a29f2033
2024-01-20T11:01:55.000000,view,51624,1002,electronics.audio.headphone,lg,74.32,100014,fd3f4da1-1be9-401a-afea-d36fb5fa0500
2024-01-20T11:01:59.000000,view,67947,1004,computers.notebook,apple,3470.24,100353,4f6e65e1-69b4-4d69-a64a-cbc2a29f2033
2024-01-20T11:03:08.000000,view,51624,1002,electronics.audio.headphone,lg,74.32,100014,fd3f4da1-1be9-401a-afea-d36fb5fa0500
2024-01-20T11:04:26.000000,cart,51624,1002,electronics.audio.headphone,lg,74.32,100014,fd3f4da1-1be9-401a-afea-d36fb5fa0500
2024-01-20T11:06:10.000000,purchase,51624,1002,electronics.audio.headphone,lg,74.32,100014,fd3f4da1-1be9-401a-afea-d36fb5fa0500
2024-01-20T13:00:00.000000,view,87609,1005,apparel.shoes,asus,178.71,100316,ffc4fc3c-458c-48ab-b87f-c13e1018159e
2024-01-20T13:01:02.000000,view,87609,1005,apparel.shoes,asus,178.71,100316,ffc4fc3c-458c-48ab-b87f-c13e1018159e
2024-01-20T13:02:52.000000,view,87609,1005,apparel.shoes,asus,178.71,100316,ffc4fc3c-458c-48ab-b87f-c13e1018159e
2024-01-20T13:03:18.000000,view,87609,1005,apparel.shoes,asus,178.71,100316,ffc4fc3c-458c-48ab-b87f-c13e1018159e
2024-01-20T13:05:44.000000,cart,87609,1005,apparel.shoes,asus,178.71,100316,ffc4fc3c-458c-48ab-b87f-c13e1018159e
2024-01-20T13:06:59.000000,purchase,87609,1005,apparel.shoes,asus,178.71,100316,ffc4fc3c-458c-48ab-b87f-c13e1018159e
2024-01-20T13:08:54.000000,view,96610,1006,auto.accessories,xiaomi,26.43,100673,9117f79e-1677-420e-a4be-5db0cff9b42c
2024-01-20T13:10:11.000000,view,96610,1006,auto.accessories,xiaomi,26.43,100673,9117f79e-1677-420e-a4be-5db0cff9b42c
2024-01-20T13:11:17.000000,view,96610,1006,auto.accessories,xiaomi,26.43,100673,9117f79e-1677-420e-a4be-5db0cff9b42c
2024-01-20T13:12:18.000000,view,96610,1006,auto.accessories,xiaomi,26.43,100673,9117f79e-1677-420e-a4be-5db0cff9b42c
2024-01-20T13:14:51.000000,cart,96610,1006,auto.accessories,xiaomi,26.43,100673,9117f79e-1677-420e-a4be-5db0cff9b42c
2024-01-20T14:06:09.000000,view,82385,1003,appliances.kitchen.refrigerators,nike,1140.56,100272,008bdf6e-e384-405c-acf5-5a9f72c93bd2
2024-01-20T14:07:11.000000,view,82385,1003,appliances.kitchen.refrigerators,nike,1140.56,100272,008bdf6e-e384-405c-acf5-5a9f72c93bd2
2024-01-20T14:09:54.000000,view,82385,1003,appliances.kitchen.refrigerators,nike,1140.56,100272,008bdf6e-e384-405c-acf5-5a9f72c93bd2
2024-01-20T14:10:59.000000,view,82385,1003,appliances.kitchen.refrigerators,nike,1140.56,100272,008bdf6e-e384-405c-acf5-5a9f72c93bd2
2024-01-20T15:00:00.000000,view,74083,1001,electronics.smartphone,apple,491.76,100680,ab53a76e-45c4-4595-8791-89e34d82dead
2024-01-20T15:00:19.000000,cart,74083,1001,electronics.smartphone,apple,491.76,100680,ab53a76e-45c4-4595-8791-89e34d82dead
2024-01-20T15:00:53.000000,purchase,74083,1001,electronics.smartphone,apple,491.76,100680,ab53a76e-45c4-4595-8791-89e34d82dead
2024-01-20T15:04:15.000000,view,94485,1003,appliances.kitchen.refrigerators,nike,1498.82,100384,095275fa-68ef-4b51-9dbb-729e36abbf14
2024-01-20T15:06:39.000000,view,94485,1003,appliances.kitchen.refrigerators,nike,1498.82,100384,095275fa-68ef-4b51-9dbb-729e36abbf14
2024-01-20T15:07:33.000000,view,94485,1003,appliances.kitchen.refrigerators,nike,1498.82,100384,095275fa-68ef-4b51-9dbb-729e36abbf14
2024-01-20T15:08:50.000000,view,94485,1003,appliances.kitchen.refrigerators,nike,1498.82,100384,095275fa-68ef-4b51-9dbb-729e36abbf14
2024-01-20T16:00:00.000000,view,86612,1002,electronics.audio.headphone,bosch,193.69,100257,e933b1db-ab91-4daa-ba7b-d0832d315437
2024-01-20T16:00:00.000000,view,60424,1002,electronics.audio.headphone,lg,56.69,100511,0b6d4987-faff-476e-9803-5986b7a3d1b3
2024-01-20T16:01:08.000000,view,60424,1002,electronics.audio.headphone,lg,56.69,100511,0b6d4987-faff-476e-9803-5986b7a3d1b3
2024-01-20T16:02:19.000000,view,60424,1002,electronics.audio.headphone,lg,56.69,100511,0b6d4987-faff-476e-9803-5986b7a3d1b3
2024-01-20T16:13:59.000000,view,68001,1006,auto.accessories,xiaomi,57.82,100374,5a04fa6c-c6e4-4800-94c6-22f2da5ae7e4
2024-01-20T16:15:51.000000,view,68001,1006,auto.accessories,xiaomi,57.82,100374,5a04fa6c-c6e4-4800-94c6-22f2da5ae7e4
2024-01-20T16:16:21.000000,view,68001,1006,auto.accessories,xiaomi,57.82,100374,5a04fa6c-c6e4-4800-94c6-22f2da5ae7e4
2024-01-20T17:00:00.000000,view,84940,1005,apparel.shoes,apple,98.02,100469,914e41c7-3589-4bed-98af-89f09480eadd
2024-01-20T17:02:25.000000,view,84940,1005,apparel.shoes,apple,98.02,100469,914e41c7-3589-4bed-98af-89f09480eadd
2024-01-20T17:03:17.000000,cart,84940,1005,apparel.shoes,apple,98.02,100469,914e41c7-3589-4bed-98af-89f09480eadd
2024-01-20T17:12:21.000000,view,59564,1004,computers.notebook,bosch,489.2,100272,d3872329-74f9-4d4c-8e1f-a957c63b28fb
2024-01-20T17:13:31.000000,view,59564,1004,computers.notebook,bosch,489.2,100272,d3872329-74f9-4d4c-8e1f-a957c63b28fb
2024-01-20T17:16:19.000000,view,59564,1004,computers.notebook,bosch,489.2,100272,d3872329-74f9-4d4c-8e1f-a957c63b28fb
2024-01-20T18:00:00.000000,view,75590,1001,electronics.smartphone,nike,429.76,100231,85a32e0a-0eba-40bb-9288-f9c07e33baad
2024-01-20T18:01:41.000000,view,62209,1001,electronics.smartphone,xiaomi,485.78,100680,5b74770f-3a93-47c8-963d-98e483a67bca
2024-01-20T18:01:50.000000,view,75590,1001,electronics.smartphone,nike,429.76,100231,85a32e0a-0eba-40bb-9288-f9c07e33baad
2024-01-20T18:02:21.000000,view,62209,1001,electronics.smartphone,xiaomi,485.78,100680,5b74770f-3a93-47c8-963d-98e483a67bca
2024-01-20T18:04:19.000000,cart,62209,1001,electronics.smartphone,xiaomi,485.78,100680,5b74770f-3a93-47c8-963d-98e483a67bca
2024-01-20T18:04:27.000000,view,75590,1001,electronics.smartphone,nike,429.76,100231,85a32e0a-0eba-40bb-9288-f9c07e33baad
2024-01-20T18:05:12.000000,purchase,62209,1001,electronics.smartphone,xiaomi,485.78,100680,5b74770f-3a93-47c8-963d-98e483a67bca
2024-01-20T18:06:20.000000,view,58869,1006,auto.accessories,nike,37.17,100419,458667a1-38ae-4b79-9b86-8dca339a8c7e
2024-01-20T18:06:32.000000,view,58869,1006,auto.accessories,nike,37.17,100419,458667a1-38ae-4b79-9b86-8dca339a8c7e
2024-01-20T18:08:03.000000,view,58869,1006,auto.accessories,nike,37.17,100419,458667a1-38ae-4b79-9b86-8dca339a8c7e
2024-01-20T18:09:59.000000,view,58869,1006,auto.accessories,nike,37.17,100419,458667a1-38ae-4b79-9b86-8dca339a8c7e
2024-01-20T18:10:54.000000,cart,58869,1006,auto.accessories,nike,37.17,100419,458667a1-38ae-4b79-9b86-8dca339a8c7e
2024-01-20T19:00:50.000000,view,93288,1006,auto.accessories,apple,132.05,100849,a77801aa-cb04-41af-a917-729582a7f088
2024-01-20T19:07:10.000000,view,80166,1002,electronics.audio.headphone,samsung,121.16,100014,b03d290e-7c71-44ba-a58c-f9e6fc797ddb
2024-01-20T19:08:17.000000,view,80166,1002,electronics.audio.headphone,samsung,121.16,100014,b03d290e-7c71-44ba-a58c-f9e6fc797ddb
2024-01-20T20:02:50.000000,view,80279,1002,electronics.audio.headphone,xiaomi,80.18,100492,e8d462d3-19e0-431a-aa5f-cd6db86940b8
2024-01-20T20:04:40.000000,cart,80279,1002,electronics.audio.headphone,xiaomi,80.18,100492,e8d462d3-19e0-431a-aa5f-cd6db86940b8
2024-01-20T20:05:07.000000,view,64275,1003,appliances.kitchen.refrigerators,lg,1794.67,100934,e6e6791c-064e-45c0-9864-f7b7e440ad46
2024-01-20T20:07:20.000000,view,64275,1003,appliances.kitchen.refrigerators,lg,1794.67,100934,e6e6791c-064e-45c0-9864-f7b7e440ad46
2024-01-20T20:07:59.000000,view,64275,1003,appliances.kitchen.refrigerators,lg,1794.67,100934,e6e6791c-064e-45c0-9864-f7b7e440ad46
2024-01-20T20:08:15.000000,view,64275,1003,appliances.kitchen.refrigerators,lg,1794.67,100934,e6e6791c-064e-45c0-9864-f7b7e440ad46
2024-01-20T20:09:56.000000,cart,64275,1003,appliances.kitchen.refrigerators,lg,1794.67,100934,e6e6791c-064e-45c0-9864-f7b7e440ad46
2024-01-20T21:08:26.000000,view,75507,1002,electronics.audio.headphone,samsung,122.12,100556,c4868a6b-82be-44b5-94d1-83d7f6216cef
2024-01-20T21:10:41.000000,view,75507,1002,electronics.audio.headphone,samsung,122.12,100556,c4868a6b-82be-44b5-94d1-83d7f6216cef
2024-01-20T21:14:36.000000,view,74999,1005,apparel.shoes,bosch,192.74,100976,7ba93cb7-670b-44db-ae61-cd04211d60d4
2024-01-20T21:17:01.000000,cart,74999,1005,apparel.shoes,bosch,192.74,100976,7ba93cb7-670b-44db-ae61-cd04211d60d4
2024-01-20T21:17:50.000000,purchase,74999,1005,apparel.shoes,bosch,192.74,100976,7ba93cb7-670b-44db-ae61-cd04211d60d4
2024-01-20T23:05:39.000000,view,95923,1004,computers.notebook,bosch,461.21,100338,e8f85969-ca3c-4809-b178-a3a0a5371112
2024-01-20T23:06:05.000000,view,95923,1004,computers.notebook,bosch,461.21,100338,e8f85969-ca3c-4809-b178-a3a0a5371112
2024-01-20T23:08:27.000000,view,95923,1004,computers.notebook,bosch,461.21,100338,e8f85969-ca3c-4809-b178-a3a0a5371112
2024-01-20T23:11:06.000000,view,95923,1004,computers.notebook,bosch,461.21,100338,e8f85969-ca3c-4809-b178-a3a0a5371112
2024-01-21T00:06:00.000000,view,76658,1005,apparel.shoes,apple,145.95,100898,b35be424-1d87-4f35-86f4-53ecedcd784e
2024-01-21T00:06:49.000000,cart,76658,1005,apparel.shoes,apple,145.95,100898,b35be424-1d87-4f35-86f4-53ecedcd784e
2024-01-21T00:13:05.000000,view,86229,1005,apparel.shoes,nike,48.01,100536,6b97a306-a7b5-4bf2-842d-b9b5aea2537b
2024-01-21T01:03:52.000000,view,92127,1005,apparel.shoes,apple,89.7,100417,118ab461-425d-4cf5-8ac1-93204dde59c4
2024-01-21T01:06:43.000000,view,92127,1005,apparel.shoes,apple,89.7,100417,118ab461-425d-4cf5-8ac1-93204dde59c4
2024-01-21T01:07:14.000000,cart,92127,1005,apparel.shoes,apple,89.7,100417,118ab461-425d-4cf5-8ac1-93204dde59c4
2024-01-21T01:07:50.000000,purchase,92127,1005,apparel.shoes,apple,89.7,100417,118ab461-425d-4cf5-8ac1-93204dde59c4
2024-01-21T03:03:28.000000,view,71263,1004,computers.notebook,apple,3078.51,100603,9e81dc11-0864-41c9-91f5-4effba9bcc5d
2024-01-21T03:05:33.000000,view,71263,1004,computers.notebook,apple,3078.51,100603,9e81dc11-0864-41c9-91f5-4effba9bcc5d
2024-01-21T03:08:00.000000,view,71263,1004,computers.notebook,apple,3078.51,100603,9e81dc11-0864-41c9-91f5-4effba9bcc5d
2024-01-21T03:10:03.000000,view,71263,1004,computers.notebook,apple,3078.51,100603,9e81dc11-0864-41c9-91f5-4effba9bcc5d
2024-01-21T03:11:24.000000,cart,71263,1004,computers.notebook,apple,3078.51,100603,9e81dc11-0864-41c9-91f5-4effba9bcc5d
2024-01-21T03:12:00.000000,purchase,71263,1004,computers.notebook,apple,3078.51,100603,9e81dc11-0864-41c9-91f5-4effba9bcc5d
2024-01-21T04:15:32.000000,view,64431,1004,computers.notebook,bosch,2487.38,100412,74f946c8-edf1-412b-aae8-d8330ac7f540
2024-01-21T04:17:42.000000,view,64431,1004,computers.notebook,bosch,2487.38,100412,74f946c8-edf1-412b-aae8-d8330ac7f540
2024-01-21T04:18:30.000000,view,64431,1004,computers.notebook,bosch,2487.38,100412,74f946c8-edf1-412b-aae8-d8330ac7f540
2024-01-21T06:09:42.000000,view,63766,1001,electronics.smartphone,xiaomi,935.71,100150,e9bd2e32-bc07-4a03-9a88-11bb110689bb
2024-01-21T06:10:46.000000,view,63766,1001,electronics.smartphone,xiaomi,935.71,100150,e9bd2e32-bc07-4a03-9a88-11bb110689bb
2024-01-21T06:12:41.000000,view,63766,1001,electronics.smartphone,xiaomi,935.71,100150,e9bd2e32-bc07-4a03-9a88-11bb110689bb
2024-01-21T07:06:21.000000,view,50854,1006,auto.accessories,nike,32.22,100668,987a2a4c-998c-49e3-84aa-26f56835ce54
2024-01-21T07:06:43.000000,view,50854,1006,auto.accessories,nike,32.22,100668,987a2a4c-998c-49e3-84aa-26f56835ce54
2024-01-21T07:18:21.000000,view,51574,1005,apparel.shoes,samsung,129.97,100908,936d2145-26a1-4f39-82f6-36d64e715a7f
2024-01-21T07:20:18.000000,view,51574,1005,apparel.shoes,samsung,129.97,100908,936d2145-26a1-4f39-82f6-36d64e715a7f
2024-01-21T07:21:39.000000,view,51574,1005,apparel.shoes,samsung,129.97,100908,936d2145-26a1-4f39-82f6-36d64e715a7f
2024-01-21T08:00:00.000000,view,66059,1002,electronics.audio.headphone,apple,46.19,100364,7ad883a7-0167-4469-bcbb-5357c2469918
2024-01-21T08:00:48.000000,view,66059,1002,electronics.audio.headphone,apple,46.19,100364,7ad883a7-0167-4469-bcbb-5357c2469918
2024-01-21T08:01:44.000000,view,66059,1002,electronics.audio.headphone,apple,46.19,100364,7ad883a7-0167-4469-bcbb-5357c2469918
2024-01-21T08:03:54.000000,view,66059,1002,electronics.audio.headphone,apple,46.19,100364,7ad883a7-0167-4469-bcbb-5357c2469918
2024-01-21T10:00:00.000000,view,71892,1001,electronics.smartphone,asus,951.08,100446,4bd5d163-e99f-48a5-bb82-41a1592d6ba7
2024-01-21T10:00:00.000000,view,96084,1005,apparel.shoes,asus,186.47,100850,5e10a01a-e656-4c43-bf83-451a9337dc41
2024-01-21T10:00:35.000000,view,71892,1001,electronics.smartphone,asus,951.08,100446,4bd5d163-e99f-48a5-bb82-41a1592d6ba7
2024-01-21T10:01:26.000000,view,96084,1005,apparel.shoes,asus,186.47,100850,5e10a01a-e656-4c43-bf83-451a9337dc41
2024-01-21T10:02:20.000000,view,96084,1005,apparel.shoes,asus,186.47,100850,5e10a01a-e656-4c43-bf83-451a9337dc41
2024-01-21T10:05:13.000000,view,96084,1005,apparel.shoes,asus,186.47,100850,5e10a01a-e656-4c43-bf83-451a9337dc41
2024-01-21T10:06:04.000000,cart,96084,1005,apparel.shoes,asus,186.47,100850,5e10a01a-e656-4c43-bf83-451a9337dc41
2024-01-21T10:07:50.000000,purchase,96084,1005,apparel.shoes,asus,186.47,100850,5e10a01a-e656-4c43-bf83-451a9337dc41
2024-01-21T11:12:02.000000,view,89679,1005,apparel.shoes,asus,118.14,100968,8a5b5af4-b201-4bb5-b3e5-cd309368058c
2024-01-21T11:13:19.000000,view,89679,1005,apparel.shoes,asus,118.14,100968,8a5b5af4-b201-4bb5-b3e5-cd309368058c
2024-01-21T11:15:35.000000,view,89679,1005,apparel.shoes,asus,118.14,100968,8a5b5af4-b201-4bb5-b3e5-cd309368058c
2024-01-21T11:17:20.000000,view,89679,1005,apparel.shoes,asus,118.14,100968,8a5b5af4-b201-4bb5-b3e5-cd309368058c
2024-01-21T11:20:06.000000,cart,89679,1005,apparel.shoes,asus,118.14,100968,8a5b5af4-b201-4bb5-b3e5-cd309368058c
2024-01-21T11:24:14.000000,view,90739,1002,electronics.audio.headphone,xiaomi,126.64,100908,5bc0f26f-7ad8-43b1-bf1c-c7fe26701144
2024-01-21T13:00:00.000000,view,72861,1005,apparel.shoes,samsung,184.41,100393,b2c94a4a-7185-41d7-b244-e2d883fbd185
2024-01-21T13:00:00.000000,view,75824,1005,apparel.shoes,nike,151.8,100433,c0d88622-f353-403c-ae60-56d1bf5e697a
2024-01-21T13:01:46.000000,view,75824,1005,apparel.shoes,nike,151.8,100433,c0d88622-f353-403c-ae60-56d1bf5e697a
2024-01-21T13:02:21.000000,view,72861,1005,apparel.shoes,samsung,184.41,100393,b2c94a4a-7185-41d7-b244-e2d883fbd185
2024-01-21T13:02:47.000000,view,72861,1005,apparel.shoes,samsung,184.41,100393,b2c94a4a-7185-41d7-b244-e2d883fbd185
2024-01-21T13:03:41.000000,view,72861,1005,apparel.shoes,samsung,184.41,100393,b2c94a4a-7185-41d7-b244-e2d883fbd185
2024-01-21T13:03:54.000000,view,75824,1005,apparel.shoes,nike,151.8,100433,c0d88622-f353-403c-ae60-56d1bf5e697a
2024-01-21T13:05:06.000000,view,75824,1005,apparel.shoes,nike,151.8,100433,c0d88622-f353-403c-ae60-56d1bf5e697a
2024-01-21T13:05:40.000000,cart,75824,1005,apparel.shoes,nike,151.8,100433,c0d88622-f353-403c-ae60-56d1bf5e697a
2024-01-21T13:06:38.000000,cart,72861,1005,apparel.shoes,samsung,184.41,100393,b2c94a4a-7185-41d7-b244-e2d883fbd185
2024-01-21T13:18:15.000000,view,60393,1004,computers.notebook,xiaomi,464.2,100574,ff2a6fce-b988-4956-8475-e38e27a5465e
2024-01-21T13:18:58.000000,view,60393,1004,computers.notebook,xiaomi,464.2,100574,ff2a6fce-b988-4956-8475-e38e27a5465e
2024-01-21T13:20:42.000000,view,60393,1004,computers.notebook,xiaomi,464.2,100574,ff2a6fce-b988-4956-8475-e38e27a5465e
2024-01-21T13:23:07.000000,view,60393,1004,computers.notebook,xiaomi,464.2,100574,ff2a6fce-b988-4956-8475-e38e27a5465e
2024-01-21T13:25:07.000000,cart,60393,1004,computers.notebook,xiaomi,464.2,100574,ff2a6fce-b988-4956-8475-e38e27a5465e
2024-01-21T14:00:00.000000,view,99319,1003,appliances.kitchen.refrigerators,nike,2399.75,100274,b60867b5-10ed-4a15-9627-84323bee634b
2024-01-21T14:00:00.000000,view,65340,1001,electronics.smartphone,asus,716.93,100645,3046dd9f-653c-4948-8fae-bf89158267ce
2024-01-21T14:00:40.000000,view,99319,1003,appliances.kitchen.refrigerators,nike,2399.75,100274,b60867b5-10ed-4a15-9627-84323bee634b
2024-01-21T15:00:00.000000,view,56947,1001,electronics.smartphone,xiaomi,220.25,100506,398a828e-fb62-494d-b9a4-1c4362dc9c05
2024-01-21T15:02:12.000000,view,56947,1001,electronics.smartphone,xiaomi,220.25,100506,398a828e-fb62-494d-b9a4-1c4362dc9c05
2024-01-21T15:04:57.000000,view,56947,1001,electronics.smartphone,xiaomi,220.25,100506,398a828e-fb62-494d-b9a4-1c4362dc9c05
2024-01-21T15:06:21.000000,cart,56947,1001,electronics.smartphone,xiaomi,220.25,100506,398a828e-fb62-494d-b9a4-1c4362dc9c05
2024-01-21T15:11:32.000000,view,76391,1001,electronics.smartphone,lg,259.73,100617,cf9cf11b-8cf2-47c1-bed7-b96f25272115
2024-01-21T15:11:52.000000,view,76391,1001,electronics.smartphone,lg,259.73,100617,cf9cf11b-8cf2-47c1-bed7-b96f25272115
2024-01-21T16:00:00.000000,view,76860,1006,auto.accessories,lg,15.63,100740,a036ab7b-a648-4968-9338-668a7233333c
2024-01-21T16:01:25.000000,view,76860,1006,auto.accessories,lg,15.63,100740,a036ab7b-a648-4968-9338-668a7233333c
2024-01-21T16:03:49.000000,view,93268,1005,apparel.shoes,lg,70.07,100331,3ae2c1ef-54b3-4a87-afe3-b55ac8edc0b1
2024-01-21T16:04:03.000000,view,93268,1005,apparel.shoes,lg,70.07,100331,3ae2c1ef-54b3-4a87-afe3-b55ac8edc0b1
2024-01-21T16:06:05.000000,view,89261,1004,computers.notebook,apple,3429.71,100815,b9ad33e7-f3e4-421a-a61d-81c9ed3faf19
2024-01-21T16:06:55.000000,view,93268,1005,apparel.shoes,lg,70.07,100331,3ae2c1ef-54b3-4a87-afe3-b55ac8edc0b1
2024-01-21T16:08:56.000000,view,89261,1004,computers.notebook,apple,3429.71,100815,b9ad33e7-f3e4-421a-a61d-81c9ed3faf19
2024-01-21T16:10:22.000000,view,89261,1004,computers.notebook,apple,3429.71,100815,b9ad33e7-f3e4-421a-a61d-81c9ed3faf19
2024-01-21T16:10:42.000000,view,89261,1004,computers.notebook,apple,3429.71,100815,b9ad33e7-f3e4-421a-a61d-81c9ed3faf19
2024-01-21T17:18:53.000000,view,95643,1004,computers.notebook,xiaomi,3450.3,100374,082edbe2-9af8-43d2-a35d-cf7c63f78e07
2024-01-21T17:21:47.000000,view,95643,1004,computers.notebook,xiaomi,3450.3,100374,082edbe2-9af8-43d2-a35d-cf7c63f78e07
2024-01-21T17:22:28.000000,view,95643,1004,computers.notebook,xiaomi,3450.3,100374,082edbe2-9af8-43d2-a35d-cf7c63f78e07
2024-01-21T17:24:13.000000,view,95643,1004,computers.notebook,xiaomi,3450.3,100374,082edbe2-9af8-43d2-a35d-cf7c63f78e07
2024-01-21T17:27:01.000000,cart,95643,1004,computers.notebook,xiaomi,3450.3,100374,082edbe2-9af8-43d2-a35d-cf7c63f78e07
2024-01-21T17:27:44.000000,purchase,95643,1004,computers.notebook,xiaomi,3450.3,100374,082edbe2-9af8-43d2-a35d-cf7c63f78e07
2024-01-21T19:04:25.000000,view,85273,1003,appliances.kitchen.refrigerators,asus,1927.69,100475,3e2b625e-94de-4e0e-9c86-c546cce42124
2024-01-21T19:05:56.000000,view,85273,1003,appliances.kitchen.refrigerators,asus,1927.69,100475,3e2b625e-94de-4e0e-9c86-c546cce42124
2024-01-21T19:07:24.000000,cart,85273,1003,appliances.kitchen.refrigerators,asus,1927.69,100475,3e2b625e-94de-4e0e-9c86-c546cce42124
2024-01-21T19:09:11.000000,purchase,85273,1003,appliances.kitchen.refrigerators,asus,1927.69,100475,3e2b625e-94de-4e0e-9c86-c546cce42124
2024-01-21T21:25:31.000000,view,85768,1004,computers.notebook,bosch,1770.19,100766,055f31f1-072a-42aa-baad-84ad1042947a
2024-01-21T21:28:20.000000,view,85768,1004,computers.notebook,bosch,1770.19,100766,055f31f1-072a-42aa-baad-84ad1042947a
2024-01-21T21:29:45.000000,view,85768,1004,computers.notebook,bosch,1770.19,100766,055f31f1-072a-42aa-baad-84ad1042947a
2024-01-22T00:08:33.000000,view,68292,1001,electronics.smartphone,bosch,518.7,100014,ee3e9d42-a43e-4c7a-9553-96460a2479a2
2024-01-22T00:11:00.000000,view,68292,1001,electronics.smartphone,bosch,518.7,100014,ee3e9d42-a43e-4c7a-9553-96460a2479a2
2024-01-22T00:12:34.000000,view,68292,1001,electronics.smartphone,bosch,518.7,100014,ee3e9d42-a43e-4c7a-9553-96460a2479a2
2024-01-22T00:12:51.000000,view,68292,1001,electronics.smartphone,bosch,518.7,100014,ee3e9d42-a43e-4c7a-9553-96460a2479a2
2024-01-22T00:31:56.000000,view,91884,1005,apparel.shoes,apple,73.23,100766,f38ef88e-0bb8-4d2f-8478-6299a5bbc3d7
2024-01-22T02:03:50.000000,view,65186,1002,electronics.audio.headphone,lg,225.7,100358,864585ce-740e-45cd-87b8-3c371d315220
2024-01-22T02:05:34.000000,view,65186,1002,electronics.audio.headphone,lg,225.7,100358,864585ce-740e-45cd-87b8-3c371d315220
2024-01-22T02:06:21.000000,view,65186,1002,electronics.audio.headphone,lg,225.7,100358,864585ce-740e-45cd-87b8-3c371d315220
2024-01-22T02:08:33.000000,view,65186,1002,electronics.audio.headphone,lg,225.7,100358,864585ce-740e-45cd-87b8-3c371d315220
2024-01-22T02:12:56.000000,view,80381,1001,electronics.smartphone,lg,316.54,100556,c6535d13-e49b-45b2-bd00-40fba5c02668
2024-01-22T04:18:24.000000,view,55618,1006,auto.accessories,lg,16.39,100272,0e79eccf-2345-4a1a-880a-1339072ebc50
2024-01-22T04:19:56.000000,view,55618,1006,auto.accessories,lg,16.39,100272,0e79eccf-2345-4a1a-880a-1339072ebc50
2024-01-22T05:15:29.000000,view,78566,1002,electronics.audio.headphone,bosch,101.59,100536,a9199e14-eff3-4af7-9353-d39534acb660
2024-01-22T05:16:37.000000,view,78566,1002,electronics.audio.headphone,bosch,101.59,100536,a9199e14-eff3-4af7-9353-d39534acb660
2024-01-22T05:18:31.000000,cart,78566,1002,electronics.audio.headphone,bosch,101.59,100536,a9199e14-eff3-4af7-9353-d39534acb660
2024-01-22T05:19:52.000000,purchase,78566,1002,electronics.audio.headphone,bosch,101.59,100536,a9199e14-eff3-4af7-9353-d39534acb660
2024-01-22T06:20:52.000000,view,98568,1005,apparel.shoes,nike,68.15,100536,ecf14d5b-d857-43ec-9023-a682e52d0b3d
2024-01-22T06:22:50.000000,view,98568,1005,apparel.shoes,nike,68.15,100536,ecf14d5b-d857-43ec-9023-a682e52d0b3d
2024-01-22T06:23:42.000000,view,98568,1005,apparel.shoes,nike,68.15,100536,ecf14d5b-d857-43ec-9023-a682e52d0b3d
2024-01-22T06:24:52.000000,view,98568,1005,apparel.shoes,nike,68.15,100536,ecf14d5b-d857-43ec-9023-a682e52d0b3d
2024-01-22T08:00:00.000000,view,67243,1006,auto.accessories,xiaomi,75.61,100499,0dfa54d4-66c5-41cd-8741-5084d96dfbfe
2024-01-22T08:00:00.000000,view,56583,1005,apparel.shoes,asus,177.01,100719,43a21165-8d35-4de4-ac50-4e9685f9c7eb
2024-01-22T08:01:13.000000,view,56583,1005,apparel.shoes,asus,177.01,100719,43a21165-8d35-4de4-ac50-4e9685f9c7eb
2024-01-22T08:01:36.000000,view,67243,1006,auto.accessories,xiaomi,75.61,100499,0dfa54d4-66c5-41cd-8741-5084d96dfbfe
2024-01-22T08:01:42.000000,view,56583,1005,apparel.shoes,asus,177.01,100719,43a21165-8d35-4de4-ac50-4e9685f9c7eb
2024-01-22T08:01:56.000000,view,67243,1006,auto.accessories,xiaomi,75.61,100499,0dfa54d4-66c5-41cd-8741-5084d96dfbfe
2024-01-22T08:03:15.000000,view,67243,1006,auto.accessories,xiaomi,75.61,100499,0dfa54d4-66c5-41cd-8741-5084d96dfbfe
2024-01-22T08:04:31.000000,cart,56583,1005,apparel.shoes,asus,177.01,100719,43a21165-8d35-4de4-ac50-4e9685f9c7eb
2024-01-22T08:06:03.000000,purchase,56583,1005,apparel.shoes,asus,177.01,100719,43a21165-8d35-4de4-ac50-4e9685f9c7eb
2024-01-22T09:02:53.000000,view,98243,1001,electronics.smartphone,asus,1009.17,100360,4edda1c2-0e0f-4d37-a672-8e75d9dee011
2024-01-22T09:03:54.000000,cart,98243,1001,electronics.smartphone,asus,1009.17,100360,4edda1c2-0e0f-4d37-a672-8e75d9dee011
2024-01-22T11:33:55.000000,view,90032,1001,electronics.smartphone,xiaomi,355.72,100143,596aec6a-c1a7-45f1-8d13-01afa7d5f47b
2024-01-22T11:35:45.000000,cart,90032,1001,electronics.smartphone,xiaomi,355.72,100143,596aec6a-c1a7-45f1-8d13-01afa7d5f47b
2024-01-22T14:00:00.000000,view,97354,1006,auto.accessories,xiaomi,89.07,100855,86216ecd-08c2-4d88-ad57-843dcbbed805
2024-01-22T14:00:52.000000,view,97354,1006,auto.accessories,xiaomi,89.07,100855,86216ecd-08c2-4d88-ad57-843dcbbed805
2024-01-22T14:02:59.000000,view,97354,1006,auto.accessories,xiaomi,89.07,100855,86216ecd-08c2-4d88-ad57-843dcbbed805
2024-01-22T14:04:17.000000,view,79234,1006,auto.accessories,bosch,122.71,100754,bf4add0e-7b71-4a5b-b56f-e310e70771c4
2024-01-22T14:05:13.000000,view,79234,1006,auto.accessories,bosch,122.71,100754,bf4add0e-7b71-4a5b-b56f-e310e70771c4
2024-01-22T14:06:59.000000,view,79234,1006,auto.accessories,bosch,122.71,100754,bf4add0e-7b71-4a5b-b56f-e310e70771c4
2024-01-22T14:09:46.000000,view,79234,1006,auto.accessories,bosch,122.71,100754,bf4add0e-7b71-4a5b-b56f-e310e70771c4
2024-01-22T14:10:01.000000,cart,79234,1006,auto.accessories,bosch,122.71,100754,bf4add0e-7b71-4a5b-b56f-e310e70771c4
2024-01-22T14:10:39.000000,purchase,79234,1006,auto.accessories,bosch,122.71,100754,bf4add0e-7b71-4a5b-b56f-e310e70771c4
2024-01-22T15:00:00.000000,view,93714,1005,apparel.shoes,xiaomi,177.18,100515,d98a536c-b1f8-433b-9066-930e897b038f
2024-01-22T15:00:29.000000,view,93714,1005,apparel.shoes,xiaomi,177.18,100515,d98a536c-b1f8-433b-9066-930e897b038f
2024-01-22T15:03:16.000000,cart,93714,1005,apparel.shoes,xiaomi,177.18,100515,d98a536c-b1f8-433b-9066-930e897b038f
2024-01-22T17:00:00.000000,view,52978,1002,electronics.audio.headphone,xiaomi,287.85,100356,f28d1a3b-78af-4d8c-a39b-d05765fb57d5
2024-01-22T17:00:00.000000,view,55095,1002,electronics.audio.headphone,bosch,273.63,100786,822690a7-7812-45e7-b167-cad4f5d0bb63
2024-01-22T17:00:00.000000,view,91299,1003,appliances.kitchen.refrigerators,samsung,932.86,100847,bd33cb22-db98-4945-ab79-927868496b23
2024-01-22T17:01:10.000000,view,55095,1002,electronics.audio.headphone,bosch,273.63,100786,822690a7-7812-45e7-b167-cad4f5d0bb63
2024-01-22T17:02:23.000000,view,91708,1004,computers.notebook,samsung,490.03,100446,d2c5eef4-fb19-4030-abdf-d83bb52fd938
2024-01-22T17:03:08.000000,view,91708,1004,computers.notebook,samsung,490.03,100446,d2c5eef4-fb19-4030-abdf-d83bb52fd938
2024-01-22T17:03:58.000000,view,55095,1002,electronics.audio.headphone,bosch,273.63,100786,822690a7-7812-45e7-b167-cad4f5d0bb63
2024-01-22T17:04:16.000000,cart,55095,1002,electronics.audio.headphone,bosch,273.63,100786,822690a7-7812-45e7-b167-cad4f5d0bb63
2024-01-22T17:06:13.000000,view,90905,1001,electronics.smartphone,samsung,161.21,100499,a60ef1db-a3e4-405c-be5e-37ffe0c33ce0
2024-01-22T17:06:34.000000,view,73091,1006,auto.accessories,apple,145.94,100719,45c698d5-df66-46e0-a3fc-85ae7e3295a1
2024-01-22T17:07:40.000000,cart,90905,1001,electronics.smartphone,samsung,161.21,100499,a60ef1db-a3e4-405c-be5e-37ffe0c33ce0
2024-01-22T17:08:55.000000,purchase,90905,1001,electronics.smartphone,samsung,161.21,100499,a60ef1db-a3e4-405c-be5e-37ffe0c33ce0
2024-01-22T17:09:12.000000,view,73091,1006,auto.accessories,apple,145.94,100719,45c698d5-df66-46e0-a3fc-85ae7e3295a1
2024-01-22T17:11:38.000000,view,73091,1006,auto.accessories,apple,145.94,100719,45c698d5-df66-46e0-a3fc-85ae7e3295a1
2024-01-22T17:14:32.000000,view,73091,1006,auto.accessories,apple,145.94,100719,45c698d5-df66-46e0-a3fc-85ae7e3295a1
2024-01-22T18:25:06.000000,view,56652,1001,electronics.smartphone,apple,432.5,100536,18eed0f5-eb3d-4abb-a57f-f04c0098bcb2
2024-01-22T18:27:32.000000,view,56652,1001,electronics.smartphone,apple,432.5,100536,18eed0f5-eb3d-4abb-a57f-f04c0098bcb2
2024-01-22T19:00:00.000000,view,60494,1002,electronics.audio.headphone,asus,116.02,100102,1e45dbd4-dc8b-471c-a519-6be24b995d5e
2024-01-22T19:00:00.000000,view,92279,1005,apparel.shoes,lg,76.11,100970,32db5d55-0e95-417f-a7c3-f46d2fb48bb5
2024-01-22T19:00:31.000000,view,92279,1005,apparel.shoes,lg,76.11,100970,32db5d55-0e95-417f-a7c3-f46d2fb48bb5
2024-01-22T19:02:06.000000,view,58604,1006,auto.accessories,asus,63.47,100274,1c5cd8f3-f7ab-4591-90da-b0631f0a725c
2024-01-22T19:02:08.000000,view,60494,1002,electronics.audio.headphone,asus,116.02,100102,1e45dbd4-dc8b-471c-a519-6be24b995d5e
2024-01-22T19:02:58.000000,view,92279,1005,apparel.shoes,lg,76.11,100970,32db5d55-0e95-417f-a7c3-f46d2fb48bb5
2024-01-22T19:03:17.000000,view,60494,1002,electronics.audio.headphone,asus,116.02,100102,1e45dbd4-dc8b-471c-a519-6be24b995d5e
2024-01-22T19:05:10.000000,view,60494,1002,electronics.audio.headphone,asus,116.02,100102,1e45dbd4-dc8b-471c-a519-6be24b995d5e
2024-01-22T19:08:01.000000,cart,60494,1002,electronics.audio.headphone,asus,116.02,100102,1e45dbd4-dc8b-471c-a519-6be24b995d5e
2024-01-22T20:00:00.000000,view,56912,1006,auto.accessories,apple,73.71,100334,93017ac0-126c-42a8-9519-2e4424356860
2024-01-22T20:17:40.000000,view,87303,1006,auto.accessories,asus,38.15,100324,92e7c82b-178d-46e0-ba8f-ac85e96506d6
2024-01-22T20:20:23.000000,cart,87303,1006,auto.accessories,asus,38.15,100324,92e7c82b-178d-46e0-ba8f-ac85e96506d6
2024-01-22T20:22:08.000000,view,83901,1002,electronics.audio.headphone,samsung,235.51,100136,6a71a95d-26f1-4545-9b1a-b60a6d4f49c1
2024-01-22T21:02:20.000000,view,96189,1003,appliances.kitchen.refrigerators,apple,1802.51,100740,c27051eb-f44b-4be6-8e92-37dbd01d37db
2024-01-22T21:26:01.000000,view,75571,1001,electronics.smartphone,bosch,456.21,100574,96aee487-4475-42fd-923f-d87296674fdf
2024-01-22T21:26:51.000000,view,75571,1001,electronics.smartphone,bosch,456.21,100574,96aee487-4475-42fd-923f-d87296674fdf
2024-01-22T21:28:31.000000,view,75571,1001,electronics.smartphone,bosch,456.21,100574,96aee487-4475-42fd-923f-d87296674fdf
2024-01-22T21:30:16.000000,view,75571,1001,electronics.smartphone,bosch,456.21,100574,96aee487-4475-42fd-923f-d87296674fdf
2024-01-22T22:05:40.000000,view,74991,1005,apparel.shoes,nike,153.68,100643,c982f063-5db8-43c2-babf-9b9a744bb85f
2024-01-22T22:06:58.000000,view,74991,1005,apparel.shoes,nike,153.68,100643,c982f063-5db8-43c2-babf-9b9a744bb85f
2024-01-23T00:08:49.000000,view,87784,1006,auto.accessories,xiaomi,79.4,100948,fee32e7b-1201-460a-ac41-f5ec63a979bf
2024-01-23T00:11:27.000000,view,87784,1006,auto.accessories,xiaomi,79.4,100948,fee32e7b-1201-460a-ac41-f5ec63a979bf
2024-01-23T00:14:14.000000,view,87784,1006,auto.accessories,xiaomi,79.4,100948,fee32e7b-1201-460a-ac41-f5ec63a979bf
2024-01-23T01:08:16.000000,view,99978,1002,electronics.audio.headphone,xiaomi,206.07,100393,ebdb44eb-82b6-494b-9555-62389b1fb265
2024-01-23T01:08:43.000000,view,99978,1002,electronics.audio.headphone,xiaomi,206.07,100393,ebdb44eb-82b6-494b-9555-62389b1fb265
2024-01-23T01:11:38.000000,view,99978,1002,electronics.audio.headphone,xiaomi,206.07,100393,ebdb44eb-82b6-494b-9555-62389b1fb265
2024-01-23T01:12:46.000000,view,52060,1006,auto.accessories,asus,84.87,100815,aaeee5e8-c8c5-4071-8c3e-78557d596eb2
2024-01-23T01:13:51.000000,view,99978,1002,electronics.audio.headphone,xiaomi,206.07,100393,ebdb44eb-82b6-494b-9555-62389b1fb265
2024-01-23T01:14:52.000000,cart,52060,1006,auto.accessories,asus,84.87,100815,aaeee5e8-c8c5-4071-8c3e-78557d596eb2
2024-01-23T03:16:18.000000,view,82134,1002,electronics.audio.headphone,apple,59.17,100948,99f54bd9-65de-4878-a0ce-197bdaf8b32e
2024-01-23T03:18:47.000000,view,82134,1002,electronics.audio.headphone,apple,59.17,100948,99f54bd9-65de-4878-a0ce-197bdaf8b32e
2024-01-23T03:20:41.000000,view,82134,1002,electronics.audio.headphone,apple,59.17,100948,99f54bd9-65de-4878-a0ce-197bdaf8b32e
2024-01-23T04:31:40.000000,view,94286,1002,electronics.audio.headphone,nike,126.49,100574,c1c29ef9-19b2-4dff-b3ab-d795e3b32341
2024-01-23T04:33:05.000000,view,94286,1002,electronics.audio.headphone,nike,126.49,100574,c1c29ef9-19b2-4dff-b3ab-d795e3b32341
2024-01-23T05:09:06.000000,view,82146,1002,electronics.audio.headphone,asus,284.42,100358,5fac8253-40c7-483e-b93f-e41c4be06a2a
2024-01-23T05:12:01.000000,view,82146,1002,electronics.audio.headphone,asus,284.42,100358,5fac8253-40c7-483e-b93f-e41c4be06a2a
2024-01-23T05:13:23.000000,cart,82146,1002,electronics.audio.headphone,asus,284.42,100358,5fac8253-40c7-483e-b93f-e41c4be06a2a
2024-01-23T08:00:00.000000,view,84345,1004,computers.notebook,lg,2020.52,100055,a2211de9-0ba2-473d-8753-e4315921ab37
2024-01-23T08:01:43.000000,view,84345,1004,computers.notebook,lg,2020.52,100055,a2211de9-0ba2-473d-8753-e4315921ab37
2024-01-23T09:00:00.000000,view,65970,1003,appliances.kitchen.refrigerators,apple,838.05,100936,82de5644-2565-4755-8a2e-27571a1008cd
2024-01-23T09:00:25.000000,view,65970,1003,appliances.kitchen.refrigerators,apple,838.05,100936,82de5644-2565-4755-8a2e-27571a1008cd
2024-01-23T09:01:00.000000,view,65970,1003,appliances.kitchen.refrigerators,apple,838.05,100936,82de5644-2565-4755-8a2e-27571a1008cd
2024-01-23T09:03:29.000000,view,65970,1003,appliances.kitchen.refrigerators,apple,838.05,100936,82de5644-2565-4755-8a2e-27571a1008cd
2024-01-23T09:04:58.000000,cart,65970,1003,appliances.kitchen.refrigerators,apple,838.05,100936,82de5644-2565-4755-8a2e-27571a1008cd
2024-01-23T09:05:13.000000,purchase,65970,1003,appliances.kitchen.refrigerators,apple,838.05,100936,82de5644-2565-4755-8a2e-27571a1008cd
2024-01-23T10:00:00.000000,view,83367,1003,appliances.kitchen.refrigerators,asus,1299.56,100743,49245d21-837f-44e8-9293-569fea3b572b
2024-01-23T10:00:00.000000,view,63519,1002,electronics.audio.headphone,samsung,72.66,100787,10fc6a23-ccf7-4696-831d-0fad0c5d67c9
2024-01-23T10:01:12.000000,view,63519,1002,electronics.audio.headphone,samsung,72.66,100787,10fc6a23-ccf7-4696-831d-0fad0c5d67c9
2024-01-23T10:01:31.000000,view,83367,1003,appliances.kitchen.refrigerators,asus,1299.56,100743,49245d21-837f-44e8-9293-569fea3b572b
2024-01-23T10:02:53.000000,cart,63519,1002,electronics.audio.headphone,samsung,72.66,100787,10fc6a23-ccf7-4696-831d-0fad0c5d67c9
2024-01-23T10:03:10.000000,view,83367,1003,appliances.kitchen.refrigerators,asus,1299.56,100743,49245d21-837f-44e8-9293-569fea3b572b
2024-01-23T10:04:52.000000,view,51236,1003,appliances.kitchen.refrigerators,nike,1785.62,100872,7cb4b1b3-1755-431f-a2e9-1e5c0a3a6c70
2024-01-23T10:05:45.000000,view,51236,1003,appliances.kitchen.refrigerators,nike,1785.62,100872,7cb4b1b3-1755-431f-a2e9-1e5c0a3a6c70
2024-01-23T10:12:31.000000,view,77627,1003,appliances.kitchen.refrigerators,bosch,855.0,100020,b3bed926-d21d-479a-bf4c-9fbc794a0d86
2024-01-23T10:13:30.000000,view,57104,1003,appliances.kitchen.refrigerators,apple,1612.46,100014,edb9c9eb-e493-4e96-bde2-36d4d0fc0831
2024-01-23T10:14:41.000000,cart,77627,1003,appliances.kitchen.refrigerators,bosch,855.0,100020,b3bed926-d21d-479a-bf4c-9fbc794a0d86
2024-01-23T10:15:00.000000,view,57104,1003,appliances.kitchen.refrigerators,apple,1612.46,100014,edb9c9eb-e493-4e96-bde2-36d4d0fc0831
2024-01-23T10:16:05.000000,purchase,77627,1003,appliances.kitchen.refrigerators,bosch,855.0,100020,b3bed926-d21d-479a-bf4c-9fbc794a0d86
2024-01-23T10:17:01.000000,view,57104,1003,appliances.kitchen.refrigerators,apple,1612.46,100014,edb9c9eb-e493-4e96-bde2-36d4d0fc0831
2024-01-23T11:00:00.000000,view,88666,1004,computers.notebook,asus,3216.91,100822,14218ccd-706a-4e03-b89b-e71322848fdd
2024-01-23T11:02:40.000000,view,88666,1004,computers.notebook,asus,3216.91,100822,14218ccd-706a-4e03-b89b-e71322848fdd
2024-01-23T12:05:46.000000,view,81385,1003,appliances.kitchen.refrigerators,xiaomi,639.93,100360,e0707f4a-e0a2-48e6-ac30-dc6e5d32d0b6
2024-01-23T13:07:08.000000,view,76794,1001,electronics.smartphone,lg,654.42,100872,31681582-f86f-46b5-8714-937726d63689
2024-01-23T13:08:38.000000,cart,76794,1001,electronics.smartphone,lg,654.42,100872,31681582-f86f-46b5-8714-937726d63689
2024-01-23T14:19:13.000000,view,72260,1001,electronics.smartphone,bosch,1113.03,100667,13175939-4ebf-4dcb-b194-31666152bf26
2024-01-23T14:21:39.000000,view,72260,1001,electronics.smartphone,bosch,1113.03,100667,13175939-4ebf-4dcb-b194-31666152bf26
2024-01-23T14:24:23.000000,view,72260,1001,electronics.smartphone,bosch,1113.03,100667,13175939-4ebf-4dcb-b194-31666152bf26
2024-01-23T14:25:28.000000,view,72260,1001,electronics.smartphone,bosch,1113.03,100667,13175939-4ebf-4dcb-b194-31666152bf26
2024-01-23T15:00:00.000000,view,69024,1002,electronics.audio.headphone,apple,190.31,100523,58406b87-a0f6-4619-aee0-fcdf9af7278d
2024-01-23T15:00:00.000000,view,60626,1004,computers.notebook,apple,1260.41,100890,1d6e9f24-f5b8-44ed-838d-03268b6dbc13
2024-01-23T15:00:38.000000,view,69024,1002,electronics.audio.headphone,apple,190.31,100523,58406b87-a0f6-4619-aee0-fcdf9af7278d
2024-01-23T15:01:27.000000,view,69024,1002,electronics.audio.headphone,apple,190.31,100523,58406b87-a0f6-4619-aee0-fcdf9af7278d
2024-01-23T15:01:56.000000,view,69024,1002,electronics.audio.headphone,apple,190.31,100523,58406b87-a0f6-4619-aee0-fcdf9af7278d
2024-01-23T15:02:05.000000,view,60626,1004,computers.notebook,apple,1260.41,100890,1d6e9f24-f5b8-44ed-838d-03268b6dbc13
2024-01-23T15:02:30.000000,view,60626,1004,computers.notebook,apple,1260.41,100890,1d6e9f24-f5b8-44ed-838d-03268b6dbc13
2024-01-23T17:02:43.000000,view,95697,1006,auto.accessories,bosch,45.45,100511,1c7adb26-9c02-401d-91e0-2e1d1238bc23
2024-01-23T17:03:03.000000,cart,95697,1006,auto.accessories,bosch,45.45,100511,1c7adb26-9c02-401d-91e0-2e1d1238bc23
2024-01-23T18:00:00.000000,view,88677,1003,appliances.kitchen.refrigerators,asus,486.45,100104,5e09af8b-2075-4f22-8993-cadebfcb1e53
2024-01-23T18:01:30.000000,view,88677,1003,appliances.kitchen.refrigerators,asus,486.45,100104,5e09af8b-2075-4f22-8993-cadebfcb1e53
2024-01-23T18:02:10.000000,cart,88677,1003,appliances.kitchen.refrigerators,asus,486.45,100104,5e09af8b-2075-4f22-8993-cadebfcb1e53
2024-01-23T18:02:39.000000,purchase,88677,1003,appliances.kitchen.refrigerators,asus,486.45,100104,5e09af8b-2075-4f22-8993-cadebfcb1e53
2024-01-23T19:07:38.000000,view,64966,1004,computers.notebook,bosch,1552.53,100491,8dbcc514-45a7-4cf5-a4e4-adaed01799e8
2024-01-23T19:07:59.000000,view,64966,1004,computers.notebook,bosch,1552.53,100491,8dbcc514-45a7-4cf5-a4e4-adaed01799e8
2024-01-23T19:08:48.000000,view,64966,1004,computers.notebook,bosch,1552.53,100491,8dbcc514-45a7-4cf5-a4e4-adaed01799e8
2024-01-23T19:09:34.000000,view,64966,1004,computers.notebook,bosch,1552.53,100491,8dbcc514-45a7-4cf5-a4e4-adaed01799e8
2024-01-23T19:12:17.000000,cart,64966,1004,computers.notebook,bosch,1552.53,100491,8dbcc514-45a7-4cf5-a4e4-adaed01799e8
2024-01-23T19:13:57.000000,purchase,64966,1004,computers.notebook,bosch,1552.53,100491,8dbcc514-45a7-4cf5-a4e4-adaed01799e8
2024-01-23T20:00:00.000000,view,64642,1003,appliances.kitchen.refrigerators,samsung,1048.15,100524,6978524c-cfd3-4612-afde-e5541d044e51
2024-01-23T20:01:08.000000,view,64642,1003,appliances.kitchen.refrigerators,samsung,1048.15,100524,6978524c-cfd3-4612-afde-e5541d044e51
2024-01-23T20:03:11.000000,view,64642,1003,appliances.kitchen.refrigerators,samsung,1048.15,100524,6978524c-cfd3-4612-afde-e5541d044e51
2024-01-23T20:03:50.000000,view,64642,1003,appliances.kitchen.refrigerators,samsung,1048.15,100524,6978524c-cfd3-4612-afde-e5541d044e51
2024-01-23T20:04:25.000000,cart,64642,1003,appliances.kitchen.refrigerators,samsung,1048.15,100524,6978524c-cfd3-4612-afde-e5541d044e51
2024-01-23T20:05:53.000000,view,76083,1002,electronics.audio.headphone,bosch,170.5,100680,7c080ca4-4675-4987-84ad-baada91281e3
2024-01-23T20:19:46.000000,view,52908,1002,electronics.audio.headphone,xiaomi,219.92,100014,0c6995f7-1af1-4d8e-a3bb-3aa5e5b78b50
2024-01-23T23:24:51.000000,view,92952,1006,auto.accessories,apple,82.15,100136,b1e8b98e-2391-42ef-85f9-ece6f546f095
2024-01-23T23:26:07.000000,view,92952,1006,auto.accessories,apple,82.15,100136,b1e8b98e-2391-42ef-85f9-ece6f546f095
2024-01-23T23:28:04.000000,view,92952,1006,auto.accessories,apple,82.15,100136,b1e8b98e-2391-42ef-85f9-ece6f546f095
2024-01-23T23:29:57.000000,cart,92952,1006,auto.accessories,apple,82.15,100136,b1e8b98e-2391-42ef-85f9-ece6f546f095
2024-01-24T01:02:24.000000,view,51067,1002,electronics.audio.headphone,xiaomi,26.12,100849,f24b7663-e828-4ceb-8e21-b6cedb519d10
2024-01-24T01:03:28.000000,view,59035,1004,computers.notebook,asus,2181.9,100104,d128a382-1bb1-403d-878b-013d84ae804c
2024-01-24T01:04:25.000000,view,59035,1004,computers.notebook,asus,2181.9,100104,d128a382-1bb1-403d-878b-013d84ae804c
2024-01-24T01:06:39.000000,view,59035,1004,computers.notebook,asus,2181.9,100104,d128a382-1bb1-403d-878b-013d84ae804c
2024-01-24T01:09:31.000000,view,59035,1004,computers.notebook,asus,2181.9,100104,d128a382-1bb1-403d-878b-013d84ae804c
2024-01-24T02:03:50.000000,view,86900,1004,computers.notebook,xiaomi,2261.06,100274,cd8e06ca-6078-4016-9f01-a0a86bafa433
2024-01-24T03:00:51.000000,view,97131,1003,appliances.kitchen.refrigerators,samsung,866.78,100334,fb6ae9e9-2957-42b0-a9c3-c7497816a163
2024-01-24T03:01:32.000000,view,97131,1003,appliances.kitchen.refrigerators,samsung,866.78,100334,fb6ae9e9-2957-42b0-a9c3-c7497816a163
2024-01-24T03:03:44.000000,view,99224,1002,electronics.audio.headphone,bosch,221.92,100469,0b9f7b9c-0f3e-4468-abb1-50fe3631c759
2024-01-24T03:04:32.000000,view,97131,1003,appliances.kitchen.refrigerators,samsung,866.78,100334,fb6ae9e9-2957-42b0-a9c3-c7497816a163
2024-01-24T03:04:45.000000,view,99224,1002,electronics.audio.headphone,bosch,221.92,100469,0b9f7b9c-0f3e-4468-abb1-50fe3631c759
2024-01-24T03:05:16.000000,view,97131,1003,appliances.kitchen.refrigerators,samsung,866.78,100334,fb6ae9e9-2957-42b0-a9c3-c7497816a163
2024-01-24T03:06:06.000000,view,99224,1002,electronics.audio.headphone,bosch,221.92,100469,0b9f7b9c-0f3e-4468-abb1-50fe3631c759
2024-01-24T03:06:28.000000,view,99224,1002,electronics.audio.headphone,bosch,221.92,100469,0b9f7b9c-0f3e-4468-abb1-50fe3631c759
2024-01-24T03:08:20.000000,cart,99224,1002,electronics.audio.headphone,bosch,221.92,100469,0b9f7b9c-0f3e-4468-abb1-50fe3631c759
2024-01-24T03:08:26.000000,view,90402,1002,electronics.audio.headphone,lg,255.47,100417,0261f35d-7461-43bc-b32b-9de5e5fbcabc
2024-01-24T03:08:51.000000,view,90402,1002,electronics.audio.headphone,lg,255.47,100417,0261f35d-7461-43bc-b32b-9de5e5fbcabc
2024-01-24T03:11:07.000000,cart,90402,1002,electronics.audio.headphone,lg,255.47,100417,0261f35d-7461-43bc-b32b-9de5e5fbcabc
2024-01-24T08:00:00.000000,view,94197,1003,appliances.kitchen.refrigerators,asus,1966.02,100082,8693f26e-2901-4a81-a04d-969b214cffa0
2024-01-24T08:02:46.000000,view,94197,1003,appliances.kitchen.refrigerators,asus,1966.02,100082,8693f26e-2901-4a81-a04d-969b214cffa0
2024-01-24T09:00:00.000000,view,63473,1001,electronics.smartphone,nike,360.15,100513,f7b49b05-1d7f-4aaf-8c12-d9da0cf87b76
2024-01-24T09:00:00.000000,view,87364,1004,computers.notebook,lg,683.0,100919,7d1b287b-6926-4bc4-aeed-5803ed034946
2024-01-24T09:01:04.000000,view,63473,1001,electronics.smartphone,nike,360.15,100513,f7b49b05-1d7f-4aaf-8c12-d9da0cf87b76
2024-01-24T09:01:48.000000,view,87364,1004,computers.notebook,lg,683.0,100919,7d1b287b-6926-4bc4-aeed-5803ed034946
2024-01-24T09:03:00.000000,view,87364,1004,computers.notebook,lg,683.0,100919,7d1b287b-6926-4bc4-aeed-5803ed034946
2024-01-24T09:03:45.000000,view,63473,1001,electronics.smartphone,nike,360.15,100513,f7b49b05-1d7f-4aaf-8c12-d9da0cf87b76
2024-01-24T09:05:12.000000,cart,63473,1001,electronics.smartphone,nike,360.15,100513,f7b49b05-1d7f-4aaf-8c12-d9da0cf87b76
2024-01-24T11:08:03.000000,view,96985,1002,electronics.audio.headphone,samsung,145.7,100668,c918d770-cf3f-4fb2-bc5c-b13b4d35ed23
2024-01-24T11:08:11.000000,view,71017,1002,electronics.audio.headphone,nike,105.4,100498,7e9a0495-2736-40c5-8c15-25e1f42809a8
2024-01-24T11:08:45.000000,view,96985,1002,electronics.audio.headphone,samsung,145.7,100668,c918d770-cf3f-4fb2-bc5c-b13b4d35ed23
2024-01-24T11:09:21.000000,view,96985,1002,electronics.audio.headphone,samsung,145.7,100668,c918d770-cf3f-4fb2-bc5c-b13b4d35ed23
2024-01-24T11:10:33.000000,cart,96985,1002,electronics.audio.headphone,samsung,145.7,100668,c918d770-cf3f-4fb2-bc5c-b13b4d35ed23
2024-01-24T11:11:12.000000,purchase,96985,1002,electronics.audio.headphone,samsung,145.7,100668,c918d770-cf3f-4fb2-bc5c-b13b4d35ed23
2024-01-24T12:08:27.000000,view,82845,1005,apparel.shoes,bosch,124.22,100850,eb67c36a-1912-4b1e-ab68-a306f6c5c708
2024-01-24T12:09:29.000000,view,82845,1005,apparel.shoes,bosch,124.22,100850,eb67c36a-1912-4b1e-ab68-a306f6c5c708
2024-01-24T15:00:00.000000,view,67260,1001,electronics.smartphone,lg,953.79,100408,d23e3c57-4b59-4cf1-acd9-15cb72b1529f
2024-01-24T15:00:35.000000,view,67260,1001,electronics.smartphone,lg,953.79,100408,d23e3c57-4b59-4cf1-acd9-15cb72b1529f
2024-01-24T15:01:17.000000,view,67260,1001,electronics.smartphone,lg,953.79,100408,d23e3c57-4b59-4cf1-acd9-15cb72b1529f
2024-01-24T15:01:35.000000,view,67260,1001,electronics.smartphone,lg,953.79,100408,d23e3c57-4b59-4cf1-acd9-15cb72b1529f
2024-01-24T15:03:35.000000,cart,67260,1001,electronics.smartphone,lg,953.79,100408,d23e3c57-4b59-4cf1-acd9-15cb72b1529f
2024-01-24T16:00:00.000000,view,67334,1002,electronics.audio.headphone,xiaomi,241.57,100747,a728eab2-56bc-40c4-8abc-366487c5517f
2024-01-24T16:01:17.000000,cart,67334,1002,electronics.audio.headphone,xiaomi,241.57,100747,a728eab2-56bc-40c4-8abc-366487c5517f
2024-01-24T16:03:48.000000,view,79732,1005,apparel.shoes,nike,61.73,100743,11a47949-95a4-42f0-921c-8ee53ffcfaf6
2024-01-24T16:04:09.000000,view,98775,1001,electronics.smartphone,nike,1150.05,100516,d610fbcb-f162-4d73-9060-b9463b60e4b8
2024-01-24T16:04:29.000000,view,79732,1005,apparel.shoes,nike,61.73,100743,11a47949-95a4-42f0-921c-8ee53ffcfaf6
2024-01-24T16:06:20.000000,cart,98775,1001,electronics.smartphone,nike,1150.05,100516,d610fbcb-f162-4d73-9060-b9463b60e4b8
2024-01-24T16:06:35.000000,view,79732,1005,apparel.shoes,nike,61.73,100743,11a47949-95a4-42f0-921c-8ee53ffcfaf6
2024-01-24T16:06:49.000000,purchase,98775,1001,electronics.smartphone,nike,1150.05,100516,d610fbcb-f162-4d73-9060-b9463b60e4b8
2024-01-24T16:07:53.000000,view,79732,1005,apparel.shoes,nike,61.73,100743,11a47949-95a4-42f0-921c-8ee53ffcfaf6
2024-01-24T16:08:53.000000,cart,79732,1005,apparel.shoes,nike,61.73,100743,11a47949-95a4-42f0-921c-8ee53ffcfaf6
2024-01-24T17:00:00.000000,view,87531,1002,electronics.audio.headphone,nike,218.18,100665,5c05c19f-d8ee-47a6-a2b2-3d7ce1f2ed60
2024-01-24T17:01:06.000000,view,87531,1002,electronics.audio.headphone,nike,218.18,100665,5c05c19f-d8ee-47a6-a2b2-3d7ce1f2ed60
2024-01-24T17:02:12.000000,cart,87531,1002,electronics.audio.headphone,nike,218.18,100665,5c05c19f-d8ee-47a6-a2b2-3d7ce1f2ed60
2024-01-24T17:02:39.000000,purchase,87531,1002,electronics.audio.headphone,nike,218.18,100665,5c05c19f-d8ee-47a6-a2b2-3d7ce1f2ed60
2024-01-24T17:25:55.000000,view,81430,1005,apparel.shoes,asus,183.87,100667,733213d5-7be8-48ef-9cd5-81c23d798582
2024-01-24T17:27:29.000000,view,81430,1005,apparel.shoes,asus,183.87,100667,733213d5-7be8-48ef-9cd5-81c23d798582
2024-01-24T17:28:58.000000,view,81430,1005,apparel.shoes,asus,183.87,100667,733213d5-7be8-48ef-9cd5-81c23d798582
2024-01-24T20:00:00.000000,view,96359,1003,appliances.kitchen.refrigerators,bosch,1367.97,100476,99b12c57-7036-485f-9fb2-95f9150d589b
2024-01-24T20:00:00.000000,view,59259,1002,electronics.audio.headphone,xiaomi,238.47,100587,4602ac25-a9ad-4440-ba2d-db696e0495bc
2024-01-24T20:01:53.000000,view,59259,1002,electronics.audio.headphone,xiaomi,238.47,100587,4602ac25-a9ad-4440-ba2d-db696e0495bc
2024-01-24T20:02:02.000000,view,96359,1003,appliances.kitchen.refrigerators,bosch,1367.97,100476,99b12c57-7036-485f-9fb2-95f9150d589b
2024-01-24T20:03:44.000000,view,96359,1003,appliances.kitchen.refrigerators,bosch,1367.97,100476,99b12c57-7036-485f-9fb2-95f9150d589b
2024-01-24T20:04:27.000000,view,59259,1002,electronics.audio.headphone,xiaomi,238.47,100587,4602ac25-a9ad-4440-ba2d-db696e0495bc
2024-01-24T20:07:00.000000,view,59259,1002,electronics.audio.headphone,xiaomi,238.47,100587,4602ac25-a9ad-4440-ba2d-db696e0495bc
2024-01-24T23:02:52.000000,view,50942,1001,electronics.smartphone,lg,1122.54,100734,c66a2d4b-fab3-45da-962a-0a3050408912
2024-01-24T23:04:09.000000,view,50942,1001,electronics.smartphone,lg,1122.54,100734,c66a2d4b-fab3-45da-962a-0a3050408912
2024-01-24T23:05:43.000000,view,50942,1001,electronics.smartphone,lg,1122.54,100734,c66a2d4b-fab3-45da-962a-0a3050408912
2024-01-25T01:02:10.000000,view,90263,1004,computers.notebook,bosch,625.21,100645,04383553-ea5e-4408-99e0-d574156fb347
2024-01-25T02:03:41.000000,view,72147,1002,electronics.audio.headphone,asus,210.81,100890,e2c62f3d-a8b8-4324-baa7-47cea293c1a6
2024-01-25T02:05:22.000000,view,72147,1002,electronics.audio.headphone,asus,210.81,100890,e2c62f3d-a8b8-4324-baa7-47cea293c1a6
2024-01-25T02:06:18.000000,view,72147,1002,electronics.audio.headphone,asus,210.81,100890,e2c62f3d-a8b8-4324-baa7-47cea293c1a6
2024-01-25T04:08:02.000000,view,95084,1006,auto.accessories,xiaomi,47.21,100381,da57beff-a266-4fa5-ac4f-5b5c6394322a
2024-01-25T04:08:29.000000,view,95084,1006,auto.accessories,xiaomi,47.21,100381,da57beff-a266-4fa5-ac4f-5b5c6394322a
2024-01-25T04:09:21.000000,view,95084,1006,auto.accessories,xiaomi,47.21,100381,da57beff-a266-4fa5-ac4f-5b5c6394322a
2024-01-25T04:10:18.000000,cart,95084,1006,auto.accessories,xiaomi,47.21,100381,da57beff-a266-4fa5-ac4f-5b5c6394322a
2024-01-25T04:11:31.000000,purchase,95084,1006,auto.accessories,xiaomi,47.21,100381,da57beff-a266-4fa5-ac4f-5b5c6394322a
2024-01-25T05:30:39.000000,view,88249,1004,computers.notebook,apple,2858.78,100373,81e89ddd-0a1f-4e61-9ed6-1852368dcacd
2024-01-25T05:31:31.000000,view,88249,1004,computers.notebook,apple,2858.78,100373,81e89ddd-0a1f-4e61-9ed6-1852368dcacd
2024-01-25T05:32:33.000000,view,88249,1004,computers.notebook,apple,2858.78,100373,81e89ddd-0a1f-4e61-9ed6-1852368dcacd
2024-01-25T08:00:00.000000,view,58829,1003,appliances.kitchen.refrigerators,nike,851.53,100181,38a5e828-0da5-4a5a-84b7-3efdefa41186
2024-01-25T09:00:00.000000,view,79820,1004,computers.notebook,samsung,3218.31,100359,b7ab3a33-4849-41e8-8a05-48694c559090
2024-01-25T09:00:35.000000,view,79820,1004,computers.notebook,samsung,3218.31,100359,b7ab3a33-4849-41e8-8a05-48694c559090
2024-01-25T09:02:59.000000,view,79820,1004,computers.notebook,samsung,3218.31,100359,b7ab3a33-4849-41e8-8a05-48694c559090
2024-01-25T09:03:44.000000,view,79820,1004,computers.notebook,samsung,3218.31,100359,b7ab3a33-4849-41e8-8a05-48694c559090
2024-01-25T11:00:00.000000,view,71694,1005,apparel.shoes,lg,55.15,100420,80a86161-2547-4966-9585-e0cde72767be
2024-01-25T11:00:00.000000,view,85310,1006,auto.accessories,asus,96.61,100959,b456af4e-09e9-4014-85b4-61c8337ddd45
2024-01-25T11:01:15.000000,view,85310,1006,auto.accessories,asus,96.61,100959,b456af4e-09e9-4014-85b4-61c8337ddd45
2024-01-25T11:02:42.000000,view,71694,1005,apparel.shoes,lg,55.15,100420,80a86161-2547-4966-9585-e0cde72767be
2024-01-25T11:03:32.000000,view,71694,1005,apparel.shoes,lg,55.15,100420,80a86161-2547-4966-9585-e0cde72767be
2024-01-25T11:03:59.000000,view,71694,1005,apparel.shoes,lg,55.15,100420,80a86161-2547-4966-9585-e0cde72767be
2024-01-25T11:15:12.000000,view,54222,1003,appliances.kitchen.refrigerators,bosch,1694.64,100267,b68511bb-b716-4f87-9fe4-67055c5034e9
2024-01-25T11:16:30.000000,view,54222,1003,appliances.kitchen.refrigerators,bosch,1694.64,100267,b68511bb-b716-4f87-9fe4-67055c5034e9
2024-01-25T11:17:53.000000,view,54222,1003,appliances.kitchen.refrigerators,bosch,1694.64,100267,b68511bb-b716-4f87-9fe4-67055c5034e9
2024-01-25T11:20:48.000000,view,54222,1003,appliances.kitchen.refrigerators,bosch,1694.64,100267,b68511bb-b716-4f87-9fe4-67055c5034e9
2024-01-25T11:21:39.000000,cart,54222,1003,appliances.kitchen.refrigerators,bosch,1694.64,100267,b68511bb-b716-4f87-9fe4-67055c5034e9
2024-01-25T11:23:10.000000,purchase,54222,1003,appliances.kitchen.refrigerators,bosch,1694.64,100267,b68511bb-b716-4f87-9fe4-67055c5034e9
2024-01-25T12:00:00.000000,view,78908,1003,appliances.kitchen.refrigerators,bosch,1776.47,100214,d002db1f-632e-47a3-8c76-0241cea6826f
2024-01-25T12:00:00.000000,view,95143,1001,electronics.smartphone,nike,527.22,100233,e2648cfd-9dc1-4470-ab7f-da732f730a93
2024-01-25T12:00:00.000000,view,97536,1005,apparel.shoes,apple,55.79,100261,b4877c63-7360-4cb4-b0b4-3bee5aa994cf
2024-01-25T12:00:00.000000,view,98753,1004,computers.notebook,lg,1426.76,100350,ee5b000c-ba21-4984-a140-e8b2327f8760
2024-01-25T12:00:00.000000,view,68083,1002,electronics.audio.headphone,asus,170.63,100380,ebfdf248-edc7-4623-8648-b89d543b9f32
2024-01-25T12:00:00.000000,view,90304,1001,electronics.smartphone,apple,899.07,100917,722acbda-e40a-419b-9d37-f710b71582df
2024-01-25T12:00:48.000000,view,78908,1003,appliances.kitchen.refrigerators,bosch,1776.47,100214,d002db1f-632e-47a3-8c76-0241cea6826f
2024-01-25T12:00:51.000000,view,90304,1001,electronics.smartphone,apple,899.07,100917,722acbda-e40a-419b-9d37-f710b71582df
2024-01-25T12:01:38.000000,view,78908,1003,appliances.kitchen.refrigerators,bosch,1776.47,100214,d002db1f-632e-47a3-8c76-0241cea6826f
2024-01-25T12:02:19.000000,view,97536,1005,apparel.shoes,apple,55.79,100261,b4877c63-7360-4cb4-b0b4-3bee5aa994cf
2024-01-25T12:02:22.000000,view,68083,1002,electronics.audio.headphone,asus,170.63,100380,ebfdf248-edc7-4623-8648-b89d543b9f32
2024-01-25T12:02:58.000000,cart,78908,1003,appliances.kitchen.refrigerators,bosch,1776.47,100214,d002db1f-632e-47a3-8c76-0241cea6826f
2024-01-25T12:03:22.000000,view,92936,1006,auto.accessories,nike,15.17,100619,8ebc89f9-b53c-4a50-90db-a1b13cf1457b
2024-01-25T12:04:22.000000,view,68083,1002,electronics.audio.headphone,asus,170.63,100380,ebfdf248-edc7-4623-8648-b89d543b9f32
2024-01-25T12:04:30.000000,cart,97536,1005,apparel.shoes,apple,55.79,100261,b4877c63-7360-4cb4-b0b4-3bee5aa994cf
2024-01-25T12:04:59.000000,view,68083,1002,electronics.audio.headphone,asus,170.63,100380,ebfdf248-edc7-4623-8648-b89d543b9f32
2024-01-25T12:06:00.000000,purchase,97536,1005,apparel.shoes,apple,55.79,100261,b4877c63-7360-4cb4-b0b4-3bee5aa994cf
2024-01-25T12:06:22.000000,view,92936,1006,auto.accessories,nike,15.17,100619,8ebc89f9-b53c-4a50-90db-a1b13cf1457b
2024-01-25T13:00:00.000000,view,51662,1005,apparel.shoes,bosch,198.44,100299,b9d10b80-6c64-4559-8ae6-c214ca69840d
2024-01-25T13:00:00.000000,view,78870,1004,computers.notebook,apple,615.09,100493,ada1fde4-a07c-4de1-9f5d-4e82df06fa8b
2024-01-25T13:01:58.000000,view,51662,1005,apparel.shoes,bosch,198.44,100299,b9d10b80-6c64-4559-8ae6-c214ca69840d
2024-01-25T13:02:44.000000,view,78870,1004,computers.notebook,apple,615.09,100493,ada1fde4-a07c-4de1-9f5d-4e82df06fa8b
2024-01-25T13:02:51.000000,view,97168,1002,electronics.audio.headphone,apple,299.01,100233,7faca584-0e84-4344-974e-39451627aa7d
2024-01-25T13:05:06.000000,view,97168,1002,electronics.audio.headphone,apple,299.01,100233,7faca584-0e84-4344-974e-39451627aa7d
2024-01-25T13:05:09.000000,cart,78870,1004,computers.notebook,apple,615.09,100493,ada1fde4-a07c-4de1-9f5d-4e82df06fa8b
2024-01-25T13:05:44.000000,purchase,78870,1004,computers.notebook,apple,615.09,100493,ada1fde4-a07c-4de1-9f5d-4e82df06fa8b
2024-01-25T13:06:55.000000,cart,97168,1002,electronics.audio.headphone,apple,299.01,100233,7faca584-0e84-4344-974e-39451627aa7d
2024-01-25T15:07:42.000000,view,64667,1003,appliances.kitchen.refrigerators,bosch,2349.92,100334,7c1dae56-85ef-4508-ae98-99df9d9667f1
2024-01-25T15:10:36.000000,cart,64667,1003,appliances.kitchen.refrigerators,bosch,2349.92,100334,7c1dae56-85ef-4508-ae98-99df9d9667f1
2024-01-25T16:00:00.000000,view,90176,1005,apparel.shoes,samsung,85.3,100183,17326b7b-0564-4bb7-af3c-ee7e892d9619
2024-01-25T16:00:00.000000,view,69172,1003,appliances.kitchen.refrigerators,xiaomi,1052.89,100932,9cd29d7b-7e93-498c-9184-357be608c789
2024-01-25T16:02:54.000000,view,90176,1005,apparel.shoes,samsung,85.3,100183,17326b7b-0564-4bb7-af3c-ee7e892d9619
2024-01-25T16:03:31.000000,view,69886,1003,appliances.kitchen.refrigerators,apple,1279.13,100515,4e4e974d-ef7d-4101-8268-c6fbfe197e97
2024-01-25T16:04:05.000000,view,69886,1003,appliances.kitchen.refrigerators,apple,1279.13,100515,4e4e974d-ef7d-4101-8268-c6fbfe197e97
2024-01-25T16:04:26.000000,view,90176,1005,apparel.shoes,samsung,85.3,100183,17326b7b-0564-4bb7-af3c-ee7e892d9619
2024-01-25T16:04:28.000000,cart,69886,1003,appliances.kitchen.refrigerators,apple,1279.13,100515,4e4e974d-ef7d-4101-8268-c6fbfe197e97
2024-01-25T16:05:04.000000,view,90176,1005,apparel.shoes,samsung,85.3,100183,17326b7b-0564-4bb7-af3c-ee7e892d9619
2024-01-25T16:06:05.000000,purchase,69886,1003,appliances.kitchen.refrigerators,apple,1279.13,100515,4e4e974d-ef7d-4101-8268-c6fbfe197e97
2024-01-25T17:00:00.000000,view,92094,1005,apparel.shoes,nike,129.68,100477,5c3db9a0-f87d-47b5-97a2-77ec57c50b64
2024-01-25T17:01:51.000000,view,92094,1005,apparel.shoes,nike,129.68,100477,5c3db9a0-f87d-47b5-97a2-77ec57c50b64
2024-01-25T18:00:00.000000,view,79629,1005,apparel.shoes,lg,198.83,100468,a91db832-eaba-464d-9861-e1623651e020
2024-01-25T18:00:00.000000,view,64311,1002,electronics.audio.headphone,asus,293.34,100486,409909d9-7333-4366-aa73-1124d23f518e
2024-01-25T18:02:49.000000,view,79629,1005,apparel.shoes,lg,198.83,100468,a91db832-eaba-464d-9861-e1623651e020
2024-01-25T18:04:06.000000,view,79629,1005,apparel.shoes,lg,198.83,100468,a91db832-eaba-464d-9861-e1623651e020
2024-01-25T18:06:35.000000,view,79629,1005,apparel.shoes,lg,198.83,100468,a91db832-eaba-464d-9861-e1623651e020
2024-01-25T18:08:37.000000,cart,79629,1005,apparel.shoes,lg,198.83,100468,a91db832-eaba-464d-9861-e1623651e020
2024-01-25T19:05:38.000000,view,52049,1002,electronics.audio.headphone,bosch,80.57,100183,7bce90f3-7d12-4ff9-859c-340981c8ec29
2024-01-25T19:06:37.000000,view,52049,1002,electronics.audio.headphone,bosch,80.57,100183,7bce90f3-7d12-4ff9-859c-340981c8ec29
2024-01-25T19:07:12.000000,view,52049,1002,electronics.audio.headphone,bosch,80.57,100183,7bce90f3-7d12-4ff9-859c-340981c8ec29
2024-01-25T19:07:30.000000,view,52049,1002,electronics.audio.headphone,bosch,80.57,100183,7bce90f3-7d12-4ff9-859c-340981c8ec29
2024-01-25T21:05:23.000000,view,79032,1004,computers.notebook,xiaomi,2711.39,100197,30cbde62-b0f2-4987-80aa-3027e37fe954
2024-01-25T21:06:11.000000,view,79032,1004,computers.notebook,xiaomi,2711.39,100197,30cbde62-b0f2-4987-80aa-3027e37fe954
2024-01-25T21:07:09.000000,view,79032,1004,computers.notebook,xiaomi,2711.39,100197,30cbde62-b0f2-4987-80aa-3027e37fe954
2024-01-25T21:07:46.000000,cart,79032,1004,computers.notebook,xiaomi,2711.39,100197,30cbde62-b0f2-4987-80aa-3027e37fe954
2024-01-25T23:02:18.000000,view,78585,1005,apparel.shoes,lg,184.4,100959,ad823b4b-10f9-434d-bf85-195788c4582b
2024-01-25T23:02:37.000000,view,78585,1005,apparel.shoes,lg,184.4,100959,ad823b4b-10f9-434d-bf85-195788c4582b
2024-01-25T23:04:56.000000,view,78585,1005,apparel.shoes,lg,184.4,100959,ad823b4b-10f9-434d-bf85-195788c4582b
2024-01-26T00:06:09.000000,view,83950,1001,electronics.smartphone,lg,710.99,100493,98698d47-bc70-4c05-8300-6566f6a7bdda
2024-01-26T00:07:41.000000,view,83950,1001,electronics.smartphone,lg,710.99,100493,98698d47-bc70-4c05-8300-6566f6a7bdda
2024-01-26T00:09:25.000000,cart,83950,1001,electronics.smartphone,lg,710.99,100493,98698d47-bc70-4c05-8300-6566f6a7bdda
2024-01-26T00:28:13.000000,view,60008,1006,auto.accessories,samsung,87.04,100536,ccf11b84-d942-4040-be38-fd2900a07575
2024-01-26T00:29:25.000000,view,60008,1006,auto.accessories,samsung,87.04,100536,ccf11b84-d942-4040-be38-fd2900a07575
2024-01-26T00:29:37.000000,cart,60008,1006,auto.accessories,samsung,87.04,100536,ccf11b84-d942-4040-be38-fd2900a07575
2024-01-26T01:09:53.000000,view,75396,1005,apparel.shoes,apple,162.99,100493,1a521c7b-d5da-4c32-b280-0a23f530a337
2024-01-26T05:10:20.000000,view,93085,1003,appliances.kitchen.refrigerators,nike,2248.58,100268,d858d55e-f5e4-40df-9b4d-b742e05bb85f
2024-01-26T05:11:05.000000,view,93085,1003,appliances.kitchen.refrigerators,nike,2248.58,100268,d858d55e-f5e4-40df-9b4d-b742e05bb85f
2024-01-26T05:12:15.000000,view,93085,1003,appliances.kitchen.refrigerators,nike,2248.58,100268,d858d55e-f5e4-40df-9b4d-b742e05bb85f
2024-01-26T05:12:53.000000,view,93085,1003,appliances.kitchen.refrigerators,nike,2248.58,100268,d858d55e-f5e4-40df-9b4d-b742e05bb85f
2024-01-26T07:09:53.000000,view,72070,1001,electronics.smartphone,nike,1070.21,100057,46ff44fb-ec07-47a4-b24f-28059862ed5e
2024-01-26T07:12:35.000000,view,72070,1001,electronics.smartphone,nike,1070.21,100057,46ff44fb-ec07-47a4-b24f-28059862ed5e
2024-01-26T07:14:21.000000,cart,72070,1001,electronics.smartphone,nike,1070.21,100057,46ff44fb-ec07-47a4-b24f-28059862ed5e
2024-01-26T08:00:00.000000,view,94011,1004,computers.notebook,nike,3368.63,100251,8004fd93-ec66-4581-95a4-7d9bcc0af5ff
2024-01-26T08:00:00.000000,view,88581,1005,apparel.shoes,bosch,94.44,100961,f373bf6b-7e8c-43cf-b0b5-4b5c398d9be6
2024-01-26T08:00:59.000000,view,94011,1004,computers.notebook,nike,3368.63,100251,8004fd93-ec66-4581-95a4-7d9bcc0af5ff
2024-01-26T08:02:30.000000,view,88581,1005,apparel.shoes,bosch,94.44,100961,f373bf6b-7e8c-43cf-b0b5-4b5c398d9be6
2024-01-26T08:03:14.000000,view,94011,1004,computers.notebook,nike,3368.63,100251,8004fd93-ec66-4581-95a4-7d9bcc0af5ff
2024-01-26T08:04:45.000000,view,94011,1004,computers.notebook,nike,3368.63,100251,8004fd93-ec66-4581-95a4-7d9bcc0af5ff
2024-01-26T08:21:58.000000,view,61490,1002,electronics.audio.headphone,xiaomi,199.72,100324,7d70fa1f-b33e-4323-a6ab-803fcb7e734d
2024-01-26T08:24:58.000000,view,61490,1002,electronics.audio.headphone,xiaomi,199.72,100324,7d70fa1f-b33e-4323-a6ab-803fcb7e734d
2024-01-26T08:27:11.000000,view,61490,1002,electronics.audio.headphone,xiaomi,199.72,100324,7d70fa1f-b33e-4323-a6ab-803fcb7e734d
2024-01-26T08:27:38.000000,cart,61490,1002,electronics.audio.headphone,xiaomi,199.72,100324,7d70fa1f-b33e-4323-a6ab-803fcb7e734d
2024-01-26T11:00:00.000000,view,65320,1002,electronics.audio.headphone,asus,27.56,100699,00ce9190-8509-4014-ae81-ea8711381e2a
2024-01-26T11:00:44.000000,cart,65320,1002,electronics.audio.headphone,asus,27.56,100699,00ce9190-8509-4014-ae81-ea8711381e2a
2024-01-26T13:00:00.000000,view,90839,1006,auto.accessories,xiaomi,57.38,100015,62289b0b-c89d-4def-a539-966ab33fd738
2024-01-26T13:00:00.000000,view,63566,1001,electronics.smartphone,apple,756.48,100448,5bce8665-a80e-4f5d-bdf2-6e0d7e3ccf5a
2024-01-26T13:01:12.000000,view,63566,1001,electronics.smartphone,apple,756.48,100448,5bce8665-a80e-4f5d-bdf2-6e0d7e3ccf5a
2024-01-26T13:03:56.000000,view,63566,1001,electronics.smartphone,apple,756.48,100448,5bce8665-a80e-4f5d-bdf2-6e0d7e3ccf5a
2024-01-26T13:05:59.000000,view,63566,1001,electronics.smartphone,apple,756.48,100448,5bce8665-a80e-4f5d-bdf2-6e0d7e3ccf5a
2024-01-26T14:00:00.000000,view,52583,1006,auto.accessories,bosch,76.42,100548,2fd26be8-efa6-47a3-bd6e-8fcf9012a584
2024-01-26T14:02:27.000000,view,52583,1006,auto.accessories,bosch,76.42,100548,2fd26be8-efa6-47a3-bd6e-8fcf9012a584
2024-01-26T14:04:33.000000,view,52583,1006,auto.accessories,bosch,76.42,100548,2fd26be8-efa6-47a3-bd6e-8fcf9012a584
2024-01-26T14:04:54.000000,cart,52583,1006,auto.accessories,bosch,76.42,100548,2fd26be8-efa6-47a3-bd6e-8fcf9012a584
2024-01-26T14:05:11.000000,purchase,52583,1006,auto.accessories,bosch,76.42,100548,2fd26be8-efa6-47a3-bd6e-8fcf9012a584
2024-01-26T14:09:33.000000,view,76332,1001,electronics.smartphone,bosch,595.64,100872,293b6be6-ae61-4bca-8881-11502217cec3
2024-01-26T14:10:35.000000,view,76332,1001,electronics.smartphone,bosch,595.64,100872,293b6be6-ae61-4bca-8881-11502217cec3
2024-01-26T14:12:57.000000,cart,76332,1001,electronics.smartphone,bosch,595.64,100872,293b6be6-ae61-4bca-8881-11502217cec3
2024-01-26T15:00:00.000000,view,96185,1004,computers.notebook,apple,1065.87,100103,698981e5-235f-49f4-a6b5-7592ee369d48
2024-01-26T15:00:00.000000,view,71169,1004,computers.notebook,nike,3498.28,100576,1161aec4-a515-48dd-9510-f5ed5134d2df
2024-01-26T15:00:26.000000,view,96185,1004,computers.notebook,apple,1065.87,100103,698981e5-235f-49f4-a6b5-7592ee369d48
2024-01-26T15:03:03.000000,view,96185,1004,computers.notebook,apple,1065.87,100103,698981e5-235f-49f4-a6b5-7592ee369d48
2024-01-26T15:34:47.000000,view,70889,1006,auto.accessories,xiaomi,99.09,100373,d8a85c98-c8ac-4219-afc4-220505a89589
2024-01-26T15:36:46.000000,view,70889,1006,auto.accessories,xiaomi,99.09,100373,d8a85c98-c8ac-4219-afc4-220505a89589
2024-01-26T15:37:47.000000,view,70889,1006,auto.accessories,xiaomi,99.09,100373,d8a85c98-c8ac-4219-afc4-220505a89589
2024-01-26T15:40:22.000000,view,70889,1006,auto.accessories,xiaomi,99.09,100373,d8a85c98-c8ac-4219-afc4-220505a89589
2024-01-26T15:42:02.000000,cart,70889,1006,auto.accessories,xiaomi,99.09,100373,d8a85c98-c8ac-4219-afc4-220505a89589
2024-01-26T17:00:00.000000,view,91089,1006,auto.accessories,lg,34.39,100592,f57996e1-fdaa-4566-a2e6-60745cfdb197
2024-01-26T17:00:00.000000,view,64894,1004,computers.notebook,lg,3235.5,100929,b3de87f1-07b3-46d9-a396-6a3a65389f6c
2024-01-26T17:00:46.000000,view,64894,1004,computers.notebook,lg,3235.5,100929,b3de87f1-07b3-46d9-a396-6a3a65389f6c
2024-01-26T17:01:06.000000,view,91089,1006,auto.accessories,lg,34.39,100592,f57996e1-fdaa-4566-a2e6-60745cfdb197
2024-01-26T17:01:16.000000,view,91013,1005,apparel.shoes,bosch,52.93,100932,06e718c6-c914-4dc9-9c42-d65ead4df4c5
2024-01-26T17:02:48.000000,view,91013,1005,apparel.shoes,bosch,52.93,100932,06e718c6-c914-4dc9-9c42-d65ead4df4c5
2024-01-26T17:03:22.000000,cart,91013,1005,apparel.shoes,bosch,52.93,100932,06e718c6-c914-4dc9-9c42-d65ead4df4c5
2024-01-26T17:03:27.000000,view,64894,1004,computers.notebook,lg,3235.5,100929,b3de87f1-07b3-46d9-a396-6a3a65389f6c
2024-01-26T17:03:59.000000,view,91089,1006,auto.accessories,lg,34.39,100592,f57996e1-fdaa-4566-a2e6-60745cfdb197
2024-01-26T17:04:57.000000,view,64894,1004,computers.notebook,lg,3235.5,100929,b3de87f1-07b3-46d9-a396-6a3a65389f6c
2024-01-26T17:05:20.000000,cart,91089,1006,auto.accessories,lg,34.39,100592,f57996e1-fdaa-4566-a2e6-60745cfdb197
2024-01-26T17:06:38.000000,purchase,91089,1006,auto.accessories,lg,34.39,100592,f57996e1-fdaa-4566-a2e6-60745cfdb197
2024-01-26T18:00:00.000000,view,90961,1003,appliances.kitchen.refrigerators,samsung,966.21,100071,eaf37bcc-40d7-4274-9f6e-e858cfdc99a7
2024-01-26T20:00:00.000000,view,73651,1004,computers.notebook,apple,2117.47,100069,bc9c98fd-7743-4f4d-8262-1d6a78e8d712
2024-01-26T20:00:00.000000,view,90439,1002,electronics.audio.headphone,lg,159.73,100200,256a8f86-578c-42d9-abbf-4a3473adaf32
2024-01-26T20:02:07.000000,view,90439,1002,electronics.audio.headphone,lg,159.73,100200,256a8f86-578c-42d9-abbf-4a3473adaf32
2024-01-26T20:02:09.000000,view,73651,1004,computers.notebook,apple,2117.47,100069,bc9c98fd-7743-4f4d-8262-1d6a78e8d712
2024-01-26T20:03:20.000000,view,90439,1002,electronics.audio.headphone,lg,159.73,100200,256a8f86-578c-42d9-abbf-4a3473adaf32
2024-01-26T20:04:40.000000,view,73651,1004,computers.notebook,apple,2117.47,100069,bc9c98fd-7743-4f4d-8262-1d6a78e8d712
2024-01-26T21:08:19.000000,view,72235,1001,electronics.smartphone,apple,208.86,100233,9e1bf1c0-aa12-4d4e-9052-118e71c76806
2024-01-26T21:10:12.000000,cart,72235,1001,electronics.smartphone,apple,208.86,100233,9e1bf1c0-aa12-4d4e-9052-118e71c76806
2024-01-27T03:10:06.000000,view,95961,1005,apparel.shoes,asus,134.45,100183,37b60e7b-daab-458c-b94b-32d177d67b20
2024-01-27T03:11:49.000000,cart,95961,1005,apparel.shoes,asus,134.45,100183,37b60e7b-daab-458c-b94b-32d177d67b20
2024-01-27T03:13:35.000000,purchase,95961,1005,apparel.shoes,asus,134.45,100183,37b60e7b-daab-458c-b94b-32d177d67b20
2024-01-27T04:06:57.000000,view,66324,1002,electronics.audio.headphone,xiaomi,225.05,100959,319c1f3d-cd13-4175-8cd9-2dde51acfaae
2024-01-27T04:08:45.000000,view,66324,1002,electronics.audio.headphone,xiaomi,225.05,100959,319c1f3d-cd13-4175-8cd9-2dde51acfaae
2024-01-27T04:11:58.000000,view,82089,1005,apparel.shoes,samsung,86.21,100104,a794597b-a139-45d7-af37-6a778fc13506
2024-01-27T04:13:28.000000,view,82089,1005,apparel.shoes,samsung,86.21,100104,a794597b-a139-45d7-af37-6a778fc13506
2024-01-27T05:14:10.000000,view,88890,1001,electronics.smartphone,samsung,923.79,100666,fad2eea9-0539-4e34-a980-6dc2502610f7
2024-01-27T05:15:39.000000,view,88890,1001,electronics.smartphone,samsung,923.79,100666,fad2eea9-0539-4e34-a980-6dc2502610f7
2024-01-27T05:16:31.000000,view,88890,1001,electronics.smartphone,samsung,923.79,100666,fad2eea9-0539-4e34-a980-6dc2502610f7
2024-01-27T05:18:22.000000,view,88890,1001,electronics.smartphone,samsung,923.79,100666,fad2eea9-0539-4e34-a980-6dc2502610f7
2024-01-27T05:18:43.000000,cart,88890,1001,electronics.smartphone,samsung,923.79,100666,fad2eea9-0539-4e34-a980-6dc2502610f7
2024-01-27T05:19:28.000000,purchase,88890,1001,electronics.smartphone,samsung,923.79,100666,fad2eea9-0539-4e34-a980-6dc2502610f7
2024-01-27T07:14:29.000000,view,63426,1006,auto.accessories,xiaomi,141.94,100491,872de95e-bebd-4258-bb4b-d865dae10a79
2024-01-27T07:16:23.000000,view,63426,1006,auto.accessories,xiaomi,141.94,100491,872de95e-bebd-4258-bb4b-d865dae10a79
2024-01-27T07:16:35.000000,view,63426,1006,auto.accessories,xiaomi,141.94,100491,872de95e-bebd-4258-bb4b-d865dae10a79
2024-01-27T08:00:00.000000,view,84195,1004,computers.notebook,apple,1032.68,100606,bee54c65-09ff-4d1f-a89f-4f587dbfb705
2024-01-27T08:02:32.000000,view,84195,1004,computers.notebook,apple,1032.68,100606,bee54c65-09ff-4d1f-a89f-4f587dbfb705
2024-01-27T08:03:28.000000,view,84195,1004,computers.notebook,apple,1032.68,100606,bee54c65-09ff-4d1f-a89f-4f587dbfb705
2024-01-27T08:04:03.000000,view,84195,1004,computers.notebook,apple,1032.68,100606,bee54c65-09ff-4d1f-a89f-4f587dbfb705
2024-01-27T08:05:25.000000,cart,84195,1004,computers.notebook,apple,1032.68,100606,bee54c65-09ff-4d1f-a89f-4f587dbfb705
2024-01-27T09:00:00.000000,view,95861,1004,computers.notebook,samsung,407.71,100856,fec724c0-e3e6-4cb5-b007-5cb0a15e639c
2024-01-27T09:00:56.000000,view,95861,1004,computers.notebook,samsung,407.71,100856,fec724c0-e3e6-4cb5-b007-5cb0a15e639c
2024-01-27T09:03:37.000000,view,95861,1004,computers.notebook,samsung,407.71,100856,fec724c0-e3e6-4cb5-b007-5cb0a15e639c
2024-01-27T09:04:41.000000,view,95861,1004,computers.notebook,samsung,407.71,100856,fec724c0-e3e6-4cb5-b007-5cb0a15e639c
2024-01-27T09:19:05.000000,view,75061,1006,auto.accessories,lg,136.45,100608,1197ebea-c827-4250-ba23-1d5ea7d03efe
2024-01-27T09:19:41.000000,view,75061,1006,auto.accessories,lg,136.45,100608,1197ebea-c827-4250-ba23-1d5ea7d03efe
2024-01-27T09:21:31.000000,cart,75061,1006,auto.accessories,lg,136.45,100608,1197ebea-c827-4250-ba23-1d5ea7d03efe
2024-01-27T10:00:00.000000,view,81391,1004,computers.notebook,samsung,2737.24,100915,cc7e58f8-c32f-4b0e-b7f2-be661e722174
2024-01-27T10:02:41.000000,view,81391,1004,computers.notebook,samsung,2737.24,100915,cc7e58f8-c32f-4b0e-b7f2-be661e722174
2024-01-27T10:05:14.000000,view,81391,1004,computers.notebook,samsung,2737.24,100915,cc7e58f8-c32f-4b0e-b7f2-be661e722174
2024-01-27T10:08:09.000000,view,81391,1004,computers.notebook,samsung,2737.24,100915,cc7e58f8-c32f-4b0e-b7f2-be661e722174
2024-01-27T10:09:15.000000,cart,81391,1004,computers.notebook,samsung,2737.24,100915,cc7e58f8-c32f-4b0e-b7f2-be661e722174
2024-01-27T10:09:49.000000,view,52101,1003,appliances.kitchen.refrigerators,samsung,595.74,100866,3cdc5656-86db-4b35-82a9-48097a3c7a87
2024-01-27T10:10:33.000000,view,52101,1003,appliances.kitchen.refrigerators,samsung,595.74,100866,3cdc5656-86db-4b35-82a9-48097a3c7a87
2024-01-27T10:11:39.000000,cart,52101,1003,appliances.kitchen.refrigerators,samsung,595.74,100866,3cdc5656-86db-4b35-82a9-48097a3c7a87
2024-01-27T11:00:00.000000,view,97760,1005,apparel.shoes,bosch,166.28,100452,0551f320-0457-48fb-8b0b-103b98b93c0a
2024-01-27T11:01:41.000000,view,97760,1005,apparel.shoes,bosch,166.28,100452,0551f320-0457-48fb-8b0b-103b98b93c0a
2024-01-27T12:00:00.000000,view,83753,1002,electronics.audio.headphone,nike,215.74,100810,6021f924-5a50-424d-ae4b-b904033f4d31
2024-01-27T12:01:52.000000,view,83753,1002,electronics.audio.headphone,nike,215.74,100810,6021f924-5a50-424d-ae4b-b904033f4d31
2024-01-27T12:02:08.000000,view,83753,1002,electronics.audio.headphone,nike,215.74,100810,6021f924-5a50-424d-ae4b-b904033f4d31
2024-01-27T12:03:38.000000,view,83753,1002,electronics.audio.headphone,nike,215.74,100810,6021f924-5a50-424d-ae4b-b904033f4d31
2024-01-27T12:06:31.000000,cart,83753,1002,electronics.audio.headphone,nike,215.74,100810,6021f924-5a50-424d-ae4b-b904033f4d31
2024-01-27T13:00:00.000000,view,60920,1006,auto.accessories,xiaomi,98.0,100265,ddd42745-8702-4c32-bde0-b7d8b1235e8a
2024-01-27T13:02:01.000000,view,60920,1006,auto.accessories,xiaomi,98.0,100265,ddd42745-8702-4c32-bde0-b7d8b1235e8a
2024-01-27T13:03:02.000000,view,60920,1006,auto.accessories,xiaomi,98.0,100265,ddd42745-8702-4c32-bde0-b7d8b1235e8a
2024-01-27T14:00:00.000000,view,70602,1005,apparel.shoes,asus,55.91,100411,21ce16b1-ad9f-444e-90d7-5bce819c8b05
2024-01-27T14:00:52.000000,view,70602,1005,apparel.shoes,asus,55.91,100411,21ce16b1-ad9f-444e-90d7-5bce819c8b05
2024-01-27T14:01:32.000000,view,70602,1005,apparel.shoes,asus,55.91,100411,21ce16b1-ad9f-444e-90d7-5bce819c8b05
2024-01-27T14:02:55.000000,cart,70602,1005,apparel.shoes,asus,55.91,100411,21ce16b1-ad9f-444e-90d7-5bce819c8b05
2024-01-27T14:04:06.000000,purchase,70602,1005,apparel.shoes,asus,55.91,100411,21ce16b1-ad9f-444e-90d7-5bce819c8b05
2024-01-27T14:13:09.000000,view,77746,1006,auto.accessories,lg,89.75,100866,9c28f091-1b56-4c12-8ab4-ad14a93b5ae5
2024-01-27T14:15:23.000000,view,77746,1006,auto.accessories,lg,89.75,100866,9c28f091-1b56-4c12-8ab4-ad14a93b5ae5
2024-01-27T14:17:04.000000,view,77746,1006,auto.accessories,lg,89.75,100866,9c28f091-1b56-4c12-8ab4-ad14a93b5ae5
2024-01-27T14:19:52.000000,view,77746,1006,auto.accessories,lg,89.75,100866,9c28f091-1b56-4c12-8ab4-ad14a93b5ae5
2024-01-27T14:20:06.000000,cart,77746,1006,auto.accessories,lg,89.75,100866,9c28f091-1b56-4c12-8ab4-ad14a93b5ae5
2024-01-27T15:00:00.000000,view,60394,1003,appliances.kitchen.refrigerators,xiaomi,1684.16,100177,93d836be-f565-4c26-91da-8473312e7890
2024-01-27T16:43:37.000000,view,88461,1005,apparel.shoes,xiaomi,105.57,100373,0cab3067-5255-4df3-b051-92620aa13574
2024-01-27T16:45:28.000000,view,88461,1005,apparel.shoes,xiaomi,105.57,100373,0cab3067-5255-4df3-b051-92620aa13574
2024-01-27T16:45:45.000000,view,88461,1005,apparel.shoes,xiaomi,105.57,100373,0cab3067-5255-4df3-b051-92620aa13574
2024-01-27T16:46:24.000000,cart,88461,1005,apparel.shoes,xiaomi,105.57,100373,0cab3067-5255-4df3-b051-92620aa13574
2024-01-27T16:47:20.000000,purchase,88461,1005,apparel.shoes,xiaomi,105.57,100373,0cab3067-5255-4df3-b051-92620aa13574
2024-01-27T17:00:00.000000,view,51939,1002,electronics.audio.headphone,samsung,272.08,100783,bcaa5983-4c53-474b-99d0-b9c3e75526cf
2024-01-27T17:02:35.000000,view,51939,1002,electronics.audio.headphone,samsung,272.08,100783,bcaa5983-4c53-474b-99d0-b9c3e75526cf
2024-01-27T17:05:05.000000,view,51939,1002,electronics.audio.headphone,samsung,272.08,100783,bcaa5983-4c53-474b-99d0-b9c3e75526cf
2024-01-27T17:05:18.000000,view,51939,1002,electronics.audio.headphone,samsung,272.08,100783,bcaa5983-4c53-474b-99d0-b9c3e75526cf
2024-01-27T17:29:10.000000,view,65232,1006,auto.accessories,nike,82.96,100324,1540be12-97a2-45e5-ac11-2c83ca298564
2024-01-27T17:30:19.000000,cart,65232,1006,auto.accessories,nike,82.96,100324,1540be12-97a2-45e5-ac11-2c83ca298564
2024-01-27T18:00:00.000000,view,89262,1002,electronics.audio.headphone,bosch,216.18,100339,3083ee16-d301-4511-a540-e00f330d34df
2024-01-27T18:00:00.000000,view,71107,1005,apparel.shoes,xiaomi,43.31,100535,9bd09146-999a-4b5c-bb09-5c126580164a
2024-01-27T18:02:03.000000,view,71107,1005,apparel.shoes,xiaomi,43.31,100535,9bd09146-999a-4b5c-bb09-5c126580164a
2024-01-27T18:04:48.000000,view,71107,1005,apparel.shoes,xiaomi,43.31,100535,9bd09146-999a-4b5c-bb09-5c126580164a
2024-01-27T18:05:50.000000,view,71107,1005,apparel.shoes,xiaomi,43.31,100535,9bd09146-999a-4b5c-bb09-5c126580164a
2024-01-27T18:07:35.000000,cart,71107,1005,apparel.shoes,xiaomi,43.31,100535,9bd09146-999a-4b5c-bb09-5c126580164a
2024-01-27T18:15:36.000000,view,73962,1004,computers.notebook,samsung,2466.8,100673,1b8a10ad-54ce-4041-af61-0f0aaed1b93a
2024-01-27T18:18:02.000000,view,73962,1004,computers.notebook,samsung,2466.8,100673,1b8a10ad-54ce-4041-af61-0f0aaed1b93a
2024-01-27T18:19:12.000000,view,73962,1004,computers.notebook,samsung,2466.8,100673,1b8a10ad-54ce-4041-af61-0f0aaed1b93a
2024-01-27T18:20:19.000000,cart,73962,1004,computers.notebook,samsung,2466.8,100673,1b8a10ad-54ce-4041-af61-0f0aaed1b93a
2024-01-27T19:00:00.000000,view,63924,1004,computers.notebook,apple,440.7,100377,93811c6d-d7b5-4d9b-be93-84e3c37e2ab9
2024-01-27T19:00:00.000000,view,68925,1001,electronics.smartphone,bosch,474.97,100551,ae4b6daf-9213-40c3-b6ac-ede429a8a6c2
2024-01-27T19:00:00.000000,view,58660,1006,auto.accessories,lg,42.01,100834,642f95b8-00e6-4055-a510-105cb13b3a85
2024-01-27T19:00:00.000000,view,57238,1003,appliances.kitchen.refrigerators,nike,457.56,100944,91626e21-b0fc-4ce7-b9f5-6a442b6e4a2e
2024-01-27T19:01:45.000000,view,82735,1004,computers.notebook,asus,3473.45,100711,6b6f2db8-ead1-456b-9e68-0989dbac219f
2024-01-27T19:01:56.000000,view,57238,1003,appliances.kitchen.refrigerators,nike,457.56,100944,91626e21-b0fc-4ce7-b9f5-6a442b6e4a2e
2024-01-27T19:01:57.000000,view,82735,1004,computers.notebook,asus,3473.45,100711,6b6f2db8-ead1-456b-9e68-0989dbac219f
2024-01-27T19:02:09.000000,view,63924,1004,computers.notebook,apple,440.7,100377,93811c6d-d7b5-4d9b-be93-84e3c37e2ab9
2024-01-27T19:02:30.000000,view,57238,1003,appliances.kitchen.refrigerators,nike,457.56,100944,91626e21-b0fc-4ce7-b9f5-6a442b6e4a2e
2024-01-27T19:02:33.000000,view,82735,1004,computers.notebook,asus,3473.45,100711,6b6f2db8-ead1-456b-9e68-0989dbac219f
2024-01-27T19:02:44.000000,view,58660,1006,auto.accessories,lg,42.01,100834,642f95b8-00e6-4055-a510-105cb13b3a85
2024-01-27T19:03:56.000000,view,57238,1003,appliances.kitchen.refrigerators,nike,457.56,100944,91626e21-b0fc-4ce7-b9f5-6a442b6e4a2e
2024-01-27T19:03:57.000000,cart,63924,1004,computers.notebook,apple,440.7,100377,93811c6d-d7b5-4d9b-be93-84e3c37e2ab9
2024-01-27T19:04:25.000000,purchase,63924,1004,computers.notebook,apple,440.7,100377,93811c6d-d7b5-4d9b-be93-84e3c37e2ab9
2024-01-27T19:04:53.000000,cart,58660,1006,auto.accessories,lg,42.01,100834,642f95b8-00e6-4055-a510-105cb13b3a85
2024-01-27T19:05:12.000000,cart,82735,1004,computers.notebook,asus,3473.45,100711,6b6f2db8-ead1-456b-9e68-0989dbac219f
2024-01-27T19:06:08.000000,purchase,82735,1004,computers.notebook,asus,3473.45,100711,6b6f2db8-ead1-456b-9e68-0989dbac219f
2024-01-27T20:07:21.000000,view,79427,1001,electronics.smartphone,nike,1079.71,100592,dbeaf87d-1a25-4859-8d82-9d5c8aaafbd8
2024-01-27T20:09:16.000000,view,79427,1001,electronics.smartphone,nike,1079.71,100592,dbeaf87d-1a25-4859-8d82-9d5c8aaafbd8
2024-01-27T20:09:59.000000,view,79427,1001,electronics.smartphone,nike,1079.71,100592,dbeaf87d-1a25-4859-8d82-9d5c8aaafbd8
2024-01-27T20:11:34.000000,view,93074,1001,electronics.smartphone,xiaomi,723.99,100850,3f060d4c-30db-45df-999f-746626d8b790
2024-01-27T20:12:01.000000,view,93074,1001,electronics.smartphone,xiaomi,723.99,100850,3f060d4c-30db-45df-999f-746626d8b790
2024-01-27T20:12:41.000000,view,79427,1001,electronics.smartphone,nike,1079.71,100592,dbeaf87d-1a25-4859-8d82-9d5c8aaafbd8
2024-01-27T20:13:26.000000,cart,79427,1001,electronics.smartphone,nike,1079.71,100592,dbeaf87d-1a25-4859-8d82-9d5c8aaafbd8
2024-01-27T20:13:50.000000,view,93074,1001,electronics.smartphone,xiaomi,723.99,100850,3f060d4c-30db-45df-999f-746626d8b790
2024-01-27T20:16:13.000000,cart,93074,1001,electronics.smartphone,xiaomi,723.99,100850,3f060d4c-30db-45df-999f-746626d8b790
2024-01-27T20:17:57.000000,purchase,93074,1001,electronics.smartphone,xiaomi,723.99,100850,3f060d4c-30db-45df-999f-746626d8b790
2024-01-27T21:03:38.000000,view,66374,1006,auto.accessories,asus,27.79,100118,fd41f232-488e-44f5-a70c-ccbb0e0fb3d4
2024-01-27T21:04:23.000000,cart,66374,1006,auto.accessories,asus,27.79,100118,fd41f232-488e-44f5-a70c-ccbb0e0fb3d4
2024-01-27T23:05:02.000000,view,94843,1003,appliances.kitchen.refrigerators,bosch,783.82,100932,7f6097b7-a1b0-4707-a76b-4edd67b86f7f
2024-01-27T23:05:20.000000,view,94843,1003,appliances.kitchen.refrigerators,bosch,783.82,100932,7f6097b7-a1b0-4707-a76b-4edd67b86f7f
2024-01-27T23:07:16.000000,view,94843,1003,appliances.kitchen.refrigerators,bosch,783.82,100932,7f6097b7-a1b0-4707-a76b-4edd67b86f7f
2024-01-27T23:08:00.000000,view,94843,1003,appliances.kitchen.refrigerators,bosch,783.82,100932,7f6097b7-a1b0-4707-a76b-4edd67b86f7f
2024-01-27T23:10:11.000000,cart,94843,1003,appliances.kitchen.refrigerators,bosch,783.82,100932,7f6097b7-a1b0-4707-a76b-4edd67b86f7f
2024-01-27T23:10:39.000000,purchase,94843,1003,appliances.kitchen.refrigerators,bosch,783.82,100932,7f6097b7-a1b0-4707-a76b-4edd67b86f7f
2024-01-28T00:06:47.000000,view,58753,1003,appliances.kitchen.refrigerators,bosch,2141.78,100711,8852af13-c9db-43e6-adda-591f7e801af0
2024-01-28T05:07:24.000000,view,76082,1004,computers.notebook,samsung,2384.74,100587,1532c326-4efa-444d-bbac-e3961e75db91
2024-01-28T05:09:20.000000,view,76082,1004,computers.notebook,samsung,2384.74,100587,1532c326-4efa-444d-bbac-e3961e75db91
2024-01-28T05:09:37.000000,view,76082,1004,computers.notebook,samsung,2384.74,100587,1532c326-4efa-444d-bbac-e3961e75db91
2024-01-28T05:12:31.000000,view,76082,1004,computers.notebook,samsung,2384.74,100587,1532c326-4efa-444d-bbac-e3961e75db91
2024-01-28T05:14:34.000000,cart,76082,1004,computers.notebook,samsung,2384.74,100587,1532c326-4efa-444d-bbac-e3961e75db91
2024-01-28T05:15:16.000000,purchase,76082,1004,computers.notebook,samsung,2384.74,100587,1532c326-4efa-444d-bbac-e3961e75db91
2024-01-28T08:18:48.000000,view,92102,1003,appliances.kitchen.refrigerators,asus,1114.17,100850,cb099985-5637-41ff-9303-96c2f12c3813
2024-01-28T08:20:57.000000,view,92102,1003,appliances.kitchen.refrigerators,asus,1114.17,100850,cb099985-5637-41ff-9303-96c2f12c3813
2024-01-28T08:23:34.000000,view,92102,1003,appliances.kitchen.refrigerators,asus,1114.17,100850,cb099985-5637-41ff-9303-96c2f12c3813
2024-01-28T09:20:44.000000,view,91600,1002,electronics.audio.headphone,samsung,265.86,100412,238ccc7b-bec3-48f2-8cae-50e659614fc3
2024-01-28T09:20:54.000000,view,91600,1002,electronics.audio.headphone,samsung,265.86,100412,238ccc7b-bec3-48f2-8cae-50e659614fc3
2024-01-28T09:22:55.000000,cart,91600,1002,electronics.audio.headphone,samsung,265.86,100412,238ccc7b-bec3-48f2-8cae-50e659614fc3
2024-01-28T10:00:00.000000,view,73737,1002,electronics.audio.headphone,lg,116.58,100457,2b03f6db-0bbc-4323-a35a-8a1175743851
2024-01-28T10:01:15.000000,view,73737,1002,electronics.audio.headphone,lg,116.58,100457,2b03f6db-0bbc-4323-a35a-8a1175743851
2024-01-28T10:03:59.000000,view,73737,1002,electronics.audio.headphone,lg,116.58,100457,2b03f6db-0bbc-4323-a35a-8a1175743851
2024-01-28T10:04:14.000000,cart,73737,1002,electronics.audio.headphone,lg,116.58,100457,2b03f6db-0bbc-4323-a35a-8a1175743851
2024-01-28T10:05:51.000000,purchase,73737,1002,electronics.audio.headphone,lg,116.58,100457,2b03f6db-0bbc-4323-a35a-8a1175743851
2024-01-28T11:11:36.000000,view,61633,1003,appliances.kitchen.refrigerators,apple,2443.62,100381,fe94ada8-822f-42f5-a9c2-aaa20aa8410f
2024-01-28T11:18:31.000000,view,89330,1004,computers.notebook,xiaomi,432.33,100491,de06b5df-7ae3-4667-960a-9f3007f49f77
2024-01-28T11:18:51.000000,view,89330,1004,computers.notebook,xiaomi,432.33,100491,de06b5df-7ae3-4667-960a-9f3007f49f77
2024-01-28T11:20:55.000000,view,89330,1004,computers.notebook,xiaomi,432.33,100491,de06b5df-7ae3-4667-960a-9f3007f49f77
2024-01-28T11:21:37.000000,view,89330,1004,computers.notebook,xiaomi,432.33,100491,de06b5df-7ae3-4667-960a-9f3007f49f77
2024-01-28T13:00:00.000000,view,78399,1005,apparel.shoes,nike,194.53,100882,bdcc9a19-31e6-4f18-82f9-ee3fda9a1132
2024-01-28T13:01:49.000000,view,78399,1005,apparel.shoes,nike,194.53,100882,bdcc9a19-31e6-4f18-82f9-ee3fda9a1132
2024-01-28T13:24:36.000000,view,82016,1001,electronics.smartphone,samsung,219.83,100491,5f259578-ae95-4429-a044-860439550917
2024-01-28T13:25:28.000000,view,82016,1001,electronics.smartphone,samsung,219.83,100491,5f259578-ae95-4429-a044-860439550917
2024-01-28T13:26:43.000000,view,82016,1001,electronics.smartphone,samsung,219.83,100491,5f259578-ae95-4429-a044-860439550917
2024-01-28T13:28:34.000000,cart,82016,1001,electronics.smartphone,samsung,219.83,100491,5f259578-ae95-4429-a044-860439550917
2024-01-28T13:29:25.000000,purchase,82016,1001,electronics.smartphone,samsung,219.83,100491,5f259578-ae95-4429-a044-860439550917
2024-01-28T14:00:00.000000,view,88694,1002,electronics.audio.headphone,lg,242.39,100538,7c950f86-7274-4fdb-9a41-b25e6f5a9b70
2024-01-28T14:00:00.000000,view,53797,1003,appliances.kitchen.refrigerators,samsung,467.75,100578,dba830b0-ec33-4f35-9758-d9fee484cb84
2024-01-28T14:02:56.000000,view,88694,1002,electronics.audio.headphone,lg,242.39,100538,7c950f86-7274-4fdb-9a41-b25e6f5a9b70
2024-01-28T14:04:23.000000,cart,88694,1002,electronics.audio.headphone,lg,242.39,100538,7c950f86-7274-4fdb-9a41-b25e6f5a9b70
2024-01-28T14:04:56.000000,purchase,88694,1002,electronics.audio.headphone,lg,242.39,100538,7c950f86-7274-4fdb-9a41-b25e6f5a9b70
2024-01-28T14:07:49.000000,view,84846,1002,electronics.audio.headphone,lg,233.89,100437,c018c813-a7c4-47c4-b955-c007d485a8c7
2024-01-28T14:08:37.000000,cart,84846,1002,electronics.audio.headphone,lg,233.89,100437,c018c813-a7c4-47c4-b955-c007d485a8c7
2024-01-28T15:00:00.000000,view,85868,1003,appliances.kitchen.refrigerators,xiaomi,1571.45,100111,b156c57d-1a44-4d81-90ec-816bda56c1b8
2024-01-28T15:00:00.000000,view,71832,1004,computers.notebook,apple,873.38,100335,8e3d6dd6-3288-45ea-b740-64c8e7a69442
2024-01-28T15:00:00.000000,view,82781,1001,electronics.smartphone,apple,701.79,100757,d291bd0e-db25-4158-8dc2-728a4f360ddf
2024-01-28T15:00:00.000000,view,55397,1006,auto.accessories,lg,88.2,100806,3d4d2f69-4f8e-4e66-baf2-2cb36126b637
2024-01-28T15:00:00.000000,view,83140,1003,appliances.kitchen.refrigerators,xiaomi,409.87,100911,546519f2-dff4-4531-8e45-a4170560c78f
2024-01-28T15:01:07.000000,view,71832,1004,computers.notebook,apple,873.38,100335,8e3d6dd6-3288-45ea-b740-64c8e7a69442
2024-01-28T15:01:37.000000,view,85868,1003,appliances.kitchen.refrigerators,xiaomi,1571.45,100111,b156c57d-1a44-4d81-90ec-816bda56c1b8
2024-01-28T15:01:59.000000,view,85868,1003,appliances.kitchen.refrigerators,xiaomi,1571.45,100111,b156c57d-1a44-4d81-90ec-816bda56c1b8
2024-01-28T15:02:06.000000,view,82781,1001,electronics.smartphone,apple,701.79,100757,d291bd0e-db25-4158-8dc2-728a4f360ddf
2024-01-28T15:02:20.000000,view,85868,1003,appliances.kitchen.refrigerators,xiaomi,1571.45,100111,b156c57d-1a44-4d81-90ec-816bda56c1b8
2024-01-28T15:02:56.000000,view,55397,1006,auto.accessories,lg,88.2,100806,3d4d2f69-4f8e-4e66-baf2-2cb36126b637
2024-01-28T15:03:22.000000,view,82781,1001,electronics.smartphone,apple,701.79,100757,d291bd0e-db25-4158-8dc2-728a4f360ddf
2024-01-28T15:04:35.000000,view,55397,1006,auto.accessories,lg,88.2,100806,3d4d2f69-4f8e-4e66-baf2-2cb36126b637
2024-01-28T15:06:31.000000,view,55397,1006,auto.accessories,lg,88.2,100806,3d4d2f69-4f8e-4e66-baf2-2cb36126b637
2024-01-28T16:00:00.000000,view,61856,1001,electronics.smartphone,samsung,1053.38,100514,a8af6e64-e621-4be6-8d43-2732819704e4
2024-01-28T16:00:00.000000,view,64440,1001,electronics.smartphone,asus,476.6,100974,6f983320-83bb-4c7b-b081-425639290091
2024-01-28T16:02:17.000000,view,61856,1001,electronics.smartphone,samsung,1053.38,100514,a8af6e64-e621-4be6-8d43-2732819704e4
2024-01-28T17:00:00.000000,view,55661,1006,auto.accessories,apple,130.62,100228,87e8d259-fccd-493e-8dee-982cf248f9a7
2024-01-28T17:01:46.000000,view,55661,1006,auto.accessories,apple,130.62,100228,87e8d259-fccd-493e-8dee-982cf248f9a7
2024-01-28T17:02:14.000000,view,62437,1006,auto.accessories,lg,91.5,100181,1e789527-6cfa-47be-95fa-8cafd5b3cc77
2024-01-28T17:03:46.000000,view,62437,1006,auto.accessories,lg,91.5,100181,1e789527-6cfa-47be-95fa-8cafd5b3cc77
2024-01-28T17:05:55.000000,view,62437,1006,auto.accessories,lg,91.5,100181,1e789527-6cfa-47be-95fa-8cafd5b3cc77
2024-01-28T18:00:00.000000,view,94994,1004,computers.notebook,asus,1771.39,100114,0a9f2788-6637-4f7f-bc88-8aec2ed1b7b5
2024-01-28T18:00:32.000000,view,94994,1004,computers.notebook,asus,1771.39,100114,0a9f2788-6637-4f7f-bc88-8aec2ed1b7b5
2024-01-28T18:01:07.000000,cart,94994,1004,computers.notebook,asus,1771.39,100114,0a9f2788-6637-4f7f-bc88-8aec2ed1b7b5
2024-01-28T18:47:36.000000,view,74357,1002,electronics.audio.headphone,nike,127.29,100373,62705af4-9db7-46bf-a746-49890f8c94e6
2024-01-28T18:48:17.000000,view,74357,1002,electronics.audio.headphone,nike,127.29,100373,62705af4-9db7-46bf-a746-49890f8c94e6
2024-01-28T18:48:29.000000,view,74357,1002,electronics.audio.headphone,nike,127.29,100373,62705af4-9db7-46bf-a746-49890f8c94e6
2024-01-28T19:00:00.000000,view,78999,1006,auto.accessories,lg,53.97,100253,89b60302-095e-4770-ac69-923976f40558
2024-01-28T19:01:56.000000,view,78999,1006,auto.accessories,lg,53.97,100253,89b60302-095e-4770-ac69-923976f40558
2024-01-28T19:02:32.000000,view,63515,1002,electronics.audio.headphone,asus,204.48,100339,b076cd81-e2c2-4fd9-ade4-af40d875af59
2024-01-28T19:02:41.000000,view,78999,1006,auto.accessories,lg,53.97,100253,89b60302-095e-4770-ac69-923976f40558
2024-01-28T19:04:21.000000,view,56954,1005,apparel.shoes,bosch,187.92,100411,854c1180-c2b9-4b0a-adad-8197e1ece1b4
2024-01-28T19:05:05.000000,cart,63515,1002,electronics.audio.headphone,asus,204.48,100339,b076cd81-e2c2-4fd9-ade4-af40d875af59
2024-01-28T19:05:07.000000,view,56954,1005,apparel.shoes,bosch,187.92,100411,854c1180-c2b9-4b0a-adad-8197e1ece1b4
2024-01-28T19:05:21.000000,view,78999,1006,auto.accessories,lg,53.97,100253,89b60302-095e-4770-ac69-923976f40558
2024-01-28T19:05:41.000000,view,56954,1005,apparel.shoes,bosch,187.92,100411,854c1180-c2b9-4b0a-adad-8197e1ece1b4
2024-01-28T19:06:56.000000,purchase,63515,1002,electronics.audio.headphone,asus,204.48,100339,b076cd81-e2c2-4fd9-ade4-af40d875af59
2024-01-28T19:08:04.000000,cart,78999,1006,auto.accessories,lg,53.97,100253,89b60302-095e-4770-ac69-923976f40558
2024-01-28T19:08:45.000000,purchase,78999,1006,auto.accessories,lg,53.97,100253,89b60302-095e-4770-ac69-923976f40558
2024-01-28T22:04:12.000000,view,52942,1004,computers.notebook,asus,1697.01,100742,f9b6b021-9824-4006-90ed-2163a2fa465d
2024-01-28T22:05:28.000000,view,52942,1004,computers.notebook,asus,1697.01,100742,f9b6b021-9824-4006-90ed-2163a2fa465d
2024-01-28T22:07:42.000000,view,70185,1004,computers.notebook,apple,2357.68,100506,325c9902-68e4-4a31-99d0-9053da5e5c49
2024-01-28T22:08:26.000000,view,52942,1004,computers.notebook,asus,1697.01,100742,f9b6b021-9824-4006-90ed-2163a2fa465d
2024-01-28T22:10:33.000000,view,70185,1004,computers.notebook,apple,2357.68,100506,325c9902-68e4-4a31-99d0-9053da5e5c49
2024-01-28T22:11:11.000000,view,52942,1004,computers.notebook,asus,1697.01,100742,f9b6b021-9824-4006-90ed-2163a2fa465d
2024-01-28T22:12:02.000000,view,70185,1004,computers.notebook,apple,2357.68,100506,325c9902-68e4-4a31-99d0-9053da5e5c49
2024-01-29T00:09:27.000000,view,66730,1003,appliances.kitchen.refrigerators,samsung,1050.16,100468,33bd7771-388e-4911-8145-389c5456c257
2024-01-29T00:11:57.000000,view,66730,1003,appliances.kitchen.refrigerators,samsung,1050.16,100468,33bd7771-388e-4911-8145-389c5456c257
2024-01-29T00:14:03.000000,view,66730,1003,appliances.kitchen.refrigerators,samsung,1050.16,100468,33bd7771-388e-4911-8145-389c5456c257
2024-01-29T00:17:02.000000,view,66730,1003,appliances.kitchen.refrigerators,samsung,1050.16,100468,33bd7771-388e-4911-8145-389c5456c257
2024-01-29T01:14:50.000000,view,72354,1005,apparel.shoes,xiaomi,155.96,100506,8568f998-8325-4305-ad96-b6383a1563a1
2024-01-29T01:16:34.000000,view,72354,1005,apparel.shoes,xiaomi,155.96,100506,8568f998-8325-4305-ad96-b6383a1563a1
2024-01-29T02:00:49.000000,view,61632,1006,auto.accessories,bosch,83.49,100486,ed889183-7974-4d5a-820d-8a1b78bdd2c7
2024-01-29T02:01:06.000000,view,61632,1006,auto.accessories,bosch,83.49,100486,ed889183-7974-4d5a-820d-8a1b78bdd2c7
2024-01-29T02:03:55.000000,view,61632,1006,auto.accessories,bosch,83.49,100486,ed889183-7974-4d5a-820d-8a1b78bdd2c7
2024-01-29T02:04:14.000000,view,61632,1006,auto.accessories,bosch,83.49,100486,ed889183-7974-4d5a-820d-8a1b78bdd2c7
2024-01-29T05:32:11.000000,view,65961,1004,computers.notebook,bosch,2321.28,100324,7ac7caf0-0488-452b-9044-0a00ecb16493
2024-01-29T05:32:56.000000,cart,65961,1004,computers.notebook,bosch,2321.28,100324,7ac7caf0-0488-452b-9044-0a00ecb16493
2024-01-29T05:33:48.000000,purchase,65961,1004,computers.notebook,bosch,2321.28,100324,7ac7caf0-0488-452b-9044-0a00ecb16493
2024-01-29T08:00:00.000000,view,86650,1003,appliances.kitchen.refrigerators,lg,1713.45,100887,4fee4f9c-a090-445d-93ef-43a06256a17f
2024-01-29T09:00:00.000000,view,57529,1005,apparel.shoes,xiaomi,162.02,100045,c060f229-2cc0-4956-b257-3fb3d056d28a
2024-01-29T09:00:00.000000,view,78564,1004,computers.notebook,apple,849.32,100240,e0d0bd5e-d69a-4bcf-881a-c5c636294368
2024-01-29T09:00:00.000000,view,72862,1001,electronics.smartphone,apple,864.92,100923,fad11ce3-c50d-4428-a1d8-32f649747c39
2024-01-29T09:00:55.000000,view,78564,1004,computers.notebook,apple,849.32,100240,e0d0bd5e-d69a-4bcf-881a-c5c636294368
2024-01-29T09:01:12.000000,view,72862,1001,electronics.smartphone,apple,864.92,100923,fad11ce3-c50d-4428-a1d8-32f649747c39
2024-01-29T09:01:59.000000,view,57529,1005,apparel.shoes,xiaomi,162.02,100045,c060f229-2cc0-4956-b257-3fb3d056d28a
2024-01-29T09:02:44.000000,view,78564,1004,computers.notebook,apple,849.32,100240,e0d0bd5e-d69a-4bcf-881a-c5c636294368
2024-01-29T09:04:29.000000,view,78564,1004,computers.notebook,apple,849.32,100240,e0d0bd5e-d69a-4bcf-881a-c5c636294368
2024-01-29T09:19:08.000000,view,66129,1003,appliances.kitchen.refrigerators,lg,760.8,100506,8e65a52d-3124-4364-b008-38d768bae36f
2024-01-29T09:20:17.000000,view,66129,1003,appliances.kitchen.refrigerators,lg,760.8,100506,8e65a52d-3124-4364-b008-38d768bae36f
2024-01-29T09:21:47.000000,view,66129,1003,appliances.kitchen.refrigerators,lg,760.8,100506,8e65a52d-3124-4364-b008-38d768bae36f
2024-01-29T10:00:00.000000,view,92713,1006,auto.accessories,apple,36.86,100669,9dc301b8-9abc-49b3-bd2e-631f278f621f
2024-01-29T10:00:00.000000,view,80514,1001,electronics.smartphone,nike,782.81,100755,efe4addc-f86e-445c-9e1d-b83140fc5b76
2024-01-29T10:02:32.000000,view,80514,1001,electronics.smartphone,nike,782.81,100755,efe4addc-f86e-445c-9e1d-b83140fc5b76
2024-01-29T10:02:48.000000,view,80514,1001,electronics.smartphone,nike,782.81,100755,efe4addc-f86e-445c-9e1d-b83140fc5b76
2024-01-29T10:03:32.000000,cart,80514,1001,electronics.smartphone,nike,782.81,100755,efe4addc-f86e-445c-9e1d-b83140fc5b76
2024-01-29T11:00:00.000000,view,89623,1002,electronics.audio.headphone,asus,183.29,100733,199fd486-2c8c-4189-b8a2-7bf98f9ecbb4
2024-01-29T11:02:51.000000,view,89623,1002,electronics.audio.headphone,asus,183.29,100733,199fd486-2c8c-4189-b8a2-7bf98f9ecbb4
2024-01-29T11:04:51.000000,view,89623,1002,electronics.audio.headphone,asus,183.29,100733,199fd486-2c8c-4189-b8a2-7bf98f9ecbb4
2024-01-29T11:06:08.000000,view,89623,1002,electronics.audio.headphone,asus,183.29,100733,199fd486-2c8c-4189-b8a2-7bf98f9ecbb4
2024-01-29T11:07:45.000000,cart,89623,1002,electronics.audio.headphone,asus,183.29,100733,199fd486-2c8c-4189-b8a2-7bf98f9ecbb4
2024-01-29T12:04:12.000000,view,96410,1006,auto.accessories,xiaomi,74.6,100282,4325a3eb-9092-4140-b3e7-6d2651867377
2024-01-29T12:04:47.000000,view,96410,1006,auto.accessories,xiaomi,74.6,100282,4325a3eb-9092-4140-b3e7-6d2651867377
2024-01-29T12:05:36.000000,view,96410,1006,auto.accessories,xiaomi,74.6,100282,4325a3eb-9092-4140-b3e7-6d2651867377
2024-01-29T12:08:31.000000,view,96410,1006,auto.accessories,xiaomi,74.6,100282,4325a3eb-9092-4140-b3e7-6d2651867377
2024-01-29T12:10:14.000000,cart,96410,1006,auto.accessories,xiaomi,74.6,100282,4325a3eb-9092-4140-b3e7-6d2651867377
2024-01-29T12:10:46.000000,purchase,96410,1006,auto.accessories,xiaomi,74.6,100282,4325a3eb-9092-4140-b3e7-6d2651867377
2024-01-29T15:00:00.000000,view,87652,1006,auto.accessories,xiaomi,58.94,100982,dbf9b493-9da3-4b64-bb4a-3e95faacf667
2024-01-29T15:01:35.000000,view,87652,1006,auto.accessories,xiaomi,58.94,100982,dbf9b493-9da3-4b64-bb4a-3e95faacf667
2024-01-29T15:02:22.000000,view,87652,1006,auto.accessories,xiaomi,58.94,100982,dbf9b493-9da3-4b64-bb4a-3e95faacf667
2024-01-29T15:02:52.000000,view,87652,1006,auto.accessories,xiaomi,58.94,100982,dbf9b493-9da3-4b64-bb4a-3e95faacf667
2024-01-29T15:04:01.000000,cart,87652,1006,auto.accessories,xiaomi,58.94,100982,dbf9b493-9da3-4b64-bb4a-3e95faacf667
2024-01-29T15:04:41.000000,purchase,87652,1006,auto.accessories,xiaomi,58.94,100982,dbf9b493-9da3-4b64-bb4a-3e95faacf667
2024-01-29T15:05:13.000000,view,72012,1003,appliances.kitchen.refrigerators,samsung,579.87,100240,014406f4-3010-4dcc-9039-495363ae957e
2024-01-29T15:06:34.000000,cart,72012,1003,appliances.kitchen.refrigerators,samsung,579.87,100240,014406f4-3010-4dcc-9039-495363ae957e
2024-01-29T15:07:48.000000,purchase,72012,1003,appliances.kitchen.refrigerators,samsung,579.87,100240,014406f4-3010-4dcc-9039-495363ae957e
2024-01-29T15:16:07.000000,view,93918,1002,electronics.audio.headphone,xiaomi,207.2,100587,54f057d3-4ece-4b4e-b259-1a521196b6ef
2024-01-29T15:19:03.000000,view,93918,1002,electronics.audio.headphone,xiaomi,207.2,100587,54f057d3-4ece-4b4e-b259-1a521196b6ef
2024-01-29T15:20:15.000000,view,93918,1002,electronics.audio.headphone,xiaomi,207.2,100587,54f057d3-4ece-4b4e-b259-1a521196b6ef
2024-01-29T15:22:38.000000,cart,93918,1002,electronics.audio.headphone,xiaomi,207.2,100587,54f057d3-4ece-4b4e-b259-1a521196b6ef
2024-01-29T15:30:06.000000,view,63246,1004,computers.notebook,bosch,3345.65,100491,cfcfb8a0-de87-40f3-b09b-aad962216e8b
2024-01-29T15:31:07.000000,view,63246,1004,computers.notebook,bosch,3345.65,100491,cfcfb8a0-de87-40f3-b09b-aad962216e8b
2024-01-29T15:31:49.000000,view,63246,1004,computers.notebook,bosch,3345.65,100491,cfcfb8a0-de87-40f3-b09b-aad962216e8b
2024-01-29T15:34:11.000000,view,63246,1004,computers.notebook,bosch,3345.65,100491,cfcfb8a0-de87-40f3-b09b-aad962216e8b
2024-01-29T16:00:00.000000,view,95586,1001,electronics.smartphone,apple,510.75,100113,f5aac57f-d9cb-4e0d-a6c7-a2b75e7e7009
2024-01-29T16:00:00.000000,view,69439,1001,electronics.smartphone,samsung,1084.76,100695,f20bc67f-d656-4de2-929c-cdd9bee7e72d
2024-01-29T16:01:54.000000,view,69439,1001,electronics.smartphone,samsung,1084.76,100695,f20bc67f-d656-4de2-929c-cdd9bee7e72d
2024-01-29T16:21:47.000000,view,89137,1004,computers.notebook,nike,1194.3,100272,9f49aab8-77f5-4274-bed0-ffa643b8c974
2024-01-29T16:24:19.000000,cart,89137,1004,computers.notebook,nike,1194.3,100272,9f49aab8-77f5-4274-bed0-ffa643b8c974
2024-01-29T17:00:00.000000,view,61885,1002,electronics.audio.headphone,apple,209.52,100151,bba5eeb4-8431-458d-a8c9-4f1c202c9680
2024-01-29T18:00:00.000000,view,71703,1004,computers.notebook,samsung,2710.56,100126,7e5bc372-e951-40c2-abad-f91f0c05e463
2024-01-29T18:01:38.000000,view,71703,1004,computers.notebook,samsung,2710.56,100126,7e5bc372-e951-40c2-abad-f91f0c05e463
2024-01-29T18:03:09.000000,cart,71703,1004,computers.notebook,samsung,2710.56,100126,7e5bc372-e951-40c2-abad-f91f0c05e463
2024-01-29T19:00:00.000000,view,90949,1005,apparel.shoes,samsung,110.78,100568,415e35ea-dde4-4c26-92ed-61626e47c252
2024-01-29T19:01:26.000000,view,69376,1004,computers.notebook,nike,2118.68,100015,a3cf8244-9b84-4de8-95d3-2b8d679bfdfb
2024-01-29T19:02:52.000000,view,90949,1005,apparel.shoes,samsung,110.78,100568,415e35ea-dde4-4c26-92ed-61626e47c252
2024-01-29T19:03:23.000000,view,69376,1004,computers.notebook,nike,2118.68,100015,a3cf8244-9b84-4de8-95d3-2b8d679bfdfb
2024-01-29T19:05:21.000000,view,90949,1005,apparel.shoes,samsung,110.78,100568,415e35ea-dde4-4c26-92ed-61626e47c252
2024-01-29T19:05:51.000000,view,90949,1005,apparel.shoes,samsung,110.78,100568,415e35ea-dde4-4c26-92ed-61626e47c252
2024-01-29T19:34:30.000000,view,75432,1001,electronics.smartphone,bosch,343.7,100491,a0948180-d45c-4c2b-ad93-27c0a9bd1f60
2024-01-29T20:00:00.000000,view,82284,1004,computers.notebook,nike,715.73,100988,c5aeb383-fa63-4a02-bc4a-8cb470768f25
2024-01-29T20:02:34.000000,view,82284,1004,computers.notebook,nike,715.73,100988,c5aeb383-fa63-4a02-bc4a-8cb470768f25
2024-01-29T20:03:28.000000,view,82284,1004,computers.notebook,nike,715.73,100988,c5aeb383-fa63-4a02-bc4a-8cb470768f25
2024-01-29T20:04:14.000000,view,82284,1004,computers.notebook,nike,715.73,100988,c5aeb383-fa63-4a02-bc4a-8cb470768f25
2024-01-29T20:21:13.000000,view,57715,1006,auto.accessories,asus,53.17,100140,bee899c5-be67-4cf1-9eed-ef364fd0354a
2024-01-29T20:23:30.000000,cart,57715,1006,auto.accessories,asus,53.17,100140,bee899c5-be67-4cf1-9eed-ef364fd0354a
2024-01-29T21:03:39.000000,view,79986,1003,appliances.kitchen.refrigerators,samsung,550.7,100103,3888a2b4-aa63-4994-b037-eb7e5210eaa8
2024-01-29T21:06:04.000000,view,79986,1003,appliances.kitchen.refrigerators,samsung,550.7,100103,3888a2b4-aa63-4994-b037-eb7e5210eaa8
2024-01-29T21:08:57.000000,view,79986,1003,appliances.kitchen.refrigerators,samsung,550.7,100103,3888a2b4-aa63-4994-b037-eb7e5210eaa8
2024-01-29T21:10:27.000000,view,79986,1003,appliances.kitchen.refrigerators,samsung,550.7,100103,3888a2b4-aa63-4994-b037-eb7e5210eaa8
2024-01-29T21:13:09.000000,cart,79986,1003,appliances.kitchen.refrigerators,samsung,550.7,100103,3888a2b4-aa63-4994-b037-eb7e5210eaa8
2024-01-30T01:01:37.000000,view,59163,1003,appliances.kitchen.refrigerators,bosch,845.13,100114,79987310-ec12-477c-a4b3-06374bb3758a
2024-01-30T04:02:18.000000,view,93170,1002,electronics.audio.headphone,samsung,196.73,100071,264a8441-7e5e-4786-b600-5f8e5d970a9a
2024-01-30T04:04:52.000000,view,93170,1002,electronics.audio.headphone,samsung,196.73,100071,264a8441-7e5e-4786-b600-5f8e5d970a9a
2024-01-30T04:05:12.000000,view,93170,1002,electronics.audio.headphone,samsung,196.73,100071,264a8441-7e5e-4786-b600-5f8e5d970a9a
2024-01-30T04:05:29.000000,cart,93170,1002,electronics.audio.headphone,samsung,196.73,100071,264a8441-7e5e-4786-b600-5f8e5d970a9a
2024-01-30T05:02:53.000000,view,82509,1001,electronics.smartphone,samsung,433.76,100847,e601ee9b-7a75-4525-800a-6fde3f377947
2024-01-30T05:05:04.000000,view,82509,1001,electronics.smartphone,samsung,433.76,100847,e601ee9b-7a75-4525-800a-6fde3f377947
2024-01-30T05:06:47.000000,view,82509,1001,electronics.smartphone,samsung,433.76,100847,e601ee9b-7a75-4525-800a-6fde3f377947
2024-01-30T05:09:06.000000,view,82509,1001,electronics.smartphone,samsung,433.76,100847,e601ee9b-7a75-4525-800a-6fde3f377947
2024-01-30T06:34:17.000000,view,89195,1002,electronics.audio.headphone,nike,296.85,100324,ac4e8ab5-24d7-4aa8-b11c-6e5d460ecddd
2024-01-30T06:35:51.000000,view,89195,1002,electronics.audio.headphone,nike,296.85,100324,ac4e8ab5-24d7-4aa8-b11c-6e5d460ecddd
2024-01-30T06:36:35.000000,view,89195,1002,electronics.audio.headphone,nike,296.85,100324,ac4e8ab5-24d7-4aa8-b11c-6e5d460ecddd
2024-01-30T06:37:56.000000,view,89195,1002,electronics.audio.headphone,nike,296.85,100324,ac4e8ab5-24d7-4aa8-b11c-6e5d460ecddd
2024-01-30T08:00:00.000000,view,62856,1001,electronics.smartphone,bosch,710.9,100398,0ccd940e-6070-437b-9604-2994ffca3476
2024-01-30T08:00:00.000000,view,80700,1003,appliances.kitchen.refrigerators,lg,1270.14,100700,e717f555-407d-42b0-9a55-b0dba4ac4e21
2024-01-30T08:00:00.000000,view,54634,1006,auto.accessories,asus,44.39,100823,4041a884-d82a-49f1-96e2-af658b55d1de
2024-01-30T08:00:14.000000,view,62856,1001,electronics.smartphone,bosch,710.9,100398,0ccd940e-6070-437b-9604-2994ffca3476
2024-01-30T08:00:14.000000,cart,54634,1006,auto.accessories,asus,44.39,100823,4041a884-d82a-49f1-96e2-af658b55d1de
2024-01-30T08:02:45.000000,view,62856,1001,electronics.smartphone,bosch,710.9,100398,0ccd940e-6070-437b-9604-2994ffca3476
2024-01-30T08:04:58.000000,view,62856,1001,electronics.smartphone,bosch,710.9,100398,0ccd940e-6070-437b-9604-2994ffca3476
2024-01-30T08:05:21.000000,cart,62856,1001,electronics.smartphone,bosch,710.9,100398,0ccd940e-6070-437b-9604-2994ffca3476
2024-01-30T09:00:00.000000,view,83143,1001,electronics.smartphone,samsung,628.81,100094,75b07323-7250-4043-8190-93a13304310b
2024-01-30T09:00:00.000000,view,78325,1002,electronics.audio.headphone,asus,260.48,100170,173d58e1-1bd2-4350-89c8-39028f280796
2024-01-30T09:00:47.000000,view,78325,1002,electronics.audio.headphone,asus,260.48,100170,173d58e1-1bd2-4350-89c8-39028f280796
2024-01-30T09:07:41.000000,view,79460,1002,electronics.audio.headphone,asus,69.75,100643,3a1c3529-3cd7-4120-a28f-3b0db6df0871
2024-01-30T09:08:51.000000,view,79460,1002,electronics.audio.headphone,asus,69.75,100643,3a1c3529-3cd7-4120-a28f-3b0db6df0871
2024-01-30T09:17:36.000000,view,73948,1003,appliances.kitchen.refrigerators,apple,1238.33,100468,215768dc-ced5-4a19-b090-9905e3bfbf97
2024-01-30T09:20:05.000000,cart,73948,1003,appliances.kitchen.refrigerators,apple,1238.33,100468,215768dc-ced5-4a19-b090-9905e3bfbf97
2024-01-30T10:11:33.000000,view,67628,1001,electronics.smartphone,lg,364.41,100959,e95f8cee-cbfd-46e5-8f1e-a88f5ef802ee
2024-01-30T11:11:26.000000,view,86025,1006,auto.accessories,nike,82.5,100643,5f3d1890-2b26-463c-a367-d7e72c5a7451
2024-01-30T11:12:16.000000,view,86025,1006,auto.accessories,nike,82.5,100643,5f3d1890-2b26-463c-a367-d7e72c5a7451
2024-01-30T11:14:51.000000,view,86025,1006,auto.accessories,nike,82.5,100643,5f3d1890-2b26-463c-a367-d7e72c5a7451
2024-01-30T11:15:54.000000,view,86025,1006,auto.accessories,nike,82.5,100643,5f3d1890-2b26-463c-a367-d7e72c5a7451
2024-01-30T13:00:00.000000,view,52343,1003,appliances.kitchen.refrigerators,apple,2187.24,100642,67d64160-85fe-4e3e-ab3b-12b9504dfb29
2024-01-30T13:01:24.000000,view,90549,1005,apparel.shoes,lg,120.61,100923,1bba464d-c0cb-4440-a552-9881501b4e82
2024-01-30T13:01:58.000000,view,90549,1005,apparel.shoes,lg,120.61,100923,1bba464d-c0cb-4440-a552-9881501b4e82
2024-01-30T13:02:21.000000,cart,52343,1003,appliances.kitchen.refrigerators,apple,2187.24,100642,67d64160-85fe-4e3e-ab3b-12b9504dfb29
2024-01-30T13:03:26.000000,purchase,52343,1003,appliances.kitchen.refrigerators,apple,2187.24,100642,67d64160-85fe-4e3e-ab3b-12b9504dfb29
2024-01-30T15:00:00.000000,view,80426,1003,appliances.kitchen.refrigerators,xiaomi,410.18,100142,6485ff3a-4214-4b9d-b96c-bb6060f3d399
2024-01-30T15:00:00.000000,view,65797,1001,electronics.smartphone,nike,617.26,100405,81ccc352-4170-444a-a741-ae7290b51326
2024-01-30T15:00:20.000000,view,80426,1003,appliances.kitchen.refrigerators,xiaomi,410.18,100142,6485ff3a-4214-4b9d-b96c-bb6060f3d399
2024-01-30T15:01:42.000000,view,65797,1001,electronics.smartphone,nike,617.26,100405,81ccc352-4170-444a-a741-ae7290b51326
2024-01-30T15:01:44.000000,cart,80426,1003,appliances.kitchen.refrigerators,xiaomi,410.18,100142,6485ff3a-4214-4b9d-b96c-bb6060f3d399
2024-01-30T15:02:12.000000,view,65797,1001,electronics.smartphone,nike,617.26,100405,81ccc352-4170-444a-a741-ae7290b51326
2024-01-30T15:03:25.000000,purchase,80426,1003,appliances.kitchen.refrigerators,xiaomi,410.18,100142,6485ff3a-4214-4b9d-b96c-bb6060f3d399
2024-01-30T15:03:52.000000,view,65797,1001,electronics.smartphone,nike,617.26,100405,81ccc352-4170-444a-a741-ae7290b51326
2024-01-30T15:05:24.000000,view,99250,1002,electronics.audio.headphone,xiaomi,177.03,100822,1a65fad0-06ff-40fb-9aba-1ef1b334881e
2024-01-30T15:05:53.000000,view,95903,1004,computers.notebook,samsung,1621.4,100670,608c9168-9e28-43dd-bd74-537bcf242f8a
2024-01-30T15:06:24.000000,view,95903,1004,computers.notebook,samsung,1621.4,100670,608c9168-9e28-43dd-bd74-537bcf242f8a
2024-01-30T15:07:16.000000,view,99250,1002,electronics.audio.headphone,xiaomi,177.03,100822,1a65fad0-06ff-40fb-9aba-1ef1b334881e
2024-01-30T15:09:48.000000,view,99250,1002,electronics.audio.headphone,xiaomi,177.03,100822,1a65fad0-06ff-40fb-9aba-1ef1b334881e
2024-01-30T15:12:09.000000,view,99250,1002,electronics.audio.headphone,xiaomi,177.03,100822,1a65fad0-06ff-40fb-9aba-1ef1b334881e
2024-01-30T16:01:35.000000,view,91330,1004,computers.notebook,samsung,2002.72,100170,b8589dd1-b4ca-4f8b-9c51-df9e3f19715e
2024-01-30T16:03:49.000000,view,91330,1004,computers.notebook,samsung,2002.72,100170,b8589dd1-b4ca-4f8b-9c51-df9e3f19715e
2024-01-30T16:04:17.000000,view,59069,1001,electronics.smartphone,bosch,846.52,100142,c1ec5949-3b8d-421e-92ef-1be0f9ef5ee2
2024-01-30T16:05:15.000000,view,91330,1004,computers.notebook,samsung,2002.72,100170,b8589dd1-b4ca-4f8b-9c51-df9e3f19715e
2024-01-30T16:05:51.000000,view,59069,1001,electronics.smartphone,bosch,846.52,100142,c1ec5949-3b8d-421e-92ef-1be0f9ef5ee2
2024-01-30T17:00:00.000000,view,62460,1002,electronics.audio.headphone,nike,195.75,100036,72b90143-7ed8-416f-b943-9457cff133f3
2024-01-30T17:00:00.000000,view,55531,1006,auto.accessories,bosch,92.61,100797,dc23477b-d9f4-48e1-8d00-f02507d34e18
2024-01-30T17:01:44.000000,view,55531,1006,auto.accessories,bosch,92.61,100797,dc23477b-d9f4-48e1-8d00-f02507d34e18
2024-01-30T17:02:50.000000,view,62460,1002,electronics.audio.headphone,nike,195.75,100036,72b90143-7ed8-416f-b943-9457cff133f3
2024-01-30T18:04:30.000000,view,77668,1002,electronics.audio.headphone,nike,191.76,100923,f93e8305-bc83-4336-bbdb-24896d78c355
2024-01-30T18:06:24.000000,view,77668,1002,electronics.audio.headphone,nike,191.76,100923,f93e8305-bc83-4336-bbdb-24896d78c355
2024-01-30T18:08:05.000000,view,77668,1002,electronics.audio.headphone,nike,191.76,100923,f93e8305-bc83-4336-bbdb-24896d78c355
2024-01-30T18:11:00.000000,view,77668,1002,electronics.audio.headphone,nike,191.76,100923,f93e8305-bc83-4336-bbdb-24896d78c355
2024-01-30T19:00:00.000000,view,81957,1003,appliances.kitchen.refrigerators,bosch,675.38,100702,f840b249-5a8f-4068-b53e-a7227959e355
2024-01-30T19:01:05.000000,cart,81957,1003,appliances.kitchen.refrigerators,bosch,675.38,100702,f840b249-5a8f-4068-b53e-a7227959e355
2024-01-30T19:03:01.000000,purchase,81957,1003,appliances.kitchen.refrigerators,bosch,675.38,100702,f840b249-5a8f-4068-b53e-a7227959e355
2024-01-30T19:04:31.000000,view,75052,1003,appliances.kitchen.refrigerators,apple,381.52,100755,845033b2-5f06-4df3-9ef0-817329434b92
2024-01-30T19:11:03.000000,view,81042,1001,electronics.smartphone,samsung,508.39,100282,8aa321d4-0ee0-4a53-8fa2-441e13b24db9
2024-01-30T19:11:34.000000,view,81042,1001,electronics.smartphone,samsung,508.39,100282,8aa321d4-0ee0-4a53-8fa2-441e13b24db9
2024-01-30T19:12:52.000000,cart,81042,1001,electronics.smartphone,samsung,508.39,100282,8aa321d4-0ee0-4a53-8fa2-441e13b24db9
2024-01-30T19:14:10.000000,view,90728,1006,auto.accessories,asus,148.47,100959,3d3d2b99-7519-4486-a22e-b5b6839f2a05
2024-01-30T19:14:43.000000,purchase,81042,1001,electronics.smartphone,samsung,508.39,100282,8aa321d4-0ee0-4a53-8fa2-441e13b24db9
2024-01-30T19:16:22.000000,view,90728,1006,auto.accessories,asus,148.47,100959,3d3d2b99-7519-4486-a22e-b5b6839f2a05
2024-01-30T19:19:13.000000,view,90728,1006,auto.accessories,asus,148.47,100959,3d3d2b99-7519-4486-a22e-b5b6839f2a05
2024-01-30T19:19:25.000000,cart,90728,1006,auto.accessories,asus,148.47,100959,3d3d2b99-7519-4486-a22e-b5b6839f2a05
2024-01-30T20:00:00.000000,view,63081,1005,apparel.shoes,samsung,47.02,100650,77262422-ed59-42c5-a852-d7b930fad4fc
2024-01-30T20:00:28.000000,view,63081,1005,apparel.shoes,samsung,47.02,100650,77262422-ed59-42c5-a852-d7b930fad4fc
2024-01-30T20:01:58.000000,view,97891,1004,computers.notebook,apple,2898.47,100113,c3bf6add-7a48-4ebe-9e14-ff8cb3bff5a9
2024-01-30T20:02:28.000000,view,63081,1005,apparel.shoes,samsung,47.02,100650,77262422-ed59-42c5-a852-d7b930fad4fc
2024-01-30T20:03:28.000000,cart,97891,1004,computers.notebook,apple,2898.47,100113,c3bf6add-7a48-4ebe-9e14-ff8cb3bff5a9
2024-01-30T20:04:21.000000,purchase,97891,1004,computers.notebook,apple,2898.47,100113,c3bf6add-7a48-4ebe-9e14-ff8cb3bff5a9
2024-01-30T20:05:09.000000,view,63081,1005,apparel.shoes,samsung,47.02,100650,77262422-ed59-42c5-a852-d7b930fad4fc
2024-01-30T21:05:16.000000,view,96472,1006,auto.accessories,bosch,59.52,100982,eb9cce6f-0be8-40f1-b5ae-2be7ea645b39
2024-01-30T21:07:34.000000,view,96472,1006,auto.accessories,bosch,59.52,100982,eb9cce6f-0be8-40f1-b5ae-2be7ea645b39
2024-01-30T22:06:48.000000,view,57729,1002,electronics.audio.headphone,samsung,215.98,100810,f4a1921a-f9e9-4803-b404-0206c5914d05
2024-01-30T22:25:16.000000,view,89205,1005,apparel.shoes,nike,153.53,100272,c11fb75a-6fdb-41cf-9823-117dbf65bf41
2024-01-30T22:25:27.000000,cart,89205,1005,apparel.shoes,nike,153.53,100272,c11fb75a-6fdb-41cf-9823-117dbf65bf41
2024-01-30T22:27:01.000000,purchase,89205,1005,apparel.shoes,nike,153.53,100272,c11fb75a-6fdb-41cf-9823-117dbf65bf41
2024-01-31T01:07:59.000000,view,76476,1002,electronics.audio.headphone,bosch,81.96,100535,74baa612-2321-4180-be4c-75c2b9b69761
2024-01-31T01:09:39.000000,view,76476,1002,electronics.audio.headphone,bosch,81.96,100535,74baa612-2321-4180-be4c-75c2b9b69761
2024-01-31T01:11:32.000000,view,76476,1002,electronics.audio.headphone,bosch,81.96,100535,74baa612-2321-4180-be4c-75c2b9b69761
2024-01-31T01:12:52.000000,cart,76476,1002,electronics.audio.headphone,bosch,81.96,100535,74baa612-2321-4180-be4c-75c2b9b69761
2024-01-31T02:02:56.000000,view,99359,1006,auto.accessories,samsung,115.58,100244,215a0241-c0ae-4509-bd32-296f9e729ffc
2024-01-31T02:04:28.000000,view,99359,1006,auto.accessories,samsung,115.58,100244,215a0241-c0ae-4509-bd32-296f9e729ffc
2024-01-31T02:11:17.000000,view,95225,1004,computers.notebook,lg,3087.0,100923,2c6b4233-cb71-4e7a-8215-c80336e137c1
2024-01-31T02:13:29.000000,view,95225,1004,computers.notebook,lg,3087.0,100923,2c6b4233-cb71-4e7a-8215-c80336e137c1
2024-01-31T02:15:20.000000,view,95225,1004,computers.notebook,lg,3087.0,100923,2c6b4233-cb71-4e7a-8215-c80336e137c1
2024-01-31T02:16:02.000000,view,95225,1004,computers.notebook,lg,3087.0,100923,2c6b4233-cb71-4e7a-8215-c80336e137c1
2024-01-31T04:06:39.000000,view,92837,1003,appliances.kitchen.refrigerators,nike,490.57,100650,fc3302d7-3567-460f-9d44-b4c7201a62d6
2024-01-31T04:09:12.000000,view,92837,1003,appliances.kitchen.refrigerators,nike,490.57,100650,fc3302d7-3567-460f-9d44-b4c7201a62d6
2024-01-31T04:10:45.000000,view,92837,1003,appliances.kitchen.refrigerators,nike,490.57,100650,fc3302d7-3567-460f-9d44-b4c7201a62d6
2024-01-31T04:12:01.000000,view,87048,1003,appliances.kitchen.refrigerators,nike,1617.21,100417,5bcbdad0-a7ee-4133-9643-05d9e09d2ba8
2024-01-31T04:12:10.000000,cart,92837,1003,appliances.kitchen.refrigerators,nike,490.57,100650,fc3302d7-3567-460f-9d44-b4c7201a62d6
2024-01-31T04:13:47.000000,purchase,92837,1003,appliances.kitchen.refrigerators,nike,490.57,100650,fc3302d7-3567-460f-9d44-b4c7201a62d6
2024-01-31T06:04:24.000000,view,76536,1001,electronics.smartphone,lg,1143.94,100988,1471b742-a027-4b82-905b-e32065de3156
2024-01-31T06:05:50.000000,view,76536,1001,electronics.smartphone,lg,1143.94,100988,1471b742-a027-4b82-905b-e32065de3156
2024-01-31T06:06:28.000000,cart,76536,1001,electronics.smartphone,lg,1143.94,100988,1471b742-a027-4b82-905b-e32065de3156
2024-01-31T08:07:06.000000,view,90508,1005,apparel.shoes,lg,142.24,100071,2c6d1e5f-8c62-423d-9d8c-6fc3b277c6d0
2024-01-31T08:09:56.000000,view,90508,1005,apparel.shoes,lg,142.24,100071,2c6d1e5f-8c62-423d-9d8c-6fc3b277c6d0
2024-01-31T08:12:25.000000,view,90508,1005,apparel.shoes,lg,142.24,100071,2c6d1e5f-8c62-423d-9d8c-6fc3b277c6d0
2024-01-31T08:13:49.000000,view,90508,1005,apparel.shoes,lg,142.24,100071,2c6d1e5f-8c62-423d-9d8c-6fc3b277c6d0
2024-01-31T09:00:00.000000,view,89478,1002,electronics.audio.headphone,samsung,67.04,100052,8d55d2ba-6b31-4997-bc8e-5b8f8c348eb7
2024-01-31T09:00:00.000000,view,57429,1003,appliances.kitchen.refrigerators,samsung,1982.78,100552,e69f5274-0e18-4bff-ba0e-9012e4352625
2024-01-31T09:00:00.000000,view,93808,1003,appliances.kitchen.refrigerators,bosch,1463.8,100674,2101eeb8-90cd-428e-ab0b-6fc11e2a76bf
2024-01-31T09:00:00.000000,view,67547,1005,apparel.shoes,xiaomi,132.54,100952,9698e442-4640-47cb-a97f-c6ec16cb2210
2024-01-31T09:00:17.000000,view,93808,1003,appliances.kitchen.refrigerators,bosch,1463.8,100674,2101eeb8-90cd-428e-ab0b-6fc11e2a76bf
2024-01-31T09:00:41.000000,view,57429,1003,appliances.kitchen.refrigerators,samsung,1982.78,100552,e69f5274-0e18-4bff-ba0e-9012e4352625
2024-01-31T09:02:02.000000,view,93808,1003,appliances.kitchen.refrigerators,bosch,1463.8,100674,2101eeb8-90cd-428e-ab0b-6fc11e2a76bf
2024-01-31T09:02:59.000000,view,57429,1003,appliances.kitchen.refrigerators,samsung,1982.78,100552,e69f5274-0e18-4bff-ba0e-9012e4352625
2024-01-31T09:03:20.000000,view,93808,1003,appliances.kitchen.refrigerators,bosch,1463.8,100674,2101eeb8-90cd-428e-ab0b-6fc11e2a76bf
2024-01-31T10:00:00.000000,view,98638,1002,electronics.audio.headphone,lg,253.71,100760,e90f003b-1f27-4559-a621-878764876cc2
2024-01-31T10:02:48.000000,view,98638,1002,electronics.audio.headphone,lg,253.71,100760,e90f003b-1f27-4559-a621-878764876cc2
2024-01-31T10:03:09.000000,view,98638,1002,electronics.audio.headphone,lg,253.71,100760,e90f003b-1f27-4559-a621-878764876cc2
2024-01-31T10:04:58.000000,view,98638,1002,electronics.audio.headphone,lg,253.71,100760,e90f003b-1f27-4559-a621-878764876cc2
2024-01-31T11:00:00.000000,view,59987,1005,apparel.shoes,apple,130.7,100368,4d2db0d7-fd17-4e8d-87f5-6a7e2a1f29c4
2024-01-31T11:00:34.000000,view,59987,1005,apparel.shoes,apple,130.7,100368,4d2db0d7-fd17-4e8d-87f5-6a7e2a1f29c4
2024-01-31T11:00:47.000000,view,59987,1005,apparel.shoes,apple,130.7,100368,4d2db0d7-fd17-4e8d-87f5-6a7e2a1f29c4
2024-01-31T11:01:33.000000,view,59987,1005,apparel.shoes,apple,130.7,100368,4d2db0d7-fd17-4e8d-87f5-6a7e2a1f29c4
2024-01-31T12:09:51.000000,view,77376,1005,apparel.shoes,asus,198.67,100498,958c9641-3df8-44ea-bffb-943c18d2dccc
2024-01-31T12:11:05.000000,view,77376,1005,apparel.shoes,asus,198.67,100498,958c9641-3df8-44ea-bffb-943c18d2dccc
2024-01-31T12:12:04.000000,view,77376,1005,apparel.shoes,asus,198.67,100498,958c9641-3df8-44ea-bffb-943c18d2dccc
2024-01-31T12:14:25.000000,cart,77376,1005,apparel.shoes,asus,198.67,100498,958c9641-3df8-44ea-bffb-943c18d2dccc
2024-01-31T14:00:00.000000,view,51013,1002,electronics.audio.headphone,bosch,125.4,100596,7ea62135-3fce-4ea6-87b2-947eb2e48ffd
2024-01-31T14:00:00.000000,view,58882,1004,computers.notebook,nike,617.24,100752,ca4f9686-a46d-408b-b425-1f7a90674516
2024-01-31T14:01:00.000000,view,58882,1004,computers.notebook,nike,617.24,100752,ca4f9686-a46d-408b-b425-1f7a90674516
2024-01-31T14:02:54.000000,view,58882,1004,computers.notebook,nike,617.24,100752,ca4f9686-a46d-408b-b425-1f7a90674516
2024-01-31T15:00:00.000000,view,88213,1004,computers.notebook,lg,2458.29,100957,8734a950-370d-4127-8022-0542763886ba
2024-01-31T15:02:43.000000,view,88213,1004,computers.notebook,lg,2458.29,100957,8734a950-370d-4127-8022-0542763886ba
2024-01-31T15:03:37.000000,view,88213,1004,computers.notebook,lg,2458.29,100957,8734a950-370d-4127-8022-0542763886ba
2024-01-31T15:04:03.000000,view,61288,1004,computers.notebook,xiaomi,1264.45,100642,ddb8f281-48ff-40bb-9798-0e31cbb10861
2024-01-31T15:04:29.000000,view,88213,1004,computers.notebook,lg,2458.29,100957,8734a950-370d-4127-8022-0542763886ba
2024-01-31T15:05:45.000000,view,61288,1004,computers.notebook,xiaomi,1264.45,100642,ddb8f281-48ff-40bb-9798-0e31cbb10861
2024-01-31T15:06:24.000000,view,57574,1005,apparel.shoes,samsung,110.07,100398,6d50c388-4bfc-474f-ade3-87fe54200b52
2024-01-31T15:07:01.000000,view,61288,1004,computers.notebook,xiaomi,1264.45,100642,ddb8f281-48ff-40bb-9798-0e31cbb10861
2024-01-31T15:07:04.000000,cart,88213,1004,computers.notebook,lg,2458.29,100957,8734a950-370d-4127-8022-0542763886ba
2024-01-31T15:08:04.000000,view,57574,1005,apparel.shoes,samsung,110.07,100398,6d50c388-4bfc-474f-ade3-87fe54200b52
2024-01-31T15:09:03.000000,view,57574,1005,apparel.shoes,samsung,110.07,100398,6d50c388-4bfc-474f-ade3-87fe54200b52
2024-01-31T17:00:00.000000,view,99637,1001,electronics.smartphone,nike,994.69,100817,a7d44de3-ea84-4563-a769-44dfaffdcfe2
2024-01-31T17:00:59.000000,view,99637,1001,electronics.smartphone,nike,994.69,100817,a7d44de3-ea84-4563-a769-44dfaffdcfe2
2024-01-31T17:01:46.000000,view,91233,1002,electronics.audio.headphone,samsung,121.06,100596,0a71adcc-538c-4b29-b174-4aa330ec8ae3
2024-01-31T17:02:16.000000,view,99637,1001,electronics.smartphone,nike,994.69,100817,a7d44de3-ea84-4563-a769-44dfaffdcfe2
2024-01-31T17:02:18.000000,view,91233,1002,electronics.audio.headphone,samsung,121.06,100596,0a71adcc-538c-4b29-b174-4aa330ec8ae3
2024-01-31T17:03:37.000000,view,99637,1001,electronics.smartphone,nike,994.69,100817,a7d44de3-ea84-4563-a769-44dfaffdcfe2
2024-01-31T17:04:55.000000,cart,99637,1001,electronics.smartphone,nike,994.69,100817,a7d44de3-ea84-4563-a769-44dfaffdcfe2
2024-01-31T17:05:39.000000,view,76269,1003,appliances.kitchen.refrigerators,apple,1772.36,100082,00db8060-7351-4474-bdb9-88f2ae5ec128
2024-01-31T17:06:24.000000,view,76269,1003,appliances.kitchen.refrigerators,apple,1772.36,100082,00db8060-7351-4474-bdb9-88f2ae5ec128
2024-01-31T17:08:36.000000,cart,76269,1003,appliances.kitchen.refrigerators,apple,1772.36,100082,00db8060-7351-4474-bdb9-88f2ae5ec128
2024-01-31T17:09:22.000000,purchase,76269,1003,appliances.kitchen.refrigerators,apple,1772.36,100082,00db8060-7351-4474-bdb9-88f2ae5ec128
2024-01-31T18:00:00.000000,view,99709,1005,apparel.shoes,asus,172.94,100953,5b3b2923-f606-49a8-b79b-7e6eeb3130e3
2024-01-31T18:02:13.000000,view,99709,1005,apparel.shoes,asus,172.94,100953,5b3b2923-f606-49a8-b79b-7e6eeb3130e3
2024-01-31T18:14:17.000000,view,78431,1003,appliances.kitchen.refrigerators,bosch,327.19,100822,f56fc9c1-716b-4428-b6ad-efa3c0f55b86
2024-01-31T18:15:30.000000,cart,78431,1003,appliances.kitchen.refrigerators,bosch,327.19,100822,f56fc9c1-716b-4428-b6ad-efa3c0f55b86
2024-01-31T18:16:07.000000,purchase,78431,1003,appliances.kitchen.refrigerators,bosch,327.19,100822,f56fc9c1-716b-4428-b6ad-efa3c0f55b86
2024-01-31T19:00:00.000000,view,51395,1004,computers.notebook,apple,1946.61,100399,e8fe4c98-15f0-40bf-82c9-ee7b6edd7776
2024-01-31T19:01:19.000000,cart,51395,1004,computers.notebook,apple,1946.61,100399,e8fe4c98-15f0-40bf-82c9-ee7b6edd7776
2024-01-31T19:02:12.000000,view,58676,1005,apparel.shoes,lg,45.31,100823,98ba6d97-577f-43ad-83d0-6b80dbd80ec4
2024-01-31T19:02:23.000000,purchase,51395,1004,computers.notebook,apple,1946.61,100399,e8fe4c98-15f0-40bf-82c9-ee7b6edd7776
2024-01-31T19:05:06.000000,view,58676,1005,apparel.shoes,lg,45.31,100823,98ba6d97-577f-43ad-83d0-6b80dbd80ec4
2024-01-31T19:06:39.000000,view,58676,1005,apparel.shoes,lg,45.31,100823,98ba6d97-577f-43ad-83d0-6b80dbd80ec4
2024-01-31T19:08:27.000000,view,58676,1005,apparel.shoes,lg,45.31,100823,98ba6d97-577f-43ad-83d0-6b80dbd80ec4
2024-01-31T19:09:53.000000,cart,58676,1005,apparel.shoes,lg,45.31,100823,98ba6d97-577f-43ad-83d0-6b80dbd80ec4
2024-01-31T19:10:40.000000,view,50658,1001,electronics.smartphone,asus,388.48,100398,bd04a83f-a344-457f-b73d-2bce29329905
2024-01-31T20:00:00.000000,view,51052,1003,appliances.kitchen.refrigerators,apple,2411.56,100602,bdd8da79-3018-4716-be41-f49e1458e84e
2024-01-31T20:00:48.000000,view,51052,1003,appliances.kitchen.refrigerators,apple,2411.56,100602,bdd8da79-3018-4716-be41-f49e1458e84e
2024-01-31T20:03:42.000000,view,51052,1003,appliances.kitchen.refrigerators,apple,2411.56,100602,bdd8da79-3018-4716-be41-f49e1458e84e
2024-01-31T20:04:19.000000,cart,51052,1003,appliances.kitchen.refrigerators,apple,2411.56,100602,bdd8da79-3018-4716-be41-f49e1458e84e
2024-01-31T20:04:44.000000,view,62075,1001,electronics.smartphone,nike,416.0,100228,27888cb0-877a-4ab2-a747-fb6207890a72
2024-01-31T20:05:25.000000,view,55457,1005,apparel.shoes,xiaomi,97.0,100552,41839736-f162-4ede-acd9-9e32259451a0
2024-01-31T20:07:05.000000,cart,55457,1005,apparel.shoes,xiaomi,97.0,100552,41839736-f162-4ede-acd9-9e32259451a0
2024-01-31T20:07:43.000000,view,62075,1001,electronics.smartphone,nike,416.0,100228,27888cb0-877a-4ab2-a747-fb6207890a72
2024-01-31T20:08:12.000000,view,62075,1001,electronics.smartphone,nike,416.0,100228,27888cb0-877a-4ab2-a747-fb6207890a72
2024-01-31T20:09:03.000000,purchase,55457,1005,apparel.shoes,xiaomi,97.0,100552,41839736-f162-4ede-acd9-9e32259451a0
2024-01-31T20:11:05.000000,view,62075,1001,electronics.smartphone,nike,416.0,100228,27888cb0-877a-4ab2-a747-fb6207890a72
2024-01-31T20:12:06.000000,view,71985,1001,electronics.smartphone,lg,1080.65,100668,c219e01e-6705-4869-8f12-857e8fbf49da
2024-01-31T20:13:20.000000,view,71985,1001,electronics.smartphone,lg,1080.65,100668,c219e01e-6705-4869-8f12-857e8fbf49da
2024-01-31T20:15:11.000000,view,71985,1001,electronics.smartphone,lg,1080.65,100668,c219e01e-6705-4869-8f12-857e8fbf49da
2024-01-31T20:16:11.000000,view,71985,1001,electronics.smartphone,lg,1080.65,100668,c219e01e-6705-4869-8f12-857e8fbf49da
2024-01-31T22:05:23.000000,view,70512,1004,computers.notebook,asus,493.08,100752,7e0204bd-dc55-406f-a794-56b2c9237c1d
2024-01-31T22:07:39.000000,cart,70512,1004,computers.notebook,asus,493.08,100752,7e0204bd-dc55-406f-a794-56b2c9237c1d
2024-02-01T01:07:08.000000,view,77725,1005,apparel.shoes,samsung,196.34,100339,68c833f8-8ac8-4a74-a342-ae944b25bfcb
2024-02-01T01:08:21.000000,cart,77725,1005,apparel.shoes,samsung,196.34,100339,68c833f8-8ac8-4a74-a342-ae944b25bfcb
2024-02-01T01:09:45.000000,view,99552,1001,electronics.smartphone,asus,544.56,100253,b3e47a40-2dd7-40bc-8f69-29e4231fbd30
2024-02-01T02:06:12.000000,view,75095,1002,electronics.audio.headphone,lg,194.32,100602,a6473d1d-d5e3-468b-94ed-09f462ba1536
2024-02-01T02:07:15.000000,view,84808,1002,electronics.audio.headphone,apple,67.63,100181,6565c3e6-df4c-4eac-875d-f6a1dfbe7ff7
2024-02-01T02:08:32.000000,view,84808,1002,electronics.audio.headphone,apple,67.63,100181,6565c3e6-df4c-4eac-875d-f6a1dfbe7ff7
2024-02-01T02:11:00.000000,view,84808,1002,electronics.audio.headphone,apple,67.63,100181,6565c3e6-df4c-4eac-875d-f6a1dfbe7ff7
2024-02-01T03:06:18.000000,view,99843,1004,computers.notebook,lg,3108.93,100734,16618e51-e92a-4096-bcd3-5f9ea5d4d75d
2024-02-01T03:08:41.000000,view,99843,1004,computers.notebook,lg,3108.93,100734,16618e51-e92a-4096-bcd3-5f9ea5d4d75d
2024-02-01T03:09:17.000000,view,99843,1004,computers.notebook,lg,3108.93,100734,16618e51-e92a-4096-bcd3-5f9ea5d4d75d
2024-02-01T03:09:48.000000,view,99843,1004,computers.notebook,lg,3108.93,100734,16618e51-e92a-4096-bcd3-5f9ea5d4d75d
2024-02-01T05:02:33.000000,view,51235,1004,computers.notebook,lg,3074.6,100399,78422cce-86f2-492f-b7f7-365de7d77983
2024-02-01T05:04:36.000000,view,51235,1004,computers.notebook,lg,3074.6,100399,78422cce-86f2-492f-b7f7-365de7d77983
2024-02-01T05:04:57.000000,view,51235,1004,computers.notebook,lg,3074.6,100399,78422cce-86f2-492f-b7f7-365de7d77983
2024-02-01T05:06:04.000000,view,51235,1004,computers.notebook,lg,3074.6,100399,78422cce-86f2-492f-b7f7-365de7d77983
2024-02-01T05:07:06.000000,cart,51235,1004,computers.notebook,lg,3074.6,100399,78422cce-86f2-492f-b7f7-365de7d77983
2024-02-01T05:08:45.000000,purchase,51235,1004,computers.notebook,lg,3074.6,100399,78422cce-86f2-492f-b7f7-365de7d77983
2024-02-01T08:00:00.000000,view,62503,1006,auto.accessories,apple,17.56,100076,b7f670c0-a1ff-4e77-aa4c-29d4b4bf18a6
2024-02-01T08:01:57.000000,view,62503,1006,auto.accessories,apple,17.56,100076,b7f670c0-a1ff-4e77-aa4c-29d4b4bf18a6
2024-02-01T08:02:45.000000,view,62503,1006,auto.accessories,apple,17.56,100076,b7f670c0-a1ff-4e77-aa4c-29d4b4bf18a6
2024-02-01T10:00:00.000000,view,86320,1002,electronics.audio.headphone,apple,81.97,100041,7d726686-6b6b-4efe-b7d0-8a419a23338f
2024-02-01T10:00:00.000000,view,67156,1002,electronics.audio.headphone,bosch,275.43,100307,93fdc5e9-403e-4887-a1db-48ed4b4fe5a6
2024-02-01T10:00:00.000000,view,89982,1006,auto.accessories,lg,90.72,100928,f06df40a-01b5-47b1-87e9-947a3948fad9
2024-02-01T10:00:45.000000,cart,67156,1002,electronics.audio.headphone,bosch,275.43,100307,93fdc5e9-403e-4887-a1db-48ed4b4fe5a6
2024-02-01T10:01:09.000000,view,86320,1002,electronics.audio.headphone,apple,81.97,100041,7d726686-6b6b-4efe-b7d0-8a419a23338f
2024-02-01T10:01:26.000000,view,89982,1006,auto.accessories,lg,90.72,100928,f06df40a-01b5-47b1-87e9-947a3948fad9
2024-02-01T10:02:38.000000,view,89982,1006,auto.accessories,lg,90.72,100928,f06df40a-01b5-47b1-87e9-947a3948fad9
2024-02-01T11:00:00.000000,view,99700,1002,electronics.audio.headphone,bosch,143.94,100846,9b2295e8-d912-452a-ab11-f840f154762f
2024-02-01T11:00:42.000000,view,99700,1002,electronics.audio.headphone,bosch,143.94,100846,9b2295e8-d912-452a-ab11-f840f154762f
2024-02-01T13:00:00.000000,view,60698,1005,apparel.shoes,nike,199.77,100631,9f1cff1a-ccfe-4f8a-8e78-7a8b00cbf832
2024-02-01T13:01:54.000000,view,60698,1005,apparel.shoes,nike,199.77,100631,9f1cff1a-ccfe-4f8a-8e78-7a8b00cbf832
2024-02-01T13:02:31.000000,cart,60698,1005,apparel.shoes,nike,199.77,100631,9f1cff1a-ccfe-4f8a-8e78-7a8b00cbf832
2024-02-01T14:00:00.000000,view,60436,1006,auto.accessories,xiaomi,53.95,100876,a6fdd4cf-c739-40d3-8ce2-33fa6d790bdd
2024-02-01T14:01:19.000000,view,60436,1006,auto.accessories,xiaomi,53.95,100876,a6fdd4cf-c739-40d3-8ce2-33fa6d790bdd
2024-02-01T14:03:09.000000,view,60436,1006,auto.accessories,xiaomi,53.95,100876,a6fdd4cf-c739-40d3-8ce2-33fa6d790bdd
2024-02-01T14:05:10.000000,view,60436,1006,auto.accessories,xiaomi,53.95,100876,a6fdd4cf-c739-40d3-8ce2-33fa6d790bdd
2024-02-01T15:00:00.000000,view,76778,1002,electronics.audio.headphone,nike,72.4,100710,e5363381-10f0-4164-8fcb-5c0fdbde44a3
2024-02-01T15:03:00.000000,view,76778,1002,electronics.audio.headphone,nike,72.4,100710,e5363381-10f0-4164-8fcb-5c0fdbde44a3
2024-02-01T15:03:56.000000,view,76778,1002,electronics.audio.headphone,nike,72.4,100710,e5363381-10f0-4164-8fcb-5c0fdbde44a3
2024-02-01T16:00:00.000000,view,93071,1003,appliances.kitchen.refrigerators,nike,1229.87,100969,475bef60-1788-4dbb-b4a0-d6c7d3cb9c2a
2024-02-01T16:01:37.000000,view,93071,1003,appliances.kitchen.refrigerators,nike,1229.87,100969,475bef60-1788-4dbb-b4a0-d6c7d3cb9c2a
2024-02-01T17:00:00.000000,view,75394,1004,computers.notebook,bosch,3493.19,100837,b2f5c4ac-6238-4193-b4b1-5e50c04aa007
2024-02-01T17:01:54.000000,view,75394,1004,computers.notebook,bosch,3493.19,100837,b2f5c4ac-6238-4193-b4b1-5e50c04aa007
2024-02-01T17:02:50.000000,cart,75394,1004,computers.notebook,bosch,3493.19,100837,b2f5c4ac-6238-4193-b4b1-5e50c04aa007
2024-02-01T18:00:00.000000,view,81393,1004,computers.notebook,asus,589.04,100120,b1710d55-78dc-4d5f-9a88-de1c98983ccd
2024-02-01T18:01:48.000000,view,81393,1004,computers.notebook,asus,589.04,100120,b1710d55-78dc-4d5f-9a88-de1c98983ccd
2024-02-01T18:02:33.000000,view,81393,1004,computers.notebook,asus,589.04,100120,b1710d55-78dc-4d5f-9a88-de1c98983ccd
2024-02-01T18:04:01.000000,view,98267,1006,auto.accessories,apple,123.94,100501,583ddfa7-780a-417e-b634-1f3d609456bf
2024-02-01T18:04:30.000000,cart,81393,1004,computers.notebook,asus,589.04,100120,b1710d55-78dc-4d5f-9a88-de1c98983ccd
2024-02-01T19:00:00.000000,view,58603,1006,auto.accessories,samsung,86.11,100175,98e38765-a1be-4094-ac35-1f4895ed1f43
2024-02-01T19:00:17.000000,view,58603,1006,auto.accessories,samsung,86.11,100175,98e38765-a1be-4094-ac35-1f4895ed1f43
2024-02-01T19:16:43.000000,view,79723,1004,computers.notebook,xiaomi,626.22,100071,74c6f58d-09f2-4055-9393-aa0749e55e85
2024-02-01T20:10:53.000000,view,58304,1001,electronics.smartphone,apple,610.48,100398,a6ece0ad-476e-4370-b8a0-cf34664abe44
2024-02-01T20:11:14.000000,view,58304,1001,electronics.smartphone,apple,610.48,100398,a6ece0ad-476e-4370-b8a0-cf34664abe44
2024-02-01T20:12:44.000000,view,58304,1001,electronics.smartphone,apple,610.48,100398,a6ece0ad-476e-4370-b8a0-cf34664abe44
2024-02-01T22:02:30.000000,view,66429,1006,auto.accessories,apple,28.26,100151,d054e4c1-12f1-4e4b-9e2a-f3433e9f6422
2024-02-01T22:04:04.000000,view,66429,1006,auto.accessories,apple,28.26,100151,d054e4c1-12f1-4e4b-9e2a-f3433e9f6422
2024-02-01T22:05:45.000000,view,66429,1006,auto.accessories,apple,28.26,100151,d054e4c1-12f1-4e4b-9e2a-f3433e9f6422
2024-02-01T22:06:27.000000,view,66429,1006,auto.accessories,apple,28.26,100151,d054e4c1-12f1-4e4b-9e2a-f3433e9f6422
2024-02-01T22:09:24.000000,cart,66429,1006,auto.accessories,apple,28.26,100151,d054e4c1-12f1-4e4b-9e2a-f3433e9f6422
2024-02-01T22:09:51.000000,view,88172,1003,appliances.kitchen.refrigerators,xiaomi,1890.34,100082,26964bd0-2297-4973-9bcc-491fe06afcbc
2024-02-02T01:07:23.000000,view,50755,1001,electronics.smartphone,apple,969.05,100568,3f80bb4e-90c7-4d58-a805-6a3f5cff98df
2024-02-02T01:07:40.000000,cart,50755,1001,electronics.smartphone,apple,969.05,100568,3f80bb4e-90c7-4d58-a805-6a3f5cff98df
2024-02-02T02:04:16.000000,view,83709,1003,appliances.kitchen.refrigerators,asus,359.55,100710,822a21d2-1691-4961-9633-1036d15d522c
2024-02-02T02:04:50.000000,view,83709,1003,appliances.kitchen.refrigerators,asus,359.55,100710,822a21d2-1691-4961-9633-1036d15d522c
2024-02-02T02:05:49.000000,view,83709,1003,appliances.kitchen.refrigerators,asus,359.55,100710,822a21d2-1691-4961-9633-1036d15d522c
2024-02-02T02:12:22.000000,view,86824,1006,auto.accessories,bosch,145.44,100334,cad96b63-360e-4946-8d9a-e8ef64eb5056
2024-02-02T02:13:31.000000,view,86824,1006,auto.accessories,bosch,145.44,100334,cad96b63-360e-4946-8d9a-e8ef64eb5056
2024-02-02T02:14:38.000000,view,86824,1006,auto.accessories,bosch,145.44,100334,cad96b63-360e-4946-8d9a-e8ef64eb5056
2024-02-02T02:15:54.000000,view,86824,1006,auto.accessories,bosch,145.44,100334,cad96b63-360e-4946-8d9a-e8ef64eb5056
2024-02-02T02:16:33.000000,cart,86824,1006,auto.accessories,bosch,145.44,100334,cad96b63-360e-4946-8d9a-e8ef64eb5056
2024-02-02T02:17:02.000000,purchase,86824,1006,auto.accessories,bosch,145.44,100334,cad96b63-360e-4946-8d9a-e8ef64eb5056
2024-02-02T04:09:40.000000,view,90029,1004,computers.notebook,lg,577.45,100330,47314a5f-cdcb-40de-bb3a-b908b6b13659
2024-02-02T04:11:14.000000,view,90029,1004,computers.notebook,lg,577.45,100330,47314a5f-cdcb-40de-bb3a-b908b6b13659
2024-02-02T04:11:39.000000,view,96546,1005,apparel.shoes,lg,130.87,100253,ca007c86-8bc4-46a4-b13e-000d5f20375e
2024-02-02T04:11:49.000000,view,90029,1004,computers.notebook,lg,577.45,100330,47314a5f-cdcb-40de-bb3a-b908b6b13659
2024-02-02T04:12:40.000000,view,96546,1005,apparel.shoes,lg,130.87,100253,ca007c86-8bc4-46a4-b13e-000d5f20375e
2024-02-02T05:03:34.000000,view,71112,1002,electronics.audio.headphone,samsung,238.73,100953,20d603f6-6ab7-407f-b38e-cf10128f0961
2024-02-02T05:04:11.000000,view,71112,1002,electronics.audio.headphone,samsung,238.73,100953,20d603f6-6ab7-407f-b38e-cf10128f0961
2024-02-02T05:06:13.000000,view,71112,1002,electronics.audio.headphone,samsung,238.73,100953,20d603f6-6ab7-407f-b38e-cf10128f0961
2024-02-02T05:07:32.000000,cart,71112,1002,electronics.audio.headphone,samsung,238.73,100953,20d603f6-6ab7-407f-b38e-cf10128f0961
2024-02-02T06:03:35.000000,view,50746,1003,appliances.kitchen.refrigerators,lg,883.47,100126,2ec66576-06e8-4bf9-b75b-0966bee1c2fe
2024-02-02T06:04:02.000000,view,50746,1003,appliances.kitchen.refrigerators,lg,883.47,100126,2ec66576-06e8-4bf9-b75b-0966bee1c2fe
2024-02-02T06:05:41.000000,cart,50746,1003,appliances.kitchen.refrigerators,lg,883.47,100126,2ec66576-06e8-4bf9-b75b-0966bee1c2fe
2024-02-02T10:00:00.000000,view,95647,1002,electronics.audio.headphone,bosch,194.94,100195,7fdf5366-800f-43b2-b236-5916ee5ed6ab
2024-02-02T10:00:00.000000,view,94773,1006,auto.accessories,lg,42.93,100780,45381b8f-f33f-4969-9477-79d72150a9ec
2024-02-02T10:00:27.000000,view,94773,1006,auto.accessories,lg,42.93,100780,45381b8f-f33f-4969-9477-79d72150a9ec
2024-02-02T10:01:29.000000,view,94773,1006,auto.accessories,lg,42.93,100780,45381b8f-f33f-4969-9477-79d72150a9ec
2024-02-02T10:03:05.000000,view,94773,1006,auto.accessories,lg,42.93,100780,45381b8f-f33f-4969-9477-79d72150a9ec
2024-02-02T10:09:42.000000,view,87818,1004,computers.notebook,samsung,1920.37,100339,94089855-1eb2-4a07-ae57-65587819b4ff
2024-02-02T10:12:05.000000,view,87818,1004,computers.notebook,samsung,1920.37,100339,94089855-1eb2-4a07-ae57-65587819b4ff
2024-02-02T10:13:45.000000,view,87818,1004,computers.notebook,samsung,1920.37,100339,94089855-1eb2-4a07-ae57-65587819b4ff
2024-02-02T11:02:50.000000,view,95251,1003,appliances.kitchen.refrigerators,bosch,359.01,100114,d25a1938-9bd4-49f4-acfc-cf72eca8fcd4
2024-02-02T11:03:52.000000,view,95251,1003,appliances.kitchen.refrigerators,bosch,359.01,100114,d25a1938-9bd4-49f4-acfc-cf72eca8fcd4
2024-02-02T11:06:14.000000,view,95251,1003,appliances.kitchen.refrigerators,bosch,359.01,100114,d25a1938-9bd4-49f4-acfc-cf72eca8fcd4
2024-02-02T12:00:00.000000,view,51994,1005,apparel.shoes,bosch,178.11,100425,f9684a73-96a0-407b-aa7b-648501f3549c
2024-02-02T12:02:45.000000,view,51994,1005,apparel.shoes,bosch,178.11,100425,f9684a73-96a0-407b-aa7b-648501f3549c
2024-02-02T12:05:36.000000,view,51994,1005,apparel.shoes,bosch,178.11,100425,f9684a73-96a0-407b-aa7b-648501f3549c
2024-02-02T12:07:42.000000,view,51994,1005,apparel.shoes,bosch,178.11,100425,f9684a73-96a0-407b-aa7b-648501f3549c
2024-02-02T12:09:57.000000,cart,51994,1005,apparel.shoes,bosch,178.11,100425,f9684a73-96a0-407b-aa7b-648501f3549c
2024-02-02T12:16:48.000000,view,86506,1006,auto.accessories,asus,139.76,100643,7b164752-6a30-44af-a5e5-2e517df584fe
2024-02-02T12:17:35.000000,view,86506,1006,auto.accessories,asus,139.76,100643,7b164752-6a30-44af-a5e5-2e517df584fe
2024-02-02T12:18:16.000000,cart,86506,1006,auto.accessories,asus,139.76,100643,7b164752-6a30-44af-a5e5-2e517df584fe
2024-02-02T12:18:45.000000,purchase,86506,1006,auto.accessories,asus,139.76,100643,7b164752-6a30-44af-a5e5-2e517df584fe
2024-02-02T13:00:00.000000,view,56843,1004,computers.notebook,apple,2695.29,100239,79f69794-a1bc-4166-8697-0e315d94dd3f
2024-02-02T13:00:00.000000,view,57809,1003,appliances.kitchen.refrigerators,lg,1731.02,100512,9e21876e-20a6-472c-b1fc-590a352af3b0
2024-02-02T13:00:00.000000,view,81755,1006,auto.accessories,bosch,136.5,100818,d967bb7f-6de5-4bb3-b786-250b53e04117
2024-02-02T13:00:17.000000,view,57809,1003,appliances.kitchen.refrigerators,lg,1731.02,100512,9e21876e-20a6-472c-b1fc-590a352af3b0
2024-02-02T13:00:50.000000,view,56843,1004,computers.notebook,apple,2695.29,100239,79f69794-a1bc-4166-8697-0e315d94dd3f
2024-02-02T13:00:55.000000,cart,81755,1006,auto.accessories,bosch,136.5,100818,d967bb7f-6de5-4bb3-b786-250b53e04117
2024-02-02T13:02:21.000000,view,57809,1003,appliances.kitchen.refrigerators,lg,1731.02,100512,9e21876e-20a6-472c-b1fc-590a352af3b0
2024-02-02T13:02:45.000000,purchase,81755,1006,auto.accessories,bosch,136.5,100818,d967bb7f-6de5-4bb3-b786-250b53e04117
2024-02-02T13:05:05.000000,view,57809,1003,appliances.kitchen.refrigerators,lg,1731.02,100512,9e21876e-20a6-472c-b1fc-590a352af3b0
2024-02-02T13:19:04.000000,view,95328,1001,electronics.smartphone,apple,698.12,100643,032f63cb-6b5f-4288-91fb-74e89a2bf6fa
2024-02-02T13:21:05.000000,view,95328,1001,electronics.smartphone,apple,698.12,100643,032f63cb-6b5f-4288-91fb-74e89a2bf6fa
2024-02-02T13:22:52.000000,view,95328,1001,electronics.smartphone,apple,698.12,100643,032f63cb-6b5f-4288-91fb-74e89a2bf6fa
2024-02-02T13:23:31.000000,view,95328,1001,electronics.smartphone,apple,698.12,100643,032f63cb-6b5f-4288-91fb-74e89a2bf6fa
2024-02-02T15:02:58.000000,view,97577,1001,electronics.smartphone,lg,681.54,100846,518e8840-eef4-4792-8775-0d1beb486627
2024-02-02T16:00:00.000000,view,79131,1001,electronics.smartphone,xiaomi,694.76,100311,2c51d792-82f2-4dab-881e-0de807daed1a
2024-02-02T16:00:00.000000,view,91077,1004,computers.notebook,bosch,2039.03,100980,80cc5463-2fa2-49f9-95e2-706411541b43
2024-02-02T16:01:34.000000,view,91077,1004,computers.notebook,bosch,2039.03,100980,80cc5463-2fa2-49f9-95e2-706411541b43
2024-02-02T16:02:39.000000,view,79131,1001,electronics.smartphone,xiaomi,694.76,100311,2c51d792-82f2-4dab-881e-0de807daed1a
2024-02-02T16:03:21.000000,view,91077,1004,computers.notebook,bosch,2039.03,100980,80cc5463-2fa2-49f9-95e2-706411541b43
2024-02-02T16:06:20.000000,view,91077,1004,computers.notebook,bosch,2039.03,100980,80cc5463-2fa2-49f9-95e2-706411541b43
2024-02-02T17:01:07.000000,view,88843,1006,auto.accessories,lg,93.27,100239,b0f2aff9-0010-4e61-9ac6-9b4bbba20b17
2024-02-02T17:02:07.000000,view,88843,1006,auto.accessories,lg,93.27,100239,b0f2aff9-0010-4e61-9ac6-9b4bbba20b17
2024-02-02T17:03:40.000000,view,88843,1006,auto.accessories,lg,93.27,100239,b0f2aff9-0010-4e61-9ac6-9b4bbba20b17
2024-02-02T17:04:48.000000,view,88843,1006,auto.accessories,lg,93.27,100239,b0f2aff9-0010-4e61-9ac6-9b4bbba20b17
2024-02-02T17:05:26.000000,cart,88843,1006,auto.accessories,lg,93.27,100239,b0f2aff9-0010-4e61-9ac6-9b4bbba20b17
2024-02-02T17:05:53.000000,purchase,88843,1006,auto.accessories,lg,93.27,100239,b0f2aff9-0010-4e61-9ac6-9b4bbba20b17
2024-02-02T17:11:32.000000,view,74154,1006,auto.accessories,lg,72.13,100621,b703e2e8-4e00-486e-a966-06e30d514620
2024-02-02T17:14:21.000000,view,74154,1006,auto.accessories,lg,72.13,100621,b703e2e8-4e00-486e-a966-06e30d514620
2024-02-02T17:14:47.000000,view,74154,1006,auto.accessories,lg,72.13,100621,b703e2e8-4e00-486e-a966-06e30d514620
2024-02-02T18:00:00.000000,view,77991,1004,computers.notebook,apple,2387.0,100298,b3691580-7446-4d98-baca-0253df02ad45
2024-02-02T18:00:00.000000,view,50888,1003,appliances.kitchen.refrigerators,lg,2121.05,100383,ba7ef525-7898-4bf8-a801-fba858382624
2024-02-02T18:01:35.000000,view,50888,1003,appliances.kitchen.refrigerators,lg,2121.05,100383,ba7ef525-7898-4bf8-a801-fba858382624
2024-02-02T18:03:57.000000,view,50888,1003,appliances.kitchen.refrigerators,lg,2121.05,100383,ba7ef525-7898-4bf8-a801-fba858382624
2024-02-02T18:04:40.000000,view,98223,1004,computers.notebook,bosch,2654.95,100076,47b7a5c4-ec07-4b37-b2ac-20d95bd9fc8e
2024-02-02T18:07:02.000000,view,98223,1004,computers.notebook,bosch,2654.95,100076,47b7a5c4-ec07-4b37-b2ac-20d95bd9fc8e
2024-02-02T22:03:24.000000,view,87982,1004,computers.notebook,apple,1531.07,100036,f3df8627-e86d-4a1a-ae67-cb21258a96d4
2024-02-02T22:03:57.000000,view,87982,1004,computers.notebook,apple,1531.07,100036,f3df8627-e86d-4a1a-ae67-cb21258a96d4
2024-02-02T22:05:22.000000,cart,87982,1004,computers.notebook,apple,1531.07,100036,f3df8627-e86d-4a1a-ae67-cb21258a96d4
2024-02-02T22:06:30.000000,purchase,87982,1004,computers.notebook,apple,1531.07,100036,f3df8627-e86d-4a1a-ae67-cb21258a96d4
2024-02-02T23:06:29.000000,view,60704,1001,electronics.smartphone,nike,213.04,100170,d7929158-dd95-4f79-9b6d-8d829b66ab32
2024-02-02T23:06:41.000000,view,95180,1005,apparel.shoes,nike,151.95,100876,6f2887c2-6502-4437-a6b3-93e51402e1ef
2024-02-02T23:07:23.000000,view,95180,1005,apparel.shoes,nike,151.95,100876,6f2887c2-6502-4437-a6b3-93e51402e1ef
2024-02-02T23:08:40.000000,view,60704,1001,electronics.smartphone,nike,213.04,100170,d7929158-dd95-4f79-9b6d-8d829b66ab32
2024-02-02T23:10:15.000000,view,95180,1005,apparel.shoes,nike,151.95,100876,6f2887c2-6502-4437-a6b3-93e51402e1ef
2024-02-02T23:11:31.000000,view,60704,1001,electronics.smartphone,nike,213.04,100170,d7929158-dd95-4f79-9b6d-8d829b66ab32
2024-02-02T23:12:52.000000,view,95180,1005,apparel.shoes,nike,151.95,100876,6f2887c2-6502-4437-a6b3-93e51402e1ef
2024-02-02T23:17:33.000000,view,59415,1003,appliances.kitchen.refrigerators,asus,987.68,100071,c34e44b7-2889-416d-a6d6-a3e1a649fd53
2024-02-02T23:19:11.000000,view,59415,1003,appliances.kitchen.refrigerators,asus,987.68,100071,c34e44b7-2889-416d-a6d6-a3e1a649fd53
2024-02-02T23:21:03.000000,view,59415,1003,appliances.kitchen.refrigerators,asus,987.68,100071,c34e44b7-2889-416d-a6d6-a3e1a649fd53
2024-02-03T01:27:31.000000,view,88042,1005,apparel.shoes,apple,68.7,100272,7f64a340-f28b-4800-b1b2-21c48b29f713
2024-02-03T01:29:49.000000,view,88042,1005,apparel.shoes,apple,68.7,100272,7f64a340-f28b-4800-b1b2-21c48b29f713
2024-02-03T03:03:14.000000,view,88110,1001,electronics.smartphone,bosch,999.97,100702,f0956023-1803-4514-9020-4206a3394323
2024-02-03T03:07:08.000000,view,93486,1006,auto.accessories,asus,40.05,100980,c6d09b23-1af3-4e14-8f84-ecaba3173fdc
2024-02-03T03:09:32.000000,view,93486,1006,auto.accessories,asus,40.05,100980,c6d09b23-1af3-4e14-8f84-ecaba3173fdc
2024-02-03T04:06:00.000000,view,82809,1003,appliances.kitchen.refrigerators,samsung,2017.76,100260,65faa42a-de8a-4849-bbba-2c22ebe4bb45
2024-02-03T04:08:19.000000,view,82809,1003,appliances.kitchen.refrigerators,samsung,2017.76,100260,65faa42a-de8a-4849-bbba-2c22ebe4bb45
2024-02-03T04:10:54.000000,cart,82809,1003,appliances.kitchen.refrigerators,samsung,2017.76,100260,65faa42a-de8a-4849-bbba-2c22ebe4bb45
2024-02-03T05:10:23.000000,view,94946,1003,appliances.kitchen.refrigerators,apple,441.61,100982,34793950-5f2b-46ac-9ca6-d13630724704
2024-02-03T05:12:47.000000,view,94946,1003,appliances.kitchen.refrigerators,apple,441.61,100982,34793950-5f2b-46ac-9ca6-d13630724704
2024-02-03T05:14:35.000000,view,94946,1003,appliances.kitchen.refrigerators,apple,441.61,100982,34793950-5f2b-46ac-9ca6-d13630724704
2024-02-03T09:06:08.000000,view,54152,1003,appliances.kitchen.refrigerators,apple,1120.19,100244,5b98c5fd-92a9-48a8-99ba-84d6681d607f
2024-02-03T09:08:22.000000,view,54152,1003,appliances.kitchen.refrigerators,apple,1120.19,100244,5b98c5fd-92a9-48a8-99ba-84d6681d607f
2024-02-03T09:10:40.000000,view,54152,1003,appliances.kitchen.refrigerators,apple,1120.19,100244,5b98c5fd-92a9-48a8-99ba-84d6681d607f
2024-02-03T09:13:04.000000,view,54152,1003,appliances.kitchen.refrigerators,apple,1120.19,100244,5b98c5fd-92a9-48a8-99ba-84d6681d607f
2024-02-03T10:08:05.000000,view,76310,1001,electronics.smartphone,asus,866.93,100810,59452ebf-6105-4df7-96f3-65318d8596be
2024-02-03T10:08:22.000000,view,76310,1001,electronics.smartphone,asus,866.93,100810,59452ebf-6105-4df7-96f3-65318d8596be
2024-02-03T10:10:16.000000,view,76310,1001,electronics.smartphone,asus,866.93,100810,59452ebf-6105-4df7-96f3-65318d8596be
2024-02-03T10:12:06.000000,view,76310,1001,electronics.smartphone,asus,866.93,100810,59452ebf-6105-4df7-96f3-65318d8596be
2024-02-03T10:13:08.000000,cart,76310,1001,electronics.smartphone,asus,866.93,100810,59452ebf-6105-4df7-96f3-65318d8596be
2024-02-03T11:06:51.000000,view,67865,1001,electronics.smartphone,apple,752.59,100710,4a8d4f2e-688a-4d3e-b040-c6756d8cbbb2
2024-02-03T11:07:41.000000,view,67865,1001,electronics.smartphone,apple,752.59,100710,4a8d4f2e-688a-4d3e-b040-c6756d8cbbb2
2024-02-03T12:13:37.000000,view,69791,1001,electronics.smartphone,bosch,1026.31,100253,4db35bd1-f317-4099-b46c-12e487ccde8b
2024-02-03T12:15:53.000000,view,69791,1001,electronics.smartphone,bosch,1026.31,100253,4db35bd1-f317-4099-b46c-12e487ccde8b
2024-02-03T12:16:30.000000,view,52931,1006,auto.accessories,bosch,47.01,100339,9f8a878a-79a2-4ad9-9860-2aecbd66d2df
2024-02-03T12:17:16.000000,view,52931,1006,auto.accessories,bosch,47.01,100339,9f8a878a-79a2-4ad9-9860-2aecbd66d2df
2024-02-03T12:18:26.000000,view,69791,1001,electronics.smartphone,bosch,1026.31,100253,4db35bd1-f317-4099-b46c-12e487ccde8b
2024-02-03T12:20:34.000000,cart,69791,1001,electronics.smartphone,bosch,1026.31,100253,4db35bd1-f317-4099-b46c-12e487ccde8b
2024-02-03T12:22:30.000000,purchase,69791,1001,electronics.smartphone,bosch,1026.31,100253,4db35bd1-f317-4099-b46c-12e487ccde8b
2024-02-03T13:00:00.000000,view,52273,1005,apparel.shoes,nike,146.49,100248,d8993751-63a8-4d74-bdd4-7436757a412b
2024-02-03T13:00:00.000000,view,95787,1004,computers.notebook,xiaomi,928.05,100376,30746330-a2d4-4773-a129-1f16fd3a08ee
2024-02-03T13:00:47.000000,view,52273,1005,apparel.shoes,nike,146.49,100248,d8993751-63a8-4d74-bdd4-7436757a412b
2024-02-03T13:02:32.000000,view,52273,1005,apparel.shoes,nike,146.49,100248,d8993751-63a8-4d74-bdd4-7436757a412b
2024-02-03T13:02:39.000000,view,95787,1004,computers.notebook,xiaomi,928.05,100376,30746330-a2d4-4773-a129-1f16fd3a08ee
2024-02-03T13:04:46.000000,cart,95787,1004,computers.notebook,xiaomi,928.05,100376,30746330-a2d4-4773-a129-1f16fd3a08ee
2024-02-03T14:00:00.000000,view,77002,1003,appliances.kitchen.refrigerators,xiaomi,2458.88,100554,affa7cd1-59b7-4652-b6e9-9b04be5bf9c9
2024-02-03T14:00:29.000000,view,77002,1003,appliances.kitchen.refrigerators,xiaomi,2458.88,100554,affa7cd1-59b7-4652-b6e9-9b04be5bf9c9
2024-02-03T14:02:46.000000,view,77002,1003,appliances.kitchen.refrigerators,xiaomi,2458.88,100554,affa7cd1-59b7-4652-b6e9-9b04be5bf9c9
2024-02-03T17:00:00.000000,view,58073,1006,auto.accessories,asus,73.37,100391,1310169c-ba90-48b2-95d2-25ac599f46e0
2024-02-03T17:00:57.000000,cart,58073,1006,auto.accessories,asus,73.37,100391,1310169c-ba90-48b2-95d2-25ac599f46e0
2024-02-03T19:00:00.000000,view,82515,1006,auto.accessories,apple,76.45,100117,49249460-3e08-4ab9-b9fa-c40a302fdc42
2024-02-03T19:00:00.000000,view,73094,1002,electronics.audio.headphone,samsung,284.21,100990,be5a0020-c988-4695-a966-44dffcf0d1a4
2024-02-03T19:00:00.000000,view,83199,1001,electronics.smartphone,samsung,1057.18,100996,cea4bbcb-efb7-4f90-9903-aab0012e3e93
2024-02-03T19:00:24.000000,view,82515,1006,auto.accessories,apple,76.45,100117,49249460-3e08-4ab9-b9fa-c40a302fdc42
2024-02-03T19:01:59.000000,view,83199,1001,electronics.smartphone,samsung,1057.18,100996,cea4bbcb-efb7-4f90-9903-aab0012e3e93
2024-02-03T19:02:18.000000,view,73094,1002,electronics.audio.headphone,samsung,284.21,100990,be5a0020-c988-4695-a966-44dffcf0d1a4
2024-02-03T19:02:41.000000,view,82515,1006,auto.accessories,apple,76.45,100117,49249460-3e08-4ab9-b9fa-c40a302fdc42
2024-02-03T19:03:54.000000,view,73094,1002,electronics.audio.headphone,samsung,284.21,100990,be5a0020-c988-4695-a966-44dffcf0d1a4
2024-02-03T19:04:38.000000,view,83199,1001,electronics.smartphone,samsung,1057.18,100996,cea4bbcb-efb7-4f90-9903-aab0012e3e93
2024-02-03T19:05:14.000000,view,83199,1001,electronics.smartphone,samsung,1057.18,100996,cea4bbcb-efb7-4f90-9903-aab0012e3e93
2024-02-03T19:05:16.000000,cart,82515,1006,auto.accessories,apple,76.45,100117,49249460-3e08-4ab9-b9fa-c40a302fdc42
2024-02-03T19:05:46.000000,view,73094,1002,electronics.audio.headphone,samsung,284.21,100990,be5a0020-c988-4695-a966-44dffcf0d1a4
2024-02-03T19:05:51.000000,purchase,82515,1006,auto.accessories,apple,76.45,100117,49249460-3e08-4ab9-b9fa-c40a302fdc42
2024-02-03T19:07:01.000000,cart,73094,1002,electronics.audio.headphone,samsung,284.21,100990,be5a0020-c988-4695-a966-44dffcf0d1a4
2024-02-03T19:07:59.000000,purchase,73094,1002,electronics.audio.headphone,samsung,284.21,100990,be5a0020-c988-4695-a966-44dffcf0d1a4
2024-02-03T20:00:00.000000,view,65239,1006,auto.accessories,nike,126.29,100931,e78e4e1b-9222-45b7-8d62-98d49bb49f68
2024-02-03T20:02:24.000000,view,78504,1005,apparel.shoes,nike,132.08,100964,c3019938-de3a-41b2-b4a5-604c172a6787
2024-02-03T20:02:38.000000,view,78504,1005,apparel.shoes,nike,132.08,100964,c3019938-de3a-41b2-b4a5-604c172a6787
2024-02-03T20:02:48.000000,view,65239,1006,auto.accessories,nike,126.29,100931,e78e4e1b-9222-45b7-8d62-98d49bb49f68
2024-02-03T20:03:59.000000,view,78504,1005,apparel.shoes,nike,132.08,100964,c3019938-de3a-41b2-b4a5-604c172a6787
2024-02-03T20:04:22.000000,view,65239,1006,auto.accessories,nike,126.29,100931,e78e4e1b-9222-45b7-8d62-98d49bb49f68
2024-02-03T20:05:20.000000,view,65239,1006,auto.accessories,nike,126.29,100931,e78e4e1b-9222-45b7-8d62-98d49bb49f68
2024-02-03T22:09:38.000000,view,70967,1001,electronics.smartphone,samsung,282.07,100915,eaa26b95-d85a-4cfe-a0f8-226be641a4eb
2024-02-03T22:11:04.000000,view,70967,1001,electronics.smartphone,samsung,282.07,100915,eaa26b95-d85a-4cfe-a0f8-226be641a4eb
2024-02-03T22:13:03.000000,view,70967,1001,electronics.smartphone,samsung,282.07,100915,eaa26b95-d85a-4cfe-a0f8-226be641a4eb
2024-02-03T23:04:49.000000,view,79029,1001,electronics.smartphone,bosch,153.62,100846,6b88a8dd-fe1a-4ce2-93cc-c556f499198e
2024-02-03T23:05:12.000000,view,79029,1001,electronics.smartphone,bosch,153.62,100846,6b88a8dd-fe1a-4ce2-93cc-c556f499198e
2024-02-03T23:06:22.000000,view,79029,1001,electronics.smartphone,bosch,153.62,100846,6b88a8dd-fe1a-4ce2-93cc-c556f499198e
2024-02-03T23:08:36.000000,view,80237,1001,electronics.smartphone,bosch,377.0,100752,0ead4ccd-9b51-4595-a407-e90639003bac
2024-02-03T23:09:08.000000,view,80237,1001,electronics.smartphone,bosch,377.0,100752,0ead4ccd-9b51-4595-a407-e90639003bac
2024-02-03T23:10:06.000000,view,80237,1001,electronics.smartphone,bosch,377.0,100752,0ead4ccd-9b51-4595-a407-e90639003bac
2024-02-03T23:10:24.000000,view,80237,1001,electronics.smartphone,bosch,377.0,100752,0ead4ccd-9b51-4595-a407-e90639003bac
2024-02-04T00:11:48.000000,view,90703,1001,electronics.smartphone,xiaomi,1168.1,100823,c5d68cb9-702c-4392-aebd-056d8d490147
2024-02-04T00:12:12.000000,view,90703,1001,electronics.smartphone,xiaomi,1168.1,100823,c5d68cb9-702c-4392-aebd-056d8d490147
2024-02-04T00:14:34.000000,cart,90703,1001,electronics.smartphone,xiaomi,1168.1,100823,c5d68cb9-702c-4392-aebd-056d8d490147
2024-02-04T01:13:21.000000,view,74947,1002,electronics.audio.headphone,asus,180.75,100752,dacf4d8d-892a-48fc-9206-112f4e75612b
2024-02-04T01:13:50.000000,view,74947,1002,electronics.audio.headphone,asus,180.75,100752,dacf4d8d-892a-48fc-9206-112f4e75612b
2024-02-04T01:16:47.000000,view,74947,1002,electronics.audio.headphone,asus,180.75,100752,dacf4d8d-892a-48fc-9206-112f4e75612b
2024-02-04T01:18:36.000000,view,74947,1002,electronics.audio.headphone,asus,180.75,100752,dacf4d8d-892a-48fc-9206-112f4e75612b
2024-02-04T01:20:52.000000,cart,74947,1002,electronics.audio.headphone,asus,180.75,100752,dacf4d8d-892a-48fc-9206-112f4e75612b
2024-02-04T01:21:22.000000,purchase,74947,1002,electronics.audio.headphone,asus,180.75,100752,dacf4d8d-892a-48fc-9206-112f4e75612b
2024-02-04T04:14:52.000000,view,81073,1006,auto.accessories,nike,139.58,100592,efae9e93-1745-45cc-bdd9-cf86ce017aa0
2024-02-04T05:02:47.000000,view,63130,1006,auto.accessories,asus,79.28,100391,ffec4835-97a1-4c50-913c-b9aa2b1c3641
2024-02-04T05:04:11.000000,view,63130,1006,auto.accessories,asus,79.28,100391,ffec4835-97a1-4c50-913c-b9aa2b1c3641
2024-02-04T05:07:11.000000,view,63130,1006,auto.accessories,asus,79.28,100391,ffec4835-97a1-4c50-913c-b9aa2b1c3641
2024-02-04T07:13:40.000000,view,62480,1004,computers.notebook,bosch,3318.27,100915,425c3300-f96f-44cc-90c2-2edf937cf29c
2024-02-04T07:15:25.000000,view,57721,1006,auto.accessories,nike,121.64,100982,08962d45-873d-47ed-994f-38aca9a03c65
2024-02-04T07:17:23.000000,view,57721,1006,auto.accessories,nike,121.64,100982,08962d45-873d-47ed-994f-38aca9a03c65
2024-02-04T07:18:38.000000,view,57721,1006,auto.accessories,nike,121.64,100982,08962d45-873d-47ed-994f-38aca9a03c65
2024-02-04T07:20:13.000000,view,57721,1006,auto.accessories,nike,121.64,100982,08962d45-873d-47ed-994f-38aca9a03c65
2024-02-04T07:21:20.000000,cart,57721,1006,auto.accessories,nike,121.64,100982,08962d45-873d-47ed-994f-38aca9a03c65
2024-02-04T07:22:27.000000,purchase,57721,1006,auto.accessories,nike,121.64,100982,08962d45-873d-47ed-994f-38aca9a03c65
2024-02-04T08:15:32.000000,view,89887,1004,computers.notebook,lg,3321.47,100823,59fe4f13-3e75-4b85-98b2-a071860d4cb8
2024-02-04T09:00:00.000000,view,94678,1005,apparel.shoes,lg,154.29,100351,bbe305f1-ad1a-4440-b5c4-e6c6fc55ed1b
2024-02-04T09:01:52.000000,view,94678,1005,apparel.shoes,lg,154.29,100351,bbe305f1-ad1a-4440-b5c4-e6c6fc55ed1b
2024-02-04T09:04:10.000000,view,94678,1005,apparel.shoes,lg,154.29,100351,bbe305f1-ad1a-4440-b5c4-e6c6fc55ed1b
2024-02-04T09:05:59.000000,cart,94678,1005,apparel.shoes,lg,154.29,100351,bbe305f1-ad1a-4440-b5c4-e6c6fc55ed1b
2024-02-04T10:00:00.000000,view,76949,1005,apparel.shoes,nike,49.72,100853,fb756ae8-85e6-4cca-9e93-f5080aa920f9
2024-02-04T10:24:21.000000,view,67240,1004,computers.notebook,nike,2301.47,100412,a634b032-31d8-47bc-8291-1a6c93d7025e
2024-02-04T10:27:14.000000,view,67240,1004,computers.notebook,nike,2301.47,100412,a634b032-31d8-47bc-8291-1a6c93d7025e
2024-02-04T11:00:00.000000,view,96516,1002,electronics.audio.headphone,asus,25.53,100716,af1f640c-01e9-4a90-9398-cd6fec8a3667
2024-02-04T11:02:31.000000,view,96516,1002,electronics.audio.headphone,asus,25.53,100716,af1f640c-01e9-4a90-9398-cd6fec8a3667
2024-02-04T11:03:22.000000,view,96516,1002,electronics.audio.headphone,asus,25.53,100716,af1f640c-01e9-4a90-9398-cd6fec8a3667
2024-02-04T13:00:00.000000,view,62869,1003,appliances.kitchen.refrigerators,bosch,1402.16,100803,cc6d667b-f39d-4e30-870e-40401c36d618
2024-02-04T13:02:36.000000,view,62869,1003,appliances.kitchen.refrigerators,bosch,1402.16,100803,cc6d667b-f39d-4e30-870e-40401c36d618
2024-02-04T13:03:51.000000,view,62869,1003,appliances.kitchen.refrigerators,bosch,1402.16,100803,cc6d667b-f39d-4e30-870e-40401c36d618
2024-02-04T13:05:55.000000,view,62869,1003,appliances.kitchen.refrigerators,bosch,1402.16,100803,cc6d667b-f39d-4e30-870e-40401c36d618
2024-02-04T13:22:52.000000,view,70360,1006,auto.accessories,lg,134.71,100982,6c7c1149-c206-4d82-8950-928bcfb62c4e
2024-02-04T13:24:54.000000,view,70360,1006,auto.accessories,lg,134.71,100982,6c7c1149-c206-4d82-8950-928bcfb62c4e
2024-02-04T13:27:19.000000,view,70360,1006,auto.accessories,lg,134.71,100982,6c7c1149-c206-4d82-8950-928bcfb62c4e
2024-02-04T13:30:02.000000,view,70360,1006,auto.accessories,lg,134.71,100982,6c7c1149-c206-4d82-8950-928bcfb62c4e
2024-02-04T13:32:01.000000,cart,70360,1006,auto.accessories,lg,134.71,100982,6c7c1149-c206-4d82-8950-928bcfb62c4e
2024-02-04T13:33:48.000000,purchase,70360,1006,auto.accessories,lg,134.71,100982,6c7c1149-c206-4d82-8950-928bcfb62c4e
2024-02-04T15:00:00.000000,view,78670,1002,electronics.audio.headphone,bosch,50.22,100060,69f65db2-ffd0-4bb2-a08f-ce57f7944796
2024-02-04T15:02:05.000000,view,78670,1002,electronics.audio.headphone,bosch,50.22,100060,69f65db2-ffd0-4bb2-a08f-ce57f7944796
2024-02-04T15:04:14.000000,view,62109,1003,appliances.kitchen.refrigerators,xiaomi,1865.96,100554,d0d4a6e6-35fa-4f91-b369-4cb0970ef704
2024-02-04T15:06:27.000000,view,94855,1005,apparel.shoes,apple,77.84,100351,beca5c9c-5c12-4ce1-ae46-01249bc83c55
2024-02-04T15:06:38.000000,view,62109,1003,appliances.kitchen.refrigerators,xiaomi,1865.96,100554,d0d4a6e6-35fa-4f91-b369-4cb0970ef704
2024-02-04T15:08:26.000000,view,94855,1005,apparel.shoes,apple,77.84,100351,beca5c9c-5c12-4ce1-ae46-01249bc83c55
2024-02-04T15:11:08.000000,view,94855,1005,apparel.shoes,apple,77.84,100351,beca5c9c-5c12-4ce1-ae46-01249bc83c55
2024-02-04T16:00:00.000000,view,93340,1003,appliances.kitchen.refrigerators,xiaomi,407.8,100572,b93bc3bc-4a20-4acf-b635-9fcaf7623280
2024-02-04T16:00:00.000000,view,64939,1006,auto.accessories,asus,97.9,100630,4bb64ce3-9f48-4c43-97b4-0cd1d865cdc1
2024-02-04T16:00:45.000000,view,64939,1006,auto.accessories,asus,97.9,100630,4bb64ce3-9f48-4c43-97b4-0cd1d865cdc1
2024-02-04T16:00:53.000000,view,93340,1003,appliances.kitchen.refrigerators,xiaomi,407.8,100572,b93bc3bc-4a20-4acf-b635-9fcaf7623280
2024-02-04T16:02:01.000000,view,64939,1006,auto.accessories,asus,97.9,100630,4bb64ce3-9f48-4c43-97b4-0cd1d865cdc1
2024-02-04T16:03:30.000000,view,93340,1003,appliances.kitchen.refrigerators,xiaomi,407.8,100572,b93bc3bc-4a20-4acf-b635-9fcaf7623280
2024-02-04T16:03:52.000000,view,64939,1006,auto.accessories,asus,97.9,100630,4bb64ce3-9f48-4c43-97b4-0cd1d865cdc1
2024-02-04T16:04:59.000000,view,60989,1003,appliances.kitchen.refrigerators,lg,2430.98,100598,89eb2f04-e368-420a-9cb3-aa12b08d7838
2024-02-04T16:06:04.000000,cart,64939,1006,auto.accessories,asus,97.9,100630,4bb64ce3-9f48-4c43-97b4-0cd1d865cdc1
2024-02-04T16:06:52.000000,view,60989,1003,appliances.kitchen.refrigerators,lg,2430.98,100598,89eb2f04-e368-420a-9cb3-aa12b08d7838
2024-02-04T16:09:32.000000,cart,60989,1003,appliances.kitchen.refrigerators,lg,2430.98,100598,89eb2f04-e368-420a-9cb3-aa12b08d7838
2024-02-04T16:11:15.000000,purchase,60989,1003,appliances.kitchen.refrigerators,lg,2430.98,100598,89eb2f04-e368-420a-9cb3-aa12b08d7838
2024-02-04T17:09:22.000000,view,71874,1001,electronics.smartphone,xiaomi,484.23,100554,2fa3257b-8d07-40d8-aade-6c6811aa9061
2024-02-04T17:34:44.000000,view,83050,1003,appliances.kitchen.refrigerators,nike,2099.99,100982,ad7fd4b5-c364-46de-968b-1248ad81e1d3
2024-02-04T17:35:22.000000,cart,83050,1003,appliances.kitchen.refrigerators,nike,2099.99,100982,ad7fd4b5-c364-46de-968b-1248ad81e1d3
2024-02-04T18:00:00.000000,view,57070,1006,auto.accessories,xiaomi,17.58,100196,ad43d322-c834-41c1-b14e-58f390b8b11e
2024-02-04T18:00:00.000000,view,72406,1002,electronics.audio.headphone,lg,196.09,100791,bec91fa5-4ea7-4f99-81b7-70be3d39cae6
2024-02-04T18:01:09.000000,view,57070,1006,auto.accessories,xiaomi,17.58,100196,ad43d322-c834-41c1-b14e-58f390b8b11e
2024-02-04T18:02:40.000000,cart,72406,1002,electronics.audio.headphone,lg,196.09,100791,bec91fa5-4ea7-4f99-81b7-70be3d39cae6
2024-02-04T18:02:56.000000,view,57070,1006,auto.accessories,xiaomi,17.58,100196,ad43d322-c834-41c1-b14e-58f390b8b11e
2024-02-04T18:03:45.000000,purchase,72406,1002,electronics.audio.headphone,lg,196.09,100791,bec91fa5-4ea7-4f99-81b7-70be3d39cae6
2024-02-04T18:05:16.000000,view,57070,1006,auto.accessories,xiaomi,17.58,100196,ad43d322-c834-41c1-b14e-58f390b8b11e
2024-02-04T19:00:00.000000,view,84790,1005,apparel.shoes,nike,191.99,100564,a73127c5-c0bc-4c29-8fac-db33efb69248
2024-02-04T19:02:05.000000,view,84790,1005,apparel.shoes,nike,191.99,100564,a73127c5-c0bc-4c29-8fac-db33efb69248
2024-02-04T19:02:55.000000,view,84790,1005,apparel.shoes,nike,191.99,100564,a73127c5-c0bc-4c29-8fac-db33efb69248
2024-02-04T19:04:38.000000,view,51558,1001,electronics.smartphone,xiaomi,951.32,100928,775bb1d8-7068-430b-8ab5-0ef0c0e838c4
2024-02-04T19:06:09.000000,view,51558,1001,electronics.smartphone,xiaomi,951.32,100928,775bb1d8-7068-430b-8ab5-0ef0c0e838c4
2024-02-04T19:06:34.000000,view,51558,1001,electronics.smartphone,xiaomi,951.32,100928,775bb1d8-7068-430b-8ab5-0ef0c0e838c4
2024-02-04T19:08:30.000000,view,85131,1003,appliances.kitchen.refrigerators,bosch,1113.39,100803,68eb3f3e-2cba-4b3c-ae42-7c391f3598f3
2024-02-04T19:10:16.000000,view,85131,1003,appliances.kitchen.refrigerators,bosch,1113.39,100803,68eb3f3e-2cba-4b3c-ae42-7c391f3598f3
2024-02-04T20:00:00.000000,view,78220,1004,computers.notebook,apple,2267.61,100064,0f7a58fd-1389-42e4-9378-9253f14473bf
2024-02-04T20:02:29.000000,view,78220,1004,computers.notebook,apple,2267.61,100064,0f7a58fd-1389-42e4-9378-9253f14473bf
2024-02-04T20:03:54.000000,cart,78220,1004,computers.notebook,apple,2267.61,100064,0f7a58fd-1389-42e4-9378-9253f14473bf
2024-02-04T20:04:19.000000,purchase,78220,1004,computers.notebook,apple,2267.61,100064,0f7a58fd-1389-42e4-9378-9253f14473bf
2024-02-04T22:08:16.000000,view,76272,1005,apparel.shoes,xiaomi,114.16,100928,82ceaf21-a2b5-4a41-9765-f91e80f5d051
2024-02-04T22:50:00.000000,view,71073,1004,computers.notebook,asus,3186.11,100373,47db2a22-e07f-4768-919f-f39f2bd5ae03
2024-02-04T22:51:48.000000,cart,71073,1004,computers.notebook,asus,3186.11,100373,47db2a22-e07f-4768-919f-f39f2bd5ae03
2024-02-04T23:22:51.000000,view,58138,1006,auto.accessories,lg,103.26,100253,05984694-a8d1-4eef-9f0e-e0cf3df51cc4
2024-02-04T23:24:47.000000,view,58138,1006,auto.accessories,lg,103.26,100253,05984694-a8d1-4eef-9f0e-e0cf3df51cc4
2024-02-04T23:25:42.000000,view,58138,1006,auto.accessories,lg,103.26,100253,05984694-a8d1-4eef-9f0e-e0cf3df51cc4
2024-02-05T05:36:01.000000,view,81155,1003,appliances.kitchen.refrigerators,asus,1734.86,100982,beb205fc-7952-44d7-9be9-ca489a4ab64a
2024-02-05T05:36:55.000000,view,81155,1003,appliances.kitchen.refrigerators,asus,1734.86,100982,beb205fc-7952-44d7-9be9-ca489a4ab64a
2024-02-05T05:38:16.000000,cart,81155,1003,appliances.kitchen.refrigerators,asus,1734.86,100982,beb205fc-7952-44d7-9be9-ca489a4ab64a
2024-02-05T05:39:38.000000,purchase,81155,1003,appliances.kitchen.refrigerators,asus,1734.86,100982,beb205fc-7952-44d7-9be9-ca489a4ab64a
2024-02-05T06:17:54.000000,view,87541,1006,auto.accessories,apple,64.64,100334,96d13773-4477-48ac-ab17-7af8c3ee8602
2024-02-05T06:19:41.000000,view,87541,1006,auto.accessories,apple,64.64,100334,96d13773-4477-48ac-ab17-7af8c3ee8602
2024-02-05T06:22:18.000000,view,87541,1006,auto.accessories,apple,64.64,100334,96d13773-4477-48ac-ab17-7af8c3ee8602
2024-02-05T06:22:28.000000,cart,87541,1006,auto.accessories,apple,64.64,100334,96d13773-4477-48ac-ab17-7af8c3ee8602
2024-02-05T11:00:00.000000,view,79971,1002,electronics.audio.headphone,bosch,180.55,100106,3691a6cf-7ca2-4760-905a-13b5f7d5d1a1
2024-02-05T11:02:30.000000,view,79971,1002,electronics.audio.headphone,bosch,180.55,100106,3691a6cf-7ca2-4760-905a-13b5f7d5d1a1
2024-02-05T11:04:50.000000,view,79971,1002,electronics.audio.headphone,bosch,180.55,100106,3691a6cf-7ca2-4760-905a-13b5f7d5d1a1
2024-02-05T11:05:28.000000,view,79971,1002,electronics.audio.headphone,bosch,180.55,100106,3691a6cf-7ca2-4760-905a-13b5f7d5d1a1
2024-02-05T11:08:04.000000,cart,79971,1002,electronics.audio.headphone,bosch,180.55,100106,3691a6cf-7ca2-4760-905a-13b5f7d5d1a1
2024-02-05T12:00:00.000000,view,95995,1005,apparel.shoes,asus,94.92,100385,7182762d-e44e-489f-b599-e72bc3c6993c
2024-02-05T12:00:00.000000,view,93711,1003,appliances.kitchen.refrigerators,lg,2139.85,100472,d946d7fc-2326-4870-be1a-ce09eda05682
2024-02-05T12:00:00.000000,view,90521,1002,electronics.audio.headphone,samsung,191.01,100532,b2915496-91a1-4c7c-93c5-8b6ff6789309
2024-02-05T12:00:00.000000,view,74083,1006,auto.accessories,asus,136.67,100926,fc7928f7-9f53-4157-8fc9-5d9eb36a5844
2024-02-05T12:00:31.000000,view,93711,1003,appliances.kitchen.refrigerators,lg,2139.85,100472,d946d7fc-2326-4870-be1a-ce09eda05682
2024-02-05T12:00:44.000000,view,93711,1003,appliances.kitchen.refrigerators,lg,2139.85,100472,d946d7fc-2326-4870-be1a-ce09eda05682
2024-02-05T12:01:15.000000,view,74083,1006,auto.accessories,asus,136.67,100926,fc7928f7-9f53-4157-8fc9-5d9eb36a5844
2024-02-05T12:01:37.000000,view,74083,1006,auto.accessories,asus,136.67,100926,fc7928f7-9f53-4157-8fc9-5d9eb36a5844
2024-02-05T12:02:31.000000,view,90521,1002,electronics.audio.headphone,samsung,191.01,100532,b2915496-91a1-4c7c-93c5-8b6ff6789309
2024-02-05T12:03:24.000000,view,74083,1006,auto.accessories,asus,136.67,100926,fc7928f7-9f53-4157-8fc9-5d9eb36a5844
2024-02-05T12:04:11.000000,view,90521,1002,electronics.audio.headphone,samsung,191.01,100532,b2915496-91a1-4c7c-93c5-8b6ff6789309
2024-02-05T12:05:21.000000,cart,90521,1002,electronics.audio.headphone,samsung,191.01,100532,b2915496-91a1-4c7c-93c5-8b6ff6789309
2024-02-05T13:00:00.000000,view,78076,1001,electronics.smartphone,samsung,197.89,100661,ed190764-a5f1-4075-a8bd-6390cbd2c9a3
2024-02-05T13:00:26.000000,view,78076,1001,electronics.smartphone,samsung,197.89,100661,ed190764-a5f1-4075-a8bd-6390cbd2c9a3
2024-02-05T13:00:54.000000,view,78076,1001,electronics.smartphone,samsung,197.89,100661,ed190764-a5f1-4075-a8bd-6390cbd2c9a3
2024-02-05T13:03:22.000000,cart,78076,1001,electronics.smartphone,samsung,197.89,100661,ed190764-a5f1-4075-a8bd-6390cbd2c9a3
2024-02-05T13:22:19.000000,view,76706,1003,appliances.kitchen.refrigerators,nike,2043.16,100752,3567a6a9-0d00-4540-8aa7-80b1de6028ff
2024-02-05T13:22:57.000000,view,76706,1003,appliances.kitchen.refrigerators,nike,2043.16,100752,3567a6a9-0d00-4540-8aa7-80b1de6028ff
2024-02-05T13:25:32.000000,view,76706,1003,appliances.kitchen.refrigerators,nike,2043.16,100752,3567a6a9-0d00-4540-8aa7-80b1de6028ff
2024-02-05T13:26:24.000000,view,76706,1003,appliances.kitchen.refrigerators,nike,2043.16,100752,3567a6a9-0d00-4540-8aa7-80b1de6028ff
2024-02-05T14:00:00.000000,view,53548,1005,apparel.shoes,samsung,124.12,100167,98b8c2b4-0b62-4b31-b738-15599bfd96c1
2024-02-05T14:00:00.000000,view,74496,1006,auto.accessories,apple,107.7,100869,fd273e15-be55-4e8c-a5b7-f1d2af46bb32
2024-02-05T14:02:12.000000,view,53548,1005,apparel.shoes,samsung,124.12,100167,98b8c2b4-0b62-4b31-b738-15599bfd96c1
2024-02-05T14:02:38.000000,view,74496,1006,auto.accessories,apple,107.7,100869,fd273e15-be55-4e8c-a5b7-f1d2af46bb32
2024-02-05T14:03:38.000000,view,74496,1006,auto.accessories,apple,107.7,100869,fd273e15-be55-4e8c-a5b7-f1d2af46bb32
2024-02-05T14:04:26.000000,cart,74496,1006,auto.accessories,apple,107.7,100869,fd273e15-be55-4e8c-a5b7-f1d2af46bb32
2024-02-05T14:04:40.000000,view,53548,1005,apparel.shoes,samsung,124.12,100167,98b8c2b4-0b62-4b31-b738-15599bfd96c1
2024-02-05T14:04:55.000000,purchase,74496,1006,auto.accessories,apple,107.7,100869,fd273e15-be55-4e8c-a5b7-f1d2af46bb32
2024-02-05T14:04:58.000000,view,53548,1005,apparel.shoes,samsung,124.12,100167,98b8c2b4-0b62-4b31-b738-15599bfd96c1
2024-02-05T14:07:16.000000,cart,53548,1005,apparel.shoes,samsung,124.12,100167,98b8c2b4-0b62-4b31-b738-15599bfd96c1
2024-02-05T16:00:00.000000,view,77653,1006,auto.accessories,asus,145.21,100604,71f41995-b1e8-423a-8b07-3ee0729c8849
2024-02-05T16:02:47.000000,view,77653,1006,auto.accessories,asus,145.21,100604,71f41995-b1e8-423a-8b07-3ee0729c8849
2024-02-05T16:04:10.000000,view,77653,1006,auto.accessories,asus,145.21,100604,71f41995-b1e8-423a-8b07-3ee0729c8849
2024-02-05T16:07:46.000000,view,75285,1003,appliances.kitchen.refrigerators,lg,1834.84,100391,f0e39f15-f657-4bd8-a614-4dd5b3bd26c5
2024-02-05T17:00:00.000000,view,69178,1003,appliances.kitchen.refrigerators,nike,936.53,100108,6b1ec754-e59d-41fa-b345-cd30ddc96efb
2024-02-05T17:00:00.000000,view,52752,1002,electronics.audio.headphone,apple,184.8,100179,a40b41d1-dbbc-4648-be65-828da886f6b7
2024-02-05T17:00:00.000000,view,62113,1002,electronics.audio.headphone,apple,65.77,100207,8154f9e7-077f-4185-9dfb-8245f3f5d322
2024-02-05T17:00:19.000000,view,62113,1002,electronics.audio.headphone,apple,65.77,100207,8154f9e7-077f-4185-9dfb-8245f3f5d322
2024-02-05T17:01:06.000000,view,62113,1002,electronics.audio.headphone,apple,65.77,100207,8154f9e7-077f-4185-9dfb-8245f3f5d322
2024-02-05T17:02:21.000000,view,69178,1003,appliances.kitchen.refrigerators,nike,936.53,100108,6b1ec754-e59d-41fa-b345-cd30ddc96efb
2024-02-05T17:02:42.000000,view,52752,1002,electronics.audio.headphone,apple,184.8,100179,a40b41d1-dbbc-4648-be65-828da886f6b7
2024-02-05T17:02:44.000000,view,70317,1002,electronics.audio.headphone,samsung,150.82,100695,1f3f09bd-bf42-4aa5-b7b1-7498e020dd7c
2024-02-05T17:02:55.000000,view,69178,1003,appliances.kitchen.refrigerators,nike,936.53,100108,6b1ec754-e59d-41fa-b345-cd30ddc96efb
2024-02-05T17:03:31.000000,view,52752,1002,electronics.audio.headphone,apple,184.8,100179,a40b41d1-dbbc-4648-be65-828da886f6b7
2024-02-05T17:04:01.000000,view,70317,1002,electronics.audio.headphone,samsung,150.82,100695,1f3f09bd-bf42-4aa5-b7b1-7498e020dd7c
2024-02-05T17:05:16.000000,view,52752,1002,electronics.audio.headphone,apple,184.8,100179,a40b41d1-dbbc-4648-be65-828da886f6b7
2024-02-05T17:05:48.000000,cart,52752,1002,electronics.audio.headphone,apple,184.8,100179,a40b41d1-dbbc-4648-be65-828da886f6b7
2024-02-05T17:05:55.000000,cart,70317,1002,electronics.audio.headphone,samsung,150.82,100695,1f3f09bd-bf42-4aa5-b7b1-7498e020dd7c
2024-02-05T17:06:23.000000,purchase,70317,1002,electronics.audio.headphone,samsung,150.82,100695,1f3f09bd-bf42-4aa5-b7b1-7498e020dd7c
2024-02-05T17:07:06.000000,purchase,52752,1002,electronics.audio.headphone,apple,184.8,100179,a40b41d1-dbbc-4648-be65-828da886f6b7
2024-02-05T18:00:00.000000,view,86182,1002,electronics.audio.headphone,lg,240.54,100160,074b78b3-a36b-486c-b6f3-1177996c6227
2024-02-05T18:00:00.000000,view,73627,1006,auto.accessories,nike,38.94,100874,0d63caf7-62b7-4cb9-8e96-e810bd2614e4
2024-02-05T18:00:55.000000,view,86182,1002,electronics.audio.headphone,lg,240.54,100160,074b78b3-a36b-486c-b6f3-1177996c6227
2024-02-05T18:01:09.000000,view,73627,1006,auto.accessories,nike,38.94,100874,0d63caf7-62b7-4cb9-8e96-e810bd2614e4
2024-02-05T18:02:39.000000,view,86182,1002,electronics.audio.headphone,lg,240.54,100160,074b78b3-a36b-486c-b6f3-1177996c6227
2024-02-05T18:02:50.000000,view,73627,1006,auto.accessories,nike,38.94,100874,0d63caf7-62b7-4cb9-8e96-e810bd2614e4
2024-02-05T18:04:43.000000,view,73627,1006,auto.accessories,nike,38.94,100874,0d63caf7-62b7-4cb9-8e96-e810bd2614e4
2024-02-05T18:05:12.000000,view,86182,1002,electronics.audio.headphone,lg,240.54,100160,074b78b3-a36b-486c-b6f3-1177996c6227
2024-02-05T18:05:16.000000,cart,73627,1006,auto.accessories,nike,38.94,100874,0d63caf7-62b7-4cb9-8e96-e810bd2614e4
2024-02-05T19:00:00.000000,view,82870,1002,electronics.audio.headphone,xiaomi,209.65,100443,9be2ac9f-8f6a-44b6-bfb4-3791479e128b
2024-02-05T19:00:56.000000,view,82870,1002,electronics.audio.headphone,xiaomi,209.65,100443,9be2ac9f-8f6a-44b6-bfb4-3791479e128b
2024-02-05T19:02:18.000000,view,82870,1002,electronics.audio.headphone,xiaomi,209.65,100443,9be2ac9f-8f6a-44b6-bfb4-3791479e128b
2024-02-05T19:03:37.000000,view,82870,1002,electronics.audio.headphone,xiaomi,209.65,100443,9be2ac9f-8f6a-44b6-bfb4-3791479e128b
2024-02-05T20:00:00.000000,view,66379,1003,appliances.kitchen.refrigerators,apple,1996.95,100402,a84cd8cb-2064-4562-8e2e-11cab02eda85
2024-02-05T20:00:00.000000,view,58108,1001,electronics.smartphone,bosch,256.13,100768,68bcae60-b19d-4537-8370-e4fd0231ba84
2024-02-05T20:01:00.000000,view,58108,1001,electronics.smartphone,bosch,256.13,100768,68bcae60-b19d-4537-8370-e4fd0231ba84
2024-02-05T20:01:36.000000,view,66379,1003,appliances.kitchen.refrigerators,apple,1996.95,100402,a84cd8cb-2064-4562-8e2e-11cab02eda85
2024-02-05T20:03:29.000000,view,58108,1001,electronics.smartphone,bosch,256.13,100768,68bcae60-b19d-4537-8370-e4fd0231ba84
2024-02-05T20:04:12.000000,view,66379,1003,appliances.kitchen.refrigerators,apple,1996.95,100402,a84cd8cb-2064-4562-8e2e-11cab02eda85
2024-02-05T20:05:59.000000,view,58108,1001,electronics.smartphone,bosch,256.13,100768,68bcae60-b19d-4537-8370-e4fd0231ba84
2024-02-05T20:06:03.000000,cart,66379,1003,appliances.kitchen.refrigerators,apple,1996.95,100402,a84cd8cb-2064-4562-8e2e-11cab02eda85
2024-02-05T20:06:53.000000,purchase,66379,1003,appliances.kitchen.refrigerators,apple,1996.95,100402,a84cd8cb-2064-4562-8e2e-11cab02eda85
2024-02-05T20:24:04.000000,view,76704,1001,electronics.smartphone,xiaomi,1081.65,100587,dd22e8cd-e68b-4581-a251-17d2d909eb2a
2024-02-05T22:01:56.000000,view,69564,1001,electronics.smartphone,lg,547.03,100669,0f4c42d8-ae5c-46cc-a66f-4f74082afa33
2024-02-05T22:03:24.000000,view,81386,1006,auto.accessories,bosch,138.45,100090,34814055-252b-49ac-9977-1f9aa8ab157d
2024-02-05T22:03:44.000000,view,65451,1005,apparel.shoes,xiaomi,101.79,100060,448f02da-04f9-43da-97e1-669970088cb7
2024-02-05T22:05:15.000000,view,81386,1006,auto.accessories,bosch,138.45,100090,34814055-252b-49ac-9977-1f9aa8ab157d
2024-02-05T22:05:29.000000,cart,65451,1005,apparel.shoes,xiaomi,101.79,100060,448f02da-04f9-43da-97e1-669970088cb7
2024-02-05T23:09:15.000000,view,53160,1001,electronics.smartphone,apple,708.88,100733,ba2b6283-4b24-4080-9dc0-67b57009faef
2024-02-05T23:11:27.000000,view,53160,1001,electronics.smartphone,apple,708.88,100733,ba2b6283-4b24-4080-9dc0-67b57009faef
2024-02-05T23:12:35.000000,view,53160,1001,electronics.smartphone,apple,708.88,100733,ba2b6283-4b24-4080-9dc0-67b57009faef
2024-02-05T23:15:12.000000,cart,53160,1001,electronics.smartphone,apple,708.88,100733,ba2b6283-4b24-4080-9dc0-67b57009faef
2024-02-05T23:16:31.000000,view,77863,1003,appliances.kitchen.refrigerators,xiaomi,2155.71,100621,11c13ad4-9735-4078-b016-6991cfb6bc72
2024-02-05T23:17:45.000000,view,77863,1003,appliances.kitchen.refrigerators,xiaomi,2155.71,100621,11c13ad4-9735-4078-b016-6991cfb6bc72
2024-02-06T00:23:52.000000,view,86576,1005,apparel.shoes,nike,187.13,100643,d0732032-cc0d-48fe-b8e1-f70c3c215f01
2024-02-06T00:24:10.000000,view,76853,1003,appliances.kitchen.refrigerators,nike,949.77,100140,f729276e-dbe4-4943-9938-f32a34dad0bb
2024-02-06T00:25:40.000000,view,86576,1005,apparel.shoes,nike,187.13,100643,d0732032-cc0d-48fe-b8e1-f70c3c215f01
2024-02-06T00:26:21.000000,view,86576,1005,apparel.shoes,nike,187.13,100643,d0732032-cc0d-48fe-b8e1-f70c3c215f01
2024-02-06T00:26:33.000000,view,86576,1005,apparel.shoes,nike,187.13,100643,d0732032-cc0d-48fe-b8e1-f70c3c215f01
2024-02-06T00:29:03.000000,cart,86576,1005,apparel.shoes,nike,187.13,100643,d0732032-cc0d-48fe-b8e1-f70c3c215f01
2024-02-06T00:29:55.000000,purchase,86576,1005,apparel.shoes,nike,187.13,100643,d0732032-cc0d-48fe-b8e1-f70c3c215f01
2024-02-06T01:21:46.000000,view,80570,1003,appliances.kitchen.refrigerators,samsung,569.55,100071,a54cf055-162b-42f4-a771-a009f7323750
2024-02-06T01:22:59.000000,view,80570,1003,appliances.kitchen.refrigerators,samsung,569.55,100071,a54cf055-162b-42f4-a771-a009f7323750
2024-02-06T01:23:45.000000,view,80570,1003,appliances.kitchen.refrigerators,samsung,569.55,100071,a54cf055-162b-42f4-a771-a009f7323750
2024-02-06T01:24:19.000000,view,80570,1003,appliances.kitchen.refrigerators,samsung,569.55,100071,a54cf055-162b-42f4-a771-a009f7323750
2024-02-06T01:24:41.000000,cart,80570,1003,appliances.kitchen.refrigerators,samsung,569.55,100071,a54cf055-162b-42f4-a771-a009f7323750
2024-02-06T02:03:48.000000,view,68007,1006,auto.accessories,samsung,51.05,100443,5ea2e224-3b8c-4800-a5e5-8a91c5d83973
2024-02-06T02:04:22.000000,view,68007,1006,auto.accessories,samsung,51.05,100443,5ea2e224-3b8c-4800-a5e5-8a91c5d83973
2024-02-06T02:05:28.000000,view,68007,1006,auto.accessories,samsung,51.05,100443,5ea2e224-3b8c-4800-a5e5-8a91c5d83973
2024-02-06T02:06:35.000000,cart,68007,1006,auto.accessories,samsung,51.05,100443,5ea2e224-3b8c-4800-a5e5-8a91c5d83973
2024-02-06T02:07:31.000000,purchase,68007,1006,auto.accessories,samsung,51.05,100443,5ea2e224-3b8c-4800-a5e5-8a91c5d83973
2024-02-06T02:13:25.000000,view,60219,1005,apparel.shoes,xiaomi,199.43,100881,516e64b5-9d81-49c8-98cc-0ac5c3187d6a
2024-02-06T02:14:56.000000,view,60219,1005,apparel.shoes,xiaomi,199.43,100881,516e64b5-9d81-49c8-98cc-0ac5c3187d6a
2024-02-06T02:15:56.000000,cart,60219,1005,apparel.shoes,xiaomi,199.43,100881,516e64b5-9d81-49c8-98cc-0ac5c3187d6a
2024-02-06T04:05:51.000000,view,62217,1005,apparel.shoes,apple,71.82,100196,d0666800-725e-404d-9e94-492a191f42c7
2024-02-06T04:08:24.000000,view,62217,1005,apparel.shoes,apple,71.82,100196,d0666800-725e-404d-9e94-492a191f42c7
2024-02-06T04:08:39.000000,view,62217,1005,apparel.shoes,apple,71.82,100196,d0666800-725e-404d-9e94-492a191f42c7
2024-02-06T04:08:59.000000,view,62217,1005,apparel.shoes,apple,71.82,100196,d0666800-725e-404d-9e94-492a191f42c7
2024-02-06T04:19:57.000000,view,50179,1004,computers.notebook,lg,742.74,100621,ac9d698b-3007-4e6c-a2d2-d48bcb96e16e
2024-02-06T05:34:04.000000,view,80790,1006,auto.accessories,apple,65.93,100574,8c281aec-002a-4fd1-9ac4-ba417cef6fe9
2024-02-06T05:35:25.000000,view,80790,1006,auto.accessories,apple,65.93,100574,8c281aec-002a-4fd1-9ac4-ba417cef6fe9
2024-02-06T05:36:49.000000,view,80790,1006,auto.accessories,apple,65.93,100574,8c281aec-002a-4fd1-9ac4-ba417cef6fe9
2024-02-06T05:39:10.000000,view,80790,1006,auto.accessories,apple,65.93,100574,8c281aec-002a-4fd1-9ac4-ba417cef6fe9
2024-02-06T08:00:00.000000,view,70413,1001,electronics.smartphone,nike,484.88,100832,00236e78-748c-42ca-a18d-03bcb70a4a6b
2024-02-06T08:00:40.000000,view,70413,1001,electronics.smartphone,nike,484.88,100832,00236e78-748c-42ca-a18d-03bcb70a4a6b
2024-02-06T08:03:08.000000,view,70413,1001,electronics.smartphone,nike,484.88,100832,00236e78-748c-42ca-a18d-03bcb70a4a6b
2024-02-06T09:00:00.000000,view,88933,1001,electronics.smartphone,asus,682.42,100054,2a5883f7-52f9-4fcb-8583-9fd28e033f72
2024-02-06T09:00:00.000000,view,75856,1005,apparel.shoes,lg,170.94,100079,21c6d1d8-879f-4e83-a765-dbc73fc00f7b
2024-02-06T09:00:00.000000,view,59642,1004,computers.notebook,nike,1845.58,100386,a4937674-e216-431e-97d9-c4c6eb3561d0
2024-02-06T09:00:00.000000,view,76017,1002,electronics.audio.headphone,samsung,170.72,100579,2a6724ac-aba5-499a-90ed-91acc5dba769
2024-02-06T09:00:00.000000,view,67921,1003,appliances.kitchen.refrigerators,bosch,1768.82,100865,bb0bfcb4-ee99-451e-b173-9788187f1c54
2024-02-06T09:00:16.000000,view,76017,1002,electronics.audio.headphone,samsung,170.72,100579,2a6724ac-aba5-499a-90ed-91acc5dba769
2024-02-06T09:00:24.000000,view,67921,1003,appliances.kitchen.refrigerators,bosch,1768.82,100865,bb0bfcb4-ee99-451e-b173-9788187f1c54
2024-02-06T09:01:24.000000,view,75856,1005,apparel.shoes,lg,170.94,100079,21c6d1d8-879f-4e83-a765-dbc73fc00f7b
2024-02-06T09:01:44.000000,cart,75856,1005,apparel.shoes,lg,170.94,100079,21c6d1d8-879f-4e83-a765-dbc73fc00f7b
2024-02-06T09:02:23.000000,view,59642,1004,computers.notebook,nike,1845.58,100386,a4937674-e216-431e-97d9-c4c6eb3561d0
2024-02-06T09:02:38.000000,view,88933,1001,electronics.smartphone,asus,682.42,100054,2a5883f7-52f9-4fcb-8583-9fd28e033f72
2024-02-06T09:02:56.000000,view,76017,1002,electronics.audio.headphone,samsung,170.72,100579,2a6724ac-aba5-499a-90ed-91acc5dba769
2024-02-06T09:03:05.000000,view,67921,1003,appliances.kitchen.refrigerators,bosch,1768.82,100865,bb0bfcb4-ee99-451e-b173-9788187f1c54
2024-02-06T09:03:30.000000,purchase,75856,1005,apparel.shoes,lg,170.94,100079,21c6d1d8-879f-4e83-a765-dbc73fc00f7b
2024-02-06T09:04:20.000000,view,67921,1003,appliances.kitchen.refrigerators,bosch,1768.82,100865,bb0bfcb4-ee99-451e-b173-9788187f1c54
2024-02-06T09:05:09.000000,view,88933,1001,electronics.smartphone,asus,682.42,100054,2a5883f7-52f9-4fcb-8583-9fd28e033f72
2024-02-06T09:05:29.000000,view,88933,1001,electronics.smartphone,asus,682.42,100054,2a5883f7-52f9-4fcb-8583-9fd28e033f72
2024-02-06T09:06:53.000000,cart,67921,1003,appliances.kitchen.refrigerators,bosch,1768.82,100865,bb0bfcb4-ee99-451e-b173-9788187f1c54
2024-02-06T10:00:00.000000,view,50902,1002,electronics.audio.headphone,lg,155.14,100557,784e7377-ad78-406e-a992-6ccd3740cc32
2024-02-06T11:20:49.000000,view,69379,1005,apparel.shoes,nike,60.21,100468,daba78ea-7ea4-45aa-9dc5-8acd907c8c7b
2024-02-06T11:22:17.000000,view,69379,1005,apparel.shoes,nike,60.21,100468,daba78ea-7ea4-45aa-9dc5-8acd907c8c7b
2024-02-06T11:24:22.000000,view,69379,1005,apparel.shoes,nike,60.21,100468,daba78ea-7ea4-45aa-9dc5-8acd907c8c7b
2024-02-06T12:00:00.000000,view,90212,1006,auto.accessories,asus,92.55,100559,dc789d27-6629-41fa-b10a-4bd6c8430f83
2024-02-06T12:02:50.000000,view,90212,1006,auto.accessories,asus,92.55,100559,dc789d27-6629-41fa-b10a-4bd6c8430f83
2024-02-06T13:00:00.000000,view,68870,1004,computers.notebook,nike,2997.39,100897,18842b1c-d69c-452d-a015-52bad2a30a81
2024-02-06T13:00:00.000000,view,80823,1005,apparel.shoes,apple,104.78,100960,b8265a67-b2ea-4444-bf1f-09c96fabb88a
2024-02-06T13:00:13.000000,view,68870,1004,computers.notebook,nike,2997.39,100897,18842b1c-d69c-452d-a015-52bad2a30a81
2024-02-06T13:00:53.000000,view,68870,1004,computers.notebook,nike,2997.39,100897,18842b1c-d69c-452d-a015-52bad2a30a81
2024-02-06T13:03:40.000000,view,68870,1004,computers.notebook,nike,2997.39,100897,18842b1c-d69c-452d-a015-52bad2a30a81
2024-02-06T13:05:07.000000,view,95196,1003,appliances.kitchen.refrigerators,bosch,1993.31,100559,f9b60c0e-d116-4ce7-8af9-9c36cd10accf
2024-02-06T13:07:42.000000,view,95196,1003,appliances.kitchen.refrigerators,bosch,1993.31,100559,f9b60c0e-d116-4ce7-8af9-9c36cd10accf
2024-02-06T13:09:19.000000,view,95196,1003,appliances.kitchen.refrigerators,bosch,1993.31,100559,f9b60c0e-d116-4ce7-8af9-9c36cd10accf
2024-02-06T13:09:29.000000,view,95196,1003,appliances.kitchen.refrigerators,bosch,1993.31,100559,f9b60c0e-d116-4ce7-8af9-9c36cd10accf
2024-02-06T13:11:42.000000,cart,95196,1003,appliances.kitchen.refrigerators,bosch,1993.31,100559,f9b60c0e-d116-4ce7-8af9-9c36cd10accf
2024-02-06T14:00:00.000000,view,58316,1004,computers.notebook,nike,1039.1,100237,9ec5c596-2929-49c9-972c-56f6d9138c71
2024-02-06T14:00:00.000000,view,69519,1005,apparel.shoes,bosch,165.28,100878,8190de53-10d5-4704-8bde-1177ee86ee28
2024-02-06T14:01:51.000000,view,69519,1005,apparel.shoes,bosch,165.28,100878,8190de53-10d5-4704-8bde-1177ee86ee28
2024-02-06T14:02:23.000000,view,58316,1004,computers.notebook,nike,1039.1,100237,9ec5c596-2929-49c9-972c-56f6d9138c71
2024-02-06T14:02:48.000000,view,69519,1005,apparel.shoes,bosch,165.28,100878,8190de53-10d5-4704-8bde-1177ee86ee28
2024-02-06T14:04:20.000000,view,69519,1005,apparel.shoes,bosch,165.28,100878,8190de53-10d5-4704-8bde-1177ee86ee28
2024-02-06T14:04:28.000000,view,58316,1004,computers.notebook,nike,1039.1,100237,9ec5c596-2929-49c9-972c-56f6d9138c71
2024-02-06T14:06:23.000000,cart,58316,1004,computers.notebook,nike,1039.1,100237,9ec5c596-2929-49c9-972c-56f6d9138c71
2024-02-06T14:07:14.000000,cart,69519,1005,apparel.shoes,bosch,165.28,100878,8190de53-10d5-4704-8bde-1177ee86ee28
2024-02-06T15:00:00.000000,view,88046,1004,computers.notebook,apple,1338.56,100392,8cbeebd1-1bf1-43a1-b61e-c06d8d0e8dae
2024-02-06T15:00:20.000000,view,88046,1004,computers.notebook,apple,1338.56,100392,8cbeebd1-1bf1-43a1-b61e-c06d8d0e8dae
2024-02-06T15:02:00.000000,view,88046,1004,computers.notebook,apple,1338.56,100392,8cbeebd1-1bf1-43a1-b61e-c06d8d0e8dae
2024-02-06T15:02:45.000000,view,88046,1004,computers.notebook,apple,1338.56,100392,8cbeebd1-1bf1-43a1-b61e-c06d8d0e8dae
2024-02-06T17:00:00.000000,view,50430,1002,electronics.audio.headphone,xiaomi,107.59,100187,21d513e3-6d49-490e-afb2-9243ee3d3a8d
2024-02-06T17:00:00.000000,view,76504,1003,appliances.kitchen.refrigerators,bosch,1250.27,100763,3c6647e0-cab5-479b-b2bb-07eb44548e71
2024-02-06T17:00:23.000000,view,76504,1003,appliances.kitchen.refrigerators,bosch,1250.27,100763,3c6647e0-cab5-479b-b2bb-07eb44548e71
2024-02-06T17:00:57.000000,cart,76504,1003,appliances.kitchen.refrigerators,bosch,1250.27,100763,3c6647e0-cab5-479b-b2bb-07eb44548e71
2024-02-06T17:01:04.000000,view,50430,1002,electronics.audio.headphone,xiaomi,107.59,100187,21d513e3-6d49-490e-afb2-9243ee3d3a8d
2024-02-06T17:01:29.000000,purchase,76504,1003,appliances.kitchen.refrigerators,bosch,1250.27,100763,3c6647e0-cab5-479b-b2bb-07eb44548e71
2024-02-06T17:02:34.000000,cart,50430,1002,electronics.audio.headphone,xiaomi,107.59,100187,21d513e3-6d49-490e-afb2-9243ee3d3a8d
2024-02-06T17:07:00.000000,view,90111,1006,auto.accessories,lg,143.29,100237,1c442a8d-8c16-4df6-b61d-5b33d759feb4
2024-02-06T17:08:39.000000,view,90111,1006,auto.accessories,lg,143.29,100237,1c442a8d-8c16-4df6-b61d-5b33d759feb4
2024-02-06T17:10:36.000000,view,90111,1006,auto.accessories,lg,143.29,100237,1c442a8d-8c16-4df6-b61d-5b33d759feb4
2024-02-06T18:00:00.000000,view,75811,1004,computers.notebook,asus,2055.76,100434,f0c8d7ff-81df-4acb-a0e0-d6253e0c2668
2024-02-06T18:00:00.000000,view,81530,1005,apparel.shoes,lg,62.51,100868,55e3c4f1-e457-4bae-9644-b9af3da4384f
2024-02-06T18:00:00.000000,view,63609,1002,electronics.audio.headphone,apple,50.2,100920,3c3af75d-efed-49f9-a135-0143fd246fee
2024-02-06T18:00:45.000000,view,63609,1002,electronics.audio.headphone,apple,50.2,100920,3c3af75d-efed-49f9-a135-0143fd246fee
2024-02-06T18:02:15.000000,view,75811,1004,computers.notebook,asus,2055.76,100434,f0c8d7ff-81df-4acb-a0e0-d6253e0c2668
2024-02-06T18:02:36.000000,view,81530,1005,apparel.shoes,lg,62.51,100868,55e3c4f1-e457-4bae-9644-b9af3da4384f
2024-02-06T18:02:46.000000,cart,81530,1005,apparel.shoes,lg,62.51,100868,55e3c4f1-e457-4bae-9644-b9af3da4384f
2024-02-06T18:03:43.000000,view,63609,1002,electronics.audio.headphone,apple,50.2,100920,3c3af75d-efed-49f9-a135-0143fd246fee
2024-02-06T18:04:37.000000,purchase,81530,1005,apparel.shoes,lg,62.51,100868,55e3c4f1-e457-4bae-9644-b9af3da4384f
2024-02-06T18:04:55.000000,view,75811,1004,computers.notebook,asus,2055.76,100434,f0c8d7ff-81df-4acb-a0e0-d6253e0c2668
2024-02-06T18:05:11.000000,cart,75811,1004,computers.notebook,asus,2055.76,100434,f0c8d7ff-81df-4acb-a0e0-d6253e0c2668
2024-02-06T18:05:37.000000,view,63609,1002,electronics.audio.headphone,apple,50.2,100920,3c3af75d-efed-49f9-a135-0143fd246fee
2024-02-06T18:06:43.000000,purchase,75811,1004,computers.notebook,asus,2055.76,100434,f0c8d7ff-81df-4acb-a0e0-d6253e0c2668
2024-02-06T18:07:35.000000,cart,63609,1002,electronics.audio.headphone,apple,50.2,100920,3c3af75d-efed-49f9-a135-0143fd246fee
2024-02-06T19:00:00.000000,view,62215,1002,electronics.audio.headphone,xiaomi,218.61,100328,b2c1851b-8570-41a3-9f86-5e2f987c516b
2024-02-06T19:00:00.000000,view,95876,1005,apparel.shoes,asus,178.53,100714,e0de671e-00a0-4ff2-9d82-35482a93d660
2024-02-06T19:00:00.000000,view,58992,1004,computers.notebook,xiaomi,3309.94,100800,49652c1f-14db-4c39-8358-f89df033660c
2024-02-06T19:00:00.000000,view,93710,1006,auto.accessories,lg,65.93,100962,fc7c4a5b-ca2f-4bf3-b7dc-9621aa5bc4b7
2024-02-06T19:01:49.000000,cart,58992,1004,computers.notebook,xiaomi,3309.94,100800,49652c1f-14db-4c39-8358-f89df033660c
2024-02-06T19:02:00.000000,view,93710,1006,auto.accessories,lg,65.93,100962,fc7c4a5b-ca2f-4bf3-b7dc-9621aa5bc4b7
2024-02-06T19:02:14.000000,view,62215,1002,electronics.audio.headphone,xiaomi,218.61,100328,b2c1851b-8570-41a3-9f86-5e2f987c516b
2024-02-06T19:03:48.000000,purchase,58992,1004,computers.notebook,xiaomi,3309.94,100800,49652c1f-14db-4c39-8358-f89df033660c
2024-02-06T19:04:05.000000,view,93710,1006,auto.accessories,lg,65.93,100962,fc7c4a5b-ca2f-4bf3-b7dc-9621aa5bc4b7
2024-02-06T19:06:45.000000,view,93710,1006,auto.accessories,lg,65.93,100962,fc7c4a5b-ca2f-4bf3-b7dc-9621aa5bc4b7
2024-02-06T22:01:19.000000,view,88737,1004,computers.notebook,samsung,1744.68,100472,49b9c712-d569-48c5-9ad6-3a27b529349e
2024-02-06T22:01:55.000000,view,88737,1004,computers.notebook,samsung,1744.68,100472,49b9c712-d569-48c5-9ad6-3a27b529349e
2024-02-06T22:04:09.000000,view,88737,1004,computers.notebook,samsung,1744.68,100472,49b9c712-d569-48c5-9ad6-3a27b529349e
2024-02-06T23:05:15.000000,view,59362,1006,auto.accessories,nike,24.24,100113,3d6a6247-f322-43c0-af01-432d409903cf
2024-02-06T23:05:46.000000,view,67291,1002,electronics.audio.headphone,apple,197.32,100996,dc3e7ce2-45f7-4864-8c75-9272e03dae00
2024-02-06T23:07:18.000000,view,67291,1002,electronics.audio.headphone,apple,197.32,100996,dc3e7ce2-45f7-4864-8c75-9272e03dae00
2024-02-07T00:08:09.000000,view,74778,1001,electronics.smartphone,samsung,803.56,100680,4c1d462d-73cb-4b7c-84d4-0a21381c8d28
2024-02-07T00:08:50.000000,view,84994,1001,electronics.smartphone,lg,495.24,100990,119d1552-5335-44f3-9c74-35c6097f31c4
2024-02-07T00:08:58.000000,view,74778,1001,electronics.smartphone,samsung,803.56,100680,4c1d462d-73cb-4b7c-84d4-0a21381c8d28
2024-02-07T00:10:59.000000,view,84994,1001,electronics.smartphone,lg,495.24,100990,119d1552-5335-44f3-9c74-35c6097f31c4
2024-02-07T00:11:20.000000,view,74778,1001,electronics.smartphone,samsung,803.56,100680,4c1d462d-73cb-4b7c-84d4-0a21381c8d28
2024-02-07T00:12:03.000000,view,84994,1001,electronics.smartphone,lg,495.24,100990,119d1552-5335-44f3-9c74-35c6097f31c4
2024-02-07T00:13:10.000000,cart,74778,1001,electronics.smartphone,samsung,803.56,100680,4c1d462d-73cb-4b7c-84d4-0a21381c8d28
2024-02-07T00:14:57.000000,purchase,74778,1001,electronics.smartphone,samsung,803.56,100680,4c1d462d-73cb-4b7c-84d4-0a21381c8d28
2024-02-07T01:08:08.000000,view,92068,1005,apparel.shoes,lg,127.45,100996,18dd491c-d3ad-4ad0-a7b2-8a4f798ec0d5
2024-02-07T01:09:43.000000,view,92068,1005,apparel.shoes,lg,127.45,100996,18dd491c-d3ad-4ad0-a7b2-8a4f798ec0d5
2024-02-07T02:05:05.000000,view,95428,1001,electronics.smartphone,apple,599.51,100604,d7f4f32a-3c40-4fa4-ae02-280f698fb306
2024-02-07T02:05:21.000000,view,95428,1001,electronics.smartphone,apple,599.51,100604,d7f4f32a-3c40-4fa4-ae02-280f698fb306
2024-02-07T02:06:05.000000,view,95428,1001,electronics.smartphone,apple,599.51,100604,d7f4f32a-3c40-4fa4-ae02-280f698fb306
2024-02-07T02:10:47.000000,view,73717,1001,electronics.smartphone,asus,1055.87,100237,0eb1869a-eb19-4ea2-b2f0-ec3beafff04e
2024-02-07T02:12:55.000000,view,73717,1001,electronics.smartphone,asus,1055.87,100237,0eb1869a-eb19-4ea2-b2f0-ec3beafff04e
2024-02-07T04:25:45.000000,view,97259,1003,appliances.kitchen.refrigerators,asus,987.97,100071,6ea7fd09-65cb-44d7-a7aa-366ed30a05c2
2024-02-07T04:28:02.000000,view,97259,1003,appliances.kitchen.refrigerators,asus,987.97,100071,6ea7fd09-65cb-44d7-a7aa-366ed30a05c2
2024-02-07T05:03:10.000000,view,63168,1002,electronics.audio.headphone,samsung,41.22,100328,1d249eda-b73b-43f7-9723-88caa704eb3d
2024-02-07T05:04:09.000000,view,63168,1002,electronics.audio.headphone,samsung,41.22,100328,1d249eda-b73b-43f7-9723-88caa704eb3d
2024-02-07T06:19:00.000000,view,78340,1004,computers.notebook,samsung,2088.72,100923,8f36e831-46aa-445e-b236-d230b624ac00
2024-02-07T06:19:16.000000,view,78340,1004,computers.notebook,samsung,2088.72,100923,8f36e831-46aa-445e-b236-d230b624ac00
2024-02-07T06:19:48.000000,view,78340,1004,computers.notebook,samsung,2088.72,100923,8f36e831-46aa-445e-b236-d230b624ac00
2024-02-07T06:22:45.000000,cart,78340,1004,computers.notebook,samsung,2088.72,100923,8f36e831-46aa-445e-b236-d230b624ac00
2024-02-07T07:07:40.000000,view,58146,1005,apparel.shoes,apple,89.1,100402,366efd37-8209-4855-a98e-c6d0c0b17793
2024-02-07T07:08:57.000000,view,58146,1005,apparel.shoes,apple,89.1,100402,366efd37-8209-4855-a98e-c6d0c0b17793
2024-02-07T07:09:52.000000,view,58146,1005,apparel.shoes,apple,89.1,100402,366efd37-8209-4855-a98e-c6d0c0b17793
2024-02-07T08:00:00.000000,view,94135,1006,auto.accessories,nike,43.89,100750,154a3cad-0286-4b5a-991b-08be64813948
2024-02-07T08:00:35.000000,view,94135,1006,auto.accessories,nike,43.89,100750,154a3cad-0286-4b5a-991b-08be64813948
2024-02-07T08:01:12.000000,view,94135,1006,auto.accessories,nike,43.89,100750,154a3cad-0286-4b5a-991b-08be64813948
2024-02-07T08:03:38.000000,view,94135,1006,auto.accessories,nike,43.89,100750,154a3cad-0286-4b5a-991b-08be64813948
2024-02-07T08:06:27.000000,cart,94135,1006,auto.accessories,nike,43.89,100750,154a3cad-0286-4b5a-991b-08be64813948
2024-02-07T08:07:06.000000,purchase,94135,1006,auto.accessories,nike,43.89,100750,154a3cad-0286-4b5a-991b-08be64813948
2024-02-07T10:00:00.000000,view,87541,1001,electronics.smartphone,nike,561.18,100125,fcfa85c4-19d4-47fb-8f58-0261c1224ffe
2024-02-07T10:00:00.000000,view,59602,1006,auto.accessories,samsung,97.01,100451,38210ac2-f476-4ec4-9bba-24096f1a6006
2024-02-07T10:01:15.000000,view,59602,1006,auto.accessories,samsung,97.01,100451,38210ac2-f476-4ec4-9bba-24096f1a6006
2024-02-07T10:04:08.000000,view,59602,1006,auto.accessories,samsung,97.01,100451,38210ac2-f476-4ec4-9bba-24096f1a6006
2024-02-07T10:05:16.000000,view,59602,1006,auto.accessories,samsung,97.01,100451,38210ac2-f476-4ec4-9bba-24096f1a6006
2024-02-07T11:00:00.000000,view,70682,1002,electronics.audio.headphone,apple,281.68,100062,6157a810-1742-4932-8f13-1d576e137b74
2024-02-07T11:02:29.000000,view,70682,1002,electronics.audio.headphone,apple,281.68,100062,6157a810-1742-4932-8f13-1d576e137b74
2024-02-07T11:04:40.000000,view,70682,1002,electronics.audio.headphone,apple,281.68,100062,6157a810-1742-4932-8f13-1d576e137b74
2024-02-07T11:05:54.000000,view,70682,1002,electronics.audio.headphone,apple,281.68,100062,6157a810-1742-4932-8f13-1d576e137b74
2024-02-07T11:09:41.000000,view,97287,1003,appliances.kitchen.refrigerators,samsung,2363.92,100469,207a8e7b-3e03-4a4f-94c9-5efd6786185f
2024-02-07T11:10:10.000000,cart,97287,1003,appliances.kitchen.refrigerators,samsung,2363.92,100469,207a8e7b-3e03-4a4f-94c9-5efd6786185f
2024-02-07T12:00:00.000000,view,76349,1005,apparel.shoes,lg,175.22,100632,5fa99d6a-bd80-455b-b797-2bfb102ba543
2024-02-07T12:02:13.000000,view,76349,1005,apparel.shoes,lg,175.22,100632,5fa99d6a-bd80-455b-b797-2bfb102ba543
2024-02-07T12:02:39.000000,view,76349,1005,apparel.shoes,lg,175.22,100632,5fa99d6a-bd80-455b-b797-2bfb102ba543
2024-02-07T12:03:41.000000,view,64128,1006,auto.accessories,samsung,96.89,100579,5cd6f70a-07d8-424d-90ba-ec3f85d8e58a
2024-02-07T12:04:09.000000,view,64128,1006,auto.accessories,samsung,96.89,100579,5cd6f70a-07d8-424d-90ba-ec3f85d8e58a
2024-02-07T12:05:01.000000,view,76349,1005,apparel.shoes,lg,175.22,100632,5fa99d6a-bd80-455b-b797-2bfb102ba543
2024-02-07T12:10:12.000000,view,60289,1004,computers.notebook,nike,456.95,100196,110d554c-0303-46a5-80d0-b786aac927bd
2024-02-07T12:11:52.000000,view,60289,1004,computers.notebook,nike,456.95,100196,110d554c-0303-46a5-80d0-b786aac927bd
2024-02-07T12:13:19.000000,view,70513,1005,apparel.shoes,lg,193.52,100417,bed04ad6-7769-4e08-ade4-196859b61aa9
2024-02-07T12:14:42.000000,view,60289,1004,computers.notebook,nike,456.95,100196,110d554c-0303-46a5-80d0-b786aac927bd
2024-02-07T12:14:51.000000,view,70513,1005,apparel.shoes,lg,193.52,100417,bed04ad6-7769-4e08-ade4-196859b61aa9
2024-02-07T12:15:43.000000,view,81761,1006,auto.accessories,bosch,120.85,100680,8fffc469-cadf-438a-bdf0-112c46fbd388
2024-02-07T12:16:09.000000,cart,60289,1004,computers.notebook,nike,456.95,100196,110d554c-0303-46a5-80d0-b786aac927bd
2024-02-07T12:16:25.000000,view,81761,1006,auto.accessories,bosch,120.85,100680,8fffc469-cadf-438a-bdf0-112c46fbd388
2024-02-07T12:17:28.000000,purchase,60289,1004,computers.notebook,nike,456.95,100196,110d554c-0303-46a5-80d0-b786aac927bd
2024-02-07T12:18:10.000000,view,81761,1006,auto.accessories,bosch,120.85,100680,8fffc469-cadf-438a-bdf0-112c46fbd388
2024-02-07T12:20:57.000000,cart,81761,1006,auto.accessories,bosch,120.85,100680,8fffc469-cadf-438a-bdf0-112c46fbd388
2024-02-07T13:00:00.000000,view,97775,1006,auto.accessories,asus,25.93,100935,8ab01019-7911-467f-89bb-76ace2c53f1c
2024-02-07T13:00:24.000000,view,97775,1006,auto.accessories,asus,25.93,100935,8ab01019-7911-467f-89bb-76ace2c53f1c
2024-02-07T13:01:29.000000,view,60704,1004,computers.notebook,nike,2264.27,100952,ad21897d-c50a-46fc-9220-5cf7ce54779f
2024-02-07T13:01:39.000000,cart,97775,1006,auto.accessories,asus,25.93,100935,8ab01019-7911-467f-89bb-76ace2c53f1c
2024-02-07T13:02:00.000000,purchase,97775,1006,auto.accessories,asus,25.93,100935,8ab01019-7911-467f-89bb-76ace2c53f1c
2024-02-07T13:03:14.000000,view,60704,1004,computers.notebook,nike,2264.27,100952,ad21897d-c50a-46fc-9220-5cf7ce54779f
2024-02-07T13:05:36.000000,view,60704,1004,computers.notebook,nike,2264.27,100952,ad21897d-c50a-46fc-9220-5cf7ce54779f
2024-02-07T13:24:39.000000,view,60414,1002,electronics.audio.headphone,asus,75.62,100923,513b7a2d-ba46-4b46-819a-9553d80013bb
2024-02-07T13:26:40.000000,view,60414,1002,electronics.audio.headphone,asus,75.62,100923,513b7a2d-ba46-4b46-819a-9553d80013bb
2024-02-07T13:28:43.000000,view,60414,1002,electronics.audio.headphone,asus,75.62,100923,513b7a2d-ba46-4b46-819a-9553d80013bb
2024-02-07T13:31:04.000000,view,60414,1002,electronics.audio.headphone,asus,75.62,100923,513b7a2d-ba46-4b46-819a-9553d80013bb
2024-02-07T13:33:25.000000,cart,60414,1002,electronics.audio.headphone,asus,75.62,100923,513b7a2d-ba46-4b46-819a-9553d80013bb
2024-02-07T14:01:58.000000,view,56736,1003,appliances.kitchen.refrigerators,samsung,1816.1,100975,d42e2a8a-2366-4ea4-ba1c-cc53d92a58fb
2024-02-07T14:04:35.000000,view,56736,1003,appliances.kitchen.refrigerators,samsung,1816.1,100975,d42e2a8a-2366-4ea4-ba1c-cc53d92a58fb
2024-02-07T14:06:43.000000,view,56736,1003,appliances.kitchen.refrigerators,samsung,1816.1,100975,d42e2a8a-2366-4ea4-ba1c-cc53d92a58fb
2024-02-07T14:08:15.000000,view,80188,1005,apparel.shoes,bosch,134.07,100443,b3b06b77-f240-4bfd-be1f-e6c0e10a3bf9
2024-02-07T14:10:43.000000,view,80188,1005,apparel.shoes,bosch,134.07,100443,b3b06b77-f240-4bfd-be1f-e6c0e10a3bf9
2024-02-07T14:12:32.000000,view,80188,1005,apparel.shoes,bosch,134.07,100443,b3b06b77-f240-4bfd-be1f-e6c0e10a3bf9
2024-02-07T15:00:00.000000,view,54300,1006,auto.accessories,nike,40.43,100245,6aea92b0-0a1d-45c3-a923-0e83bbace6d2
2024-02-07T15:00:00.000000,view,70139,1003,appliances.kitchen.refrigerators,lg,1356.88,100728,9a234d5c-d43c-44f7-8ada-8b679b56e33f
2024-02-07T15:00:32.000000,view,54300,1006,auto.accessories,nike,40.43,100245,6aea92b0-0a1d-45c3-a923-0e83bbace6d2
2024-02-07T15:01:02.000000,view,54300,1006,auto.accessories,nike,40.43,100245,6aea92b0-0a1d-45c3-a923-0e83bbace6d2
2024-02-07T15:01:27.000000,view,70139,1003,appliances.kitchen.refrigerators,lg,1356.88,100728,9a234d5c-d43c-44f7-8ada-8b679b56e33f
2024-02-07T15:02:52.000000,view,54300,1006,auto.accessories,nike,40.43,100245,6aea92b0-0a1d-45c3-a923-0e83bbace6d2
2024-02-07T15:03:47.000000,cart,54300,1006,auto.accessories,nike,40.43,100245,6aea92b0-0a1d-45c3-a923-0e83bbace6d2
2024-02-07T15:03:55.000000,view,70139,1003,appliances.kitchen.refrigerators,lg,1356.88,100728,9a234d5c-d43c-44f7-8ada-8b679b56e33f
2024-02-07T15:04:11.000000,purchase,54300,1006,auto.accessories,nike,40.43,100245,6aea92b0-0a1d-45c3-a923-0e83bbace6d2
2024-02-07T15:05:10.000000,view,55387,1005,apparel.shoes,bosch,190.85,100760,22ebf3f2-c697-4976-8960-9c1d901215c7
2024-02-07T15:05:18.000000,view,70139,1003,appliances.kitchen.refrigerators,lg,1356.88,100728,9a234d5c-d43c-44f7-8ada-8b679b56e33f
2024-02-07T15:06:51.000000,cart,70139,1003,appliances.kitchen.refrigerators,lg,1356.88,100728,9a234d5c-d43c-44f7-8ada-8b679b56e33f
2024-02-07T15:07:22.000000,view,55387,1005,apparel.shoes,bosch,190.85,100760,22ebf3f2-c697-4976-8960-9c1d901215c7
2024-02-07T15:08:38.000000,view,55387,1005,apparel.shoes,bosch,190.85,100760,22ebf3f2-c697-4976-8960-9c1d901215c7
2024-02-07T15:10:27.000000,view,55387,1005,apparel.shoes,bosch,190.85,100760,22ebf3f2-c697-4976-8960-9c1d901215c7
2024-02-07T15:11:39.000000,cart,55387,1005,apparel.shoes,bosch,190.85,100760,22ebf3f2-c697-4976-8960-9c1d901215c7
2024-02-07T16:00:00.000000,view,87350,1005,apparel.shoes,bosch,162.15,100691,26f5ffb3-44e8-4082-8526-b7e71ef60db5
2024-02-07T16:00:00.000000,view,84856,1005,apparel.shoes,lg,157.94,100945,1d5be403-7c60-422c-a7ea-5faba84c4e21
2024-02-07T16:01:39.000000,view,87350,1005,apparel.shoes,bosch,162.15,100691,26f5ffb3-44e8-4082-8526-b7e71ef60db5
2024-02-07T16:01:56.000000,view,84856,1005,apparel.shoes,lg,157.94,100945,1d5be403-7c60-422c-a7ea-5faba84c4e21
2024-02-07T16:03:01.000000,view,87350,1005,apparel.shoes,bosch,162.15,100691,26f5ffb3-44e8-4082-8526-b7e71ef60db5
2024-02-07T16:04:56.000000,view,87350,1005,apparel.shoes,bosch,162.15,100691,26f5ffb3-44e8-4082-8526-b7e71ef60db5
2024-02-07T17:00:00.000000,view,61136,1006,auto.accessories,asus,93.05,100241,68476348-ac8f-4e14-ab65-398352c0a694
2024-02-07T17:00:00.000000,view,79589,1005,apparel.shoes,lg,198.33,100879,a1263784-e0e5-4e63-b8be-aef98391a262
2024-02-07T17:00:32.000000,view,61136,1006,auto.accessories,asus,93.05,100241,68476348-ac8f-4e14-ab65-398352c0a694
2024-02-07T18:04:33.000000,view,63386,1004,computers.notebook,samsung,2014.13,100245,9d7c6b16-ad86-49b9-a652-32ed127c182e
2024-02-07T18:07:55.000000,view,90844,1004,computers.notebook,apple,2982.36,100630,88a9796d-6950-4045-80a5-3e113d96c0aa
2024-02-07T18:09:21.000000,cart,90844,1004,computers.notebook,apple,2982.36,100630,88a9796d-6950-4045-80a5-3e113d96c0aa
2024-02-07T18:18:21.000000,view,87249,1004,computers.notebook,samsung,3314.51,100823,d55087cf-963f-4f7f-8f81-ca4835550553
2024-02-07T19:00:00.000000,view,89207,1006,auto.accessories,samsung,35.39,100705,8257ddb2-0646-4152-bd14-d372bb13b944
2024-02-07T19:08:18.000000,view,95117,1005,apparel.shoes,xiaomi,50.55,100642,0edaa106-3a08-44a7-96ce-77f5e2dffe7d
2024-02-07T19:10:18.000000,view,68121,1002,electronics.audio.headphone,apple,110.66,100554,4afa5b55-bb3e-44af-9af3-55976412606c
2024-02-07T19:10:23.000000,view,95117,1005,apparel.shoes,xiaomi,50.55,100642,0edaa106-3a08-44a7-96ce-77f5e2dffe7d
2024-02-07T19:12:54.000000,cart,95117,1005,apparel.shoes,xiaomi,50.55,100642,0edaa106-3a08-44a7-96ce-77f5e2dffe7d
2024-02-07T20:09:12.000000,view,56979,1004,computers.notebook,nike,1818.49,100962,dd1c623e-c946-4600-8d20-f92d2ca0db88
2024-02-07T22:01:35.000000,view,51992,1005,apparel.shoes,samsung,197.3,100853,a4be8635-3861-4e87-9615-3a140bb77dad
2024-02-07T22:02:02.000000,view,51992,1005,apparel.shoes,samsung,197.3,100853,a4be8635-3861-4e87-9615-3a140bb77dad
2024-02-07T22:03:06.000000,view,51992,1005,apparel.shoes,samsung,197.3,100853,a4be8635-3861-4e87-9615-3a140bb77dad
2024-02-07T22:05:18.000000,view,90072,1005,apparel.shoes,bosch,49.99,100716,370d716d-4b03-414e-80ff-72b94d2fcb4c
2024-02-07T22:07:09.000000,view,90072,1005,apparel.shoes,bosch,49.99,100716,370d716d-4b03-414e-80ff-72b94d2fcb4c
2024-02-07T22:09:35.000000,view,90072,1005,apparel.shoes,bosch,49.99,100716,370d716d-4b03-414e-80ff-72b94d2fcb4c
2024-02-07T22:11:35.000000,view,90072,1005,apparel.shoes,bosch,49.99,100716,370d716d-4b03-414e-80ff-72b94d2fcb4c
2024-02-07T23:03:57.000000,view,51174,1005,apparel.shoes,samsung,148.28,100139,95ae3609-9a66-4abe-8ab0-bf349a27f0b5
2024-02-07T23:05:04.000000,view,51174,1005,apparel.shoes,samsung,148.28,100139,95ae3609-9a66-4abe-8ab0-bf349a27f0b5
2024-02-07T23:06:42.000000,cart,51174,1005,apparel.shoes,samsung,148.28,100139,95ae3609-9a66-4abe-8ab0-bf349a27f0b5
2024-02-07T23:07:10.000000,purchase,51174,1005,apparel.shoes,samsung,148.28,100139,95ae3609-9a66-4abe-8ab0-bf349a27f0b5
2024-02-08T00:02:16.000000,view,84127,1004,computers.notebook,nike,1156.51,100935,36bf1724-eabd-48ca-a122-8f7e543213f2
2024-02-08T00:04:48.000000,view,84127,1004,computers.notebook,nike,1156.51,100935,36bf1724-eabd-48ca-a122-8f7e543213f2
2024-02-08T00:07:03.000000,view,50104,1005,apparel.shoes,bosch,137.69,100434,68206c04-d440-48f0-80eb-0298bf391afe
2024-02-08T00:07:32.000000,view,50104,1005,apparel.shoes,bosch,137.69,100434,68206c04-d440-48f0-80eb-0298bf391afe
2024-02-08T00:07:34.000000,view,84127,1004,computers.notebook,nike,1156.51,100935,36bf1724-eabd-48ca-a122-8f7e543213f2
2024-02-08T00:07:52.000000,view,84127,1004,computers.notebook,nike,1156.51,100935,36bf1724-eabd-48ca-a122-8f7e543213f2
2024-02-08T00:10:27.000000,view,50104,1005,apparel.shoes,bosch,137.69,100434,68206c04-d440-48f0-80eb-0298bf391afe
2024-02-08T00:11:35.000000,view,50104,1005,apparel.shoes,bosch,137.69,100434,68206c04-d440-48f0-80eb-0298bf391afe
2024-02-08T01:11:12.000000,view,55376,1005,apparel.shoes,lg,52.93,100962,b930b697-373c-4599-ba46-bb76ec514263
2024-02-08T01:13:36.000000,view,55376,1005,apparel.shoes,lg,52.93,100962,b930b697-373c-4599-ba46-bb76ec514263
2024-02-08T02:02:10.000000,view,88932,1005,apparel.shoes,asus,196.28,100714,a2d76b1d-538f-4606-afd1-1289a99e4aed
2024-02-08T02:04:47.000000,view,88932,1005,apparel.shoes,asus,196.28,100714,a2d76b1d-538f-4606-afd1-1289a99e4aed
2024-02-08T02:07:11.000000,view,88932,1005,apparel.shoes,asus,196.28,100714,a2d76b1d-538f-4606-afd1-1289a99e4aed
2024-02-08T02:16:21.000000,view,88985,1006,auto.accessories,bosch,46.16,100668,8013a0b3-a3e5-4573-a0cd-159fe626ff28
2024-02-08T02:18:27.000000,view,88985,1006,auto.accessories,bosch,46.16,100668,8013a0b3-a3e5-4573-a0cd-159fe626ff28
2024-02-08T02:20:34.000000,view,88985,1006,auto.accessories,bosch,46.16,100668,8013a0b3-a3e5-4573-a0cd-159fe626ff28
2024-02-08T02:22:15.000000,view,88985,1006,auto.accessories,bosch,46.16,100668,8013a0b3-a3e5-4573-a0cd-159fe626ff28
2024-02-08T03:05:37.000000,view,90039,1004,computers.notebook,samsung,2993.74,100564,f8fd18a2-b810-4bbe-8695-7682553af669
2024-02-08T03:06:58.000000,view,90039,1004,computers.notebook,samsung,2993.74,100564,f8fd18a2-b810-4bbe-8695-7682553af669
2024-02-08T03:08:28.000000,view,90039,1004,computers.notebook,samsung,2993.74,100564,f8fd18a2-b810-4bbe-8695-7682553af669
2024-02-08T03:09:29.000000,view,88813,1003,appliances.kitchen.refrigerators,xiaomi,2283.61,100920,ac9e08a9-4de5-48de-8ee9-47f50f2e24e3
2024-02-08T03:09:44.000000,view,90039,1004,computers.notebook,samsung,2993.74,100564,f8fd18a2-b810-4bbe-8695-7682553af669
2024-02-08T03:10:11.000000,view,88813,1003,appliances.kitchen.refrigerators,xiaomi,2283.61,100920,ac9e08a9-4de5-48de-8ee9-47f50f2e24e3
2024-02-08T03:11:35.000000,view,88813,1003,appliances.kitchen.refrigerators,xiaomi,2283.61,100920,ac9e08a9-4de5-48de-8ee9-47f50f2e24e3
2024-02-08T03:11:45.000000,view,88813,1003,appliances.kitchen.refrigerators,xiaomi,2283.61,100920,ac9e08a9-4de5-48de-8ee9-47f50f2e24e3
2024-02-08T03:12:29.000000,cart,90039,1004,computers.notebook,samsung,2993.74,100564,f8fd18a2-b810-4bbe-8695-7682553af669
2024-02-08T04:17:07.000000,view,71454,1002,electronics.audio.headphone,apple,80.04,100822,349672df-5706-4a27-9bcc-d73be95d8728
2024-02-08T04:19:50.000000,view,71454,1002,electronics.audio.headphone,apple,80.04,100822,349672df-5706-4a27-9bcc-d73be95d8728
2024-02-08T04:20:21.000000,cart,71454,1002,electronics.audio.headphone,apple,80.04,100822,349672df-5706-4a27-9bcc-d73be95d8728
2024-02-08T04:20:52.000000,purchase,71454,1002,electronics.audio.headphone,apple,80.04,100822,349672df-5706-4a27-9bcc-d73be95d8728
2024-02-08T05:04:24.000000,view,89806,1006,auto.accessories,apple,79.21,100853,76274a71-ad4d-44fe-b600-08a9413cbc34
2024-02-08T05:07:01.000000,view,89806,1006,auto.accessories,apple,79.21,100853,76274a71-ad4d-44fe-b600-08a9413cbc34
2024-02-08T05:09:15.000000,view,89806,1006,auto.accessories,apple,79.21,100853,76274a71-ad4d-44fe-b600-08a9413cbc34
2024-02-08T05:09:59.000000,view,89806,1006,auto.accessories,apple,79.21,100853,76274a71-ad4d-44fe-b600-08a9413cbc34
2024-02-08T05:11:18.000000,cart,89806,1006,auto.accessories,apple,79.21,100853,76274a71-ad4d-44fe-b600-08a9413cbc34
2024-02-08T05:12:20.000000,view,72255,1004,computers.notebook,apple,1590.61,100434,7c1ed269-4f14-4720-8865-f8bdbc046aa0
2024-02-08T05:14:18.000000,view,72255,1004,computers.notebook,apple,1590.61,100434,7c1ed269-4f14-4720-8865-f8bdbc046aa0
2024-02-08T05:15:06.000000,cart,72255,1004,computers.notebook,apple,1590.61,100434,7c1ed269-4f14-4720-8865-f8bdbc046aa0
2024-02-08T06:09:24.000000,view,60635,1001,electronics.smartphone,apple,303.1,100552,beb639a3-d039-4f36-8d8f-6e6fd67ef39c
2024-02-08T06:11:47.000000,view,60635,1001,electronics.smartphone,apple,303.1,100552,beb639a3-d039-4f36-8d8f-6e6fd67ef39c
2024-02-08T06:14:13.000000,cart,60635,1001,electronics.smartphone,apple,303.1,100552,beb639a3-d039-4f36-8d8f-6e6fd67ef39c
2024-02-08T06:20:58.000000,view,53255,1003,appliances.kitchen.refrigerators,xiaomi,1735.22,100822,4a467c24-2035-4a22-ae09-62ad38eac0b1
2024-02-08T06:22:50.000000,view,53255,1003,appliances.kitchen.refrigerators,xiaomi,1735.22,100822,4a467c24-2035-4a22-ae09-62ad38eac0b1
2024-02-08T06:23:37.000000,view,53255,1003,appliances.kitchen.refrigerators,xiaomi,1735.22,100822,4a467c24-2035-4a22-ae09-62ad38eac0b1
2024-02-08T06:26:24.000000,view,53255,1003,appliances.kitchen.refrigerators,xiaomi,1735.22,100822,4a467c24-2035-4a22-ae09-62ad38eac0b1
2024-02-08T08:00:00.000000,view,55700,1003,appliances.kitchen.refrigerators,bosch,1265.95,100107,9446f003-01c1-4cf5-8226-6c31b68bf747
2024-02-08T08:01:10.000000,cart,55700,1003,appliances.kitchen.refrigerators,bosch,1265.95,100107,9446f003-01c1-4cf5-8226-6c31b68bf747
2024-02-08T09:00:00.000000,view,77274,1001,electronics.smartphone,asus,786.63,100028,4bbcc41e-61ca-4da1-9d6b-dfd94f4975f5
2024-02-08T09:00:00.000000,view,64732,1006,auto.accessories,bosch,148.22,100644,44b8de84-7f75-4b90-bd3f-5152de273fc6
2024-02-08T09:00:00.000000,view,75975,1005,apparel.shoes,asus,117.51,100721,86e19891-8513-424f-a16f-823292f34afa
2024-02-08T09:02:23.000000,view,77274,1001,electronics.smartphone,asus,786.63,100028,4bbcc41e-61ca-4da1-9d6b-dfd94f4975f5
2024-02-08T11:00:00.000000,view,93692,1001,electronics.smartphone,bosch,378.68,100178,0b62aed6-213c-4e7b-872d-4428c6848e02
2024-02-08T11:00:00.000000,view,82127,1006,auto.accessories,lg,122.56,100413,8fae80c1-fe3f-434b-a445-102d8eac6256
2024-02-08T11:00:00.000000,view,60915,1002,electronics.audio.headphone,samsung,114.4,100611,487a6490-1fa9-4601-9ad0-d60b16490371
2024-02-08T11:01:12.000000,view,60915,1002,electronics.audio.headphone,samsung,114.4,100611,487a6490-1fa9-4601-9ad0-d60b16490371
2024-02-08T11:02:43.000000,view,82127,1006,auto.accessories,lg,122.56,100413,8fae80c1-fe3f-434b-a445-102d8eac6256
2024-02-08T11:03:49.000000,view,60915,1002,electronics.audio.headphone,samsung,114.4,100611,487a6490-1fa9-4601-9ad0-d60b16490371
2024-02-08T11:04:24.000000,view,82127,1006,auto.accessories,lg,122.56,100413,8fae80c1-fe3f-434b-a445-102d8eac6256
2024-02-08T11:06:17.000000,cart,60915,1002,electronics.audio.headphone,samsung,114.4,100611,487a6490-1fa9-4601-9ad0-d60b16490371
2024-02-08T11:06:53.000000,view,82127,1006,auto.accessories,lg,122.56,100413,8fae80c1-fe3f-434b-a445-102d8eac6256
2024-02-08T11:09:06.000000,cart,82127,1006,auto.accessories,lg,122.56,100413,8fae80c1-fe3f-434b-a445-102d8eac6256
2024-02-08T11:09:49.000000,purchase,82127,1006,auto.accessories,lg,122.56,100413,8fae80c1-fe3f-434b-a445-102d8eac6256
2024-02-08T11:11:52.000000,view,67714,1004,computers.notebook,asus,2032.54,100853,4165a2b6-4426-419b-b13d-76a70c2437e7
2024-02-08T11:13:23.000000,view,67714,1004,computers.notebook,asus,2032.54,100853,4165a2b6-4426-419b-b13d-76a70c2437e7
2024-02-08T11:13:43.000000,view,67714,1004,computers.notebook,asus,2032.54,100853,4165a2b6-4426-419b-b13d-76a70c2437e7
2024-02-08T11:15:51.000000,cart,67714,1004,computers.notebook,asus,2032.54,100853,4165a2b6-4426-419b-b13d-76a70c2437e7
2024-02-08T12:00:00.000000,view,61477,1005,apparel.shoes,nike,140.16,100088,23d0982a-4794-4250-925e-2a22d24fe60f
2024-02-08T12:00:00.000000,view,63324,1002,electronics.audio.headphone,bosch,145.05,100432,8df7fe3b-69a3-471d-9606-dc8df730ef1d
2024-02-08T12:00:00.000000,view,69252,1001,electronics.smartphone,xiaomi,178.25,100867,a2c9d8a0-aa59-4613-8f89-2d78a0c28ad3
2024-02-08T12:00:00.000000,view,71646,1002,electronics.audio.headphone,xiaomi,224.25,100927,a6136d3d-34ca-4557-8a40-3e83d1b679ec
2024-02-08T12:00:49.000000,view,63324,1002,electronics.audio.headphone,bosch,145.05,100432,8df7fe3b-69a3-471d-9606-dc8df730ef1d
2024-02-08T12:01:04.000000,view,69252,1001,electronics.smartphone,xiaomi,178.25,100867,a2c9d8a0-aa59-4613-8f89-2d78a0c28ad3
2024-02-08T12:01:47.000000,view,71646,1002,electronics.audio.headphone,xiaomi,224.25,100927,a6136d3d-34ca-4557-8a40-3e83d1b679ec
2024-02-08T12:02:32.000000,view,61477,1005,apparel.shoes,nike,140.16,100088,23d0982a-4794-4250-925e-2a22d24fe60f
2024-02-08T12:04:44.000000,view,71646,1002,electronics.audio.headphone,xiaomi,224.25,100927,a6136d3d-34ca-4557-8a40-3e83d1b679ec
2024-02-08T12:04:48.000000,view,61477,1005,apparel.shoes,nike,140.16,100088,23d0982a-4794-4250-925e-2a22d24fe60f
2024-02-08T12:05:10.000000,view,61477,1005,apparel.shoes,nike,140.16,100088,23d0982a-4794-4250-925e-2a22d24fe60f
2024-02-08T13:00:00.000000,view,89682,1003,appliances.kitchen.refrigerators,lg,1339.74,100941,e976cbea-5320-41c2-828f-41564c3e720d
2024-02-08T13:01:38.000000,view,89682,1003,appliances.kitchen.refrigerators,lg,1339.74,100941,e976cbea-5320-41c2-828f-41564c3e720d
2024-02-08T13:03:14.000000,view,89682,1003,appliances.kitchen.refrigerators,lg,1339.74,100941,e976cbea-5320-41c2-828f-41564c3e720d
2024-02-08T13:05:03.000000,view,89682,1003,appliances.kitchen.refrigerators,lg,1339.74,100941,e976cbea-5320-41c2-828f-41564c3e720d
2024-02-08T14:00:00.000000,view,66833,1002,electronics.audio.headphone,nike,223.44,100442,d8ff3dc8-9795-48e0-a128-089ab98d4db3
2024-02-08T14:00:00.000000,view,94837,1005,apparel.shoes,apple,179.79,100490,b7e65b7a-f53f-4008-99b7-018b71b6e96a
2024-02-08T14:02:20.000000,view,94837,1005,apparel.shoes,apple,179.79,100490,b7e65b7a-f53f-4008-99b7-018b71b6e96a
2024-02-08T15:00:00.000000,view,75055,1005,apparel.shoes,samsung,176.35,100798,491d2f5a-4c81-46a5-8845-a8c96e2b02a8
2024-02-08T15:11:55.000000,view,81470,1001,electronics.smartphone,xiaomi,819.63,100402,c3e690a1-65a0-4ead-b002-580e8162cbe4
2024-02-08T15:13:49.000000,view,81470,1001,electronics.smartphone,xiaomi,819.63,100402,c3e690a1-65a0-4ead-b002-580e8162cbe4
2024-02-08T16:00:00.000000,view,53077,1003,appliances.kitchen.refrigerators,samsung,945.3,100638,f3281803-b1b3-4f7e-87ec-80e89e381083
2024-02-08T16:00:00.000000,view,58228,1003,appliances.kitchen.refrigerators,samsung,817.65,100767,c6b325cc-87e0-4481-ad79-d152bb752c3b
2024-02-08T16:01:03.000000,view,58228,1003,appliances.kitchen.refrigerators,samsung,817.65,100767,c6b325cc-87e0-4481-ad79-d152bb752c3b
2024-02-08T16:01:46.000000,view,53077,1003,appliances.kitchen.refrigerators,samsung,945.3,100638,f3281803-b1b3-4f7e-87ec-80e89e381083
2024-02-08T16:02:31.000000,view,58228,1003,appliances.kitchen.refrigerators,samsung,817.65,100767,c6b325cc-87e0-4481-ad79-d152bb752c3b
2024-02-08T16:02:54.000000,cart,58228,1003,appliances.kitchen.refrigerators,samsung,817.65,100767,c6b325cc-87e0-4481-ad79-d152bb752c3b
2024-02-08T16:03:06.000000,view,53077,1003,appliances.kitchen.refrigerators,samsung,945.3,100638,f3281803-b1b3-4f7e-87ec-80e89e381083
2024-02-08T16:05:38.000000,view,53077,1003,appliances.kitchen.refrigerators,samsung,945.3,100638,f3281803-b1b3-4f7e-87ec-80e89e381083
2024-02-08T17:05:38.000000,view,62624,1006,auto.accessories,apple,52.07,100420,5192a3a1-299f-4eb6-852c-ce699006ae5e
2024-02-08T17:07:34.000000,view,64760,1002,electronics.audio.headphone,asus,110.95,100728,d9f55558-b27c-4f2e-94cf-dc1cd55b1569
2024-02-08T17:08:04.000000,view,64760,1002,electronics.audio.headphone,asus,110.95,100728,d9f55558-b27c-4f2e-94cf-dc1cd55b1569
2024-02-08T17:08:17.000000,view,62624,1006,auto.accessories,apple,52.07,100420,5192a3a1-299f-4eb6-852c-ce699006ae5e
2024-02-08T17:08:49.000000,view,64760,1002,electronics.audio.headphone,asus,110.95,100728,d9f55558-b27c-4f2e-94cf-dc1cd55b1569
2024-02-08T17:09:45.000000,view,62624,1006,auto.accessories,apple,52.07,100420,5192a3a1-299f-4eb6-852c-ce699006ae5e
2024-02-08T17:10:12.000000,view,64760,1002,electronics.audio.headphone,asus,110.95,100728,d9f55558-b27c-4f2e-94cf-dc1cd55b1569
2024-02-08T17:11:29.000000,view,62624,1006,auto.accessories,apple,52.07,100420,5192a3a1-299f-4eb6-852c-ce699006ae5e
2024-02-08T18:00:00.000000,view,61472,1002,electronics.audio.headphone,samsung,107.52,100863,b1b9b31d-e24c-4e0d-be12-166e0f234d40
2024-02-08T18:01:45.000000,view,61472,1002,electronics.audio.headphone,samsung,107.52,100863,b1b9b31d-e24c-4e0d-be12-166e0f234d40
2024-02-08T18:02:12.000000,view,61472,1002,electronics.audio.headphone,samsung,107.52,100863,b1b9b31d-e24c-4e0d-be12-166e0f234d40
2024-02-08T18:04:42.000000,view,61472,1002,electronics.audio.headphone,samsung,107.52,100863,b1b9b31d-e24c-4e0d-be12-166e0f234d40
2024-02-08T19:02:04.000000,view,90541,1005,apparel.shoes,xiaomi,115.11,100644,0a6a2511-d5bb-428c-9d03-ca8ef27c3cae
2024-02-08T20:02:43.000000,view,59482,1001,electronics.smartphone,xiaomi,1186.9,100041,ce5b1a72-c39b-4f53-a1c2-66633b2fa125
2024-02-08T20:03:37.000000,view,59482,1001,electronics.smartphone,xiaomi,1186.9,100041,ce5b1a72-c39b-4f53-a1c2-66633b2fa125
2024-02-08T20:04:15.000000,view,59482,1001,electronics.smartphone,xiaomi,1186.9,100041,ce5b1a72-c39b-4f53-a1c2-66633b2fa125
2024-02-08T20:35:09.000000,view,71290,1001,electronics.smartphone,lg,327.46,100923,a293a0c3-8fc8-408a-81a2-ce7e3aefb900
2024-02-08T20:37:17.000000,cart,71290,1001,electronics.smartphone,lg,327.46,100923,a293a0c3-8fc8-408a-81a2-ce7e3aefb900
2024-02-08T20:38:46.000000,purchase,71290,1001,electronics.smartphone,lg,327.46,100923,a293a0c3-8fc8-408a-81a2-ce7e3aefb900
2024-02-08T22:07:54.000000,view,69146,1003,appliances.kitchen.refrigerators,bosch,1939.72,100691,68298ede-9283-4e0c-8590-091c22e1296a
2024-02-08T22:09:09.000000,view,69146,1003,appliances.kitchen.refrigerators,bosch,1939.72,100691,68298ede-9283-4e0c-8590-091c22e1296a
2024-02-08T22:09:37.000000,view,69146,1003,appliances.kitchen.refrigerators,bosch,1939.72,100691,68298ede-9283-4e0c-8590-091c22e1296a
2024-02-08T23:05:50.000000,view,88643,1005,apparel.shoes,lg,171.82,100869,86a82ddb-3267-43e0-a310-4f398c45b4aa
2024-02-08T23:06:16.000000,view,88643,1005,apparel.shoes,lg,171.82,100869,86a82ddb-3267-43e0-a310-4f398c45b4aa
2024-02-08T23:11:36.000000,view,54378,1005,apparel.shoes,asus,49.48,100469,d339f6db-eb55-4c54-9c7a-ed606e884a20
2024-02-08T23:12:21.000000,view,54378,1005,apparel.shoes,asus,49.48,100469,d339f6db-eb55-4c54-9c7a-ed606e884a20
2024-02-08T23:13:07.000000,view,54378,1005,apparel.shoes,asus,49.48,100469,d339f6db-eb55-4c54-9c7a-ed606e884a20
2024-02-08T23:15:20.000000,view,54378,1005,apparel.shoes,asus,49.48,100469,d339f6db-eb55-4c54-9c7a-ed606e884a20
2024-02-09T00:07:00.000000,view,68704,1005,apparel.shoes,xiaomi,79.02,100869,9922cb73-332f-488c-8337-f51a14cb3e87
2024-02-09T00:09:56.000000,view,68704,1005,apparel.shoes,xiaomi,79.02,100869,9922cb73-332f-488c-8337-f51a14cb3e87
2024-02-09T00:11:57.000000,view,68704,1005,apparel.shoes,xiaomi,79.02,100869,9922cb73-332f-488c-8337-f51a14cb3e87
2024-02-09T00:13:55.000000,view,68704,1005,apparel.shoes,xiaomi,79.02,100869,9922cb73-332f-488c-8337-f51a14cb3e87
2024-02-09T02:07:14.000000,view,71218,1002,electronics.audio.headphone,asus,29.34,100041,3820aaac-5657-42ea-a501-9bc146aa662e
2024-02-09T02:07:37.000000,view,71218,1002,electronics.audio.headphone,asus,29.34,100041,3820aaac-5657-42ea-a501-9bc146aa662e
2024-02-09T02:08:19.000000,view,71218,1002,electronics.audio.headphone,asus,29.34,100041,3820aaac-5657-42ea-a501-9bc146aa662e
2024-02-09T03:24:50.000000,view,85995,1003,appliances.kitchen.refrigerators,apple,2070.09,100587,ff98bf5a-c186-43b4-8add-a7a8ea7a1153
2024-02-09T03:26:43.000000,view,85995,1003,appliances.kitchen.refrigerators,apple,2070.09,100587,ff98bf5a-c186-43b4-8add-a7a8ea7a1153
2024-02-09T05:15:56.000000,view,96155,1002,electronics.audio.headphone,apple,48.37,100733,67294c03-cfca-4c5d-9e28-1319f401de90
2024-02-09T05:18:55.000000,view,96155,1002,electronics.audio.headphone,apple,48.37,100733,67294c03-cfca-4c5d-9e28-1319f401de90
2024-02-09T05:20:37.000000,view,98279,1002,electronics.audio.headphone,apple,242.95,100621,52f46e49-3e94-467b-adb3-cd66783552bd
2024-02-09T05:21:12.000000,view,98279,1002,electronics.audio.headphone,apple,242.95,100621,52f46e49-3e94-467b-adb3-cd66783552bd
2024-02-09T05:21:18.000000,view,96155,1002,electronics.audio.headphone,apple,48.37,100733,67294c03-cfca-4c5d-9e28-1319f401de90
2024-02-09T05:22:42.000000,view,96155,1002,electronics.audio.headphone,apple,48.37,100733,67294c03-cfca-4c5d-9e28-1319f401de90
2024-02-09T05:23:17.000000,cart,98279,1002,electronics.audio.headphone,apple,242.95,100621,52f46e49-3e94-467b-adb3-cd66783552bd
2024-02-09T05:24:05.000000,cart,96155,1002,electronics.audio.headphone,apple,48.37,100733,67294c03-cfca-4c5d-9e28-1319f401de90
2024-02-09T05:24:57.000000,purchase,96155,1002,electronics.audio.headphone,apple,48.37,100733,67294c03-cfca-4c5d-9e28-1319f401de90
2024-02-09T06:08:56.000000,view,88957,1001,electronics.smartphone,samsung,482.02,100935,184a1b7b-00f3-452f-9862-6e8bcaa1f662
2024-02-09T06:11:01.000000,view,88957,1001,electronics.smartphone,samsung,482.02,100935,184a1b7b-00f3-452f-9862-6e8bcaa1f662
2024-02-09T06:12:52.000000,view,88957,1001,electronics.smartphone,samsung,482.02,100935,184a1b7b-00f3-452f-9862-6e8bcaa1f662
2024-02-09T06:13:14.000000,view,88957,1001,electronics.smartphone,samsung,482.02,100935,184a1b7b-00f3-452f-9862-6e8bcaa1f662
2024-02-09T06:41:47.000000,view,57141,1002,electronics.audio.headphone,nike,126.3,100574,cfe674dc-61b1-4f6f-b593-012b12687829
2024-02-09T06:43:07.000000,view,57141,1002,electronics.audio.headphone,nike,126.3,100574,cfe674dc-61b1-4f6f-b593-012b12687829
2024-02-09T07:14:24.000000,view,97109,1005,apparel.shoes,bosch,166.19,100935,ae4f5518-4844-424d-922a-54665bfb4935
2024-02-09T07:16:18.000000,view,97109,1005,apparel.shoes,bosch,166.19,100935,ae4f5518-4844-424d-922a-54665bfb4935
2024-02-09T07:18:25.000000,view,97109,1005,apparel.shoes,bosch,166.19,100935,ae4f5518-4844-424d-922a-54665bfb4935
2024-02-09T07:20:04.000000,cart,97109,1005,apparel.shoes,bosch,166.19,100935,ae4f5518-4844-424d-922a-54665bfb4935
2024-02-09T09:00:00.000000,view,81455,1001,electronics.smartphone,apple,603.55,100300,6648676b-0225-4869-aecd-5262f3b32cea
2024-02-09T09:00:00.000000,view,67518,1004,computers.notebook,nike,3479.63,100854,a836102e-a5ac-43ba-9e5e-7d9d840e9675
2024-02-09T09:01:01.000000,view,67518,1004,computers.notebook,nike,3479.63,100854,a836102e-a5ac-43ba-9e5e-7d9d840e9675
2024-02-09T12:00:00.000000,view,50401,1003,appliances.kitchen.refrigerators,bosch,550.44,100211,7ba28e71-b28b-4756-bf74-9965755b2ab2
2024-02-09T12:00:00.000000,view,88673,1006,auto.accessories,samsung,85.0,100487,8252c562-928c-4262-b3fb-d3a2e1967878
2024-02-09T12:01:37.000000,view,50401,1003,appliances.kitchen.refrigerators,bosch,550.44,100211,7ba28e71-b28b-4756-bf74-9965755b2ab2
2024-02-09T12:02:17.000000,cart,88673,1006,auto.accessories,samsung,85.0,100487,8252c562-928c-4262-b3fb-d3a2e1967878
2024-02-09T12:03:28.000000,view,50401,1003,appliances.kitchen.refrigerators,bosch,550.44,100211,7ba28e71-b28b-4756-bf74-9965755b2ab2
2024-02-09T13:00:00.000000,view,56859,1005,apparel.shoes,samsung,195.5,100862,5f273e6a-3e55-4a7a-8b37-faff94ba5aa2
2024-02-09T13:00:26.000000,view,56859,1005,apparel.shoes,samsung,195.5,100862,5f273e6a-3e55-4a7a-8b37-faff94ba5aa2
2024-02-09T13:01:54.000000,view,56859,1005,apparel.shoes,samsung,195.5,100862,5f273e6a-3e55-4a7a-8b37-faff94ba5aa2
2024-02-09T13:07:34.000000,view,81170,1003,appliances.kitchen.refrigerators,asus,1403.01,100054,a8b6563c-6421-43a8-900d-2739051dadf9
2024-02-09T13:07:43.000000,view,92244,1004,computers.notebook,nike,1835.39,100611,d8b3ae55-97d2-4c90-9b1e-a593973bc9b4
2024-02-09T13:08:49.000000,view,92244,1004,computers.notebook,nike,1835.39,100611,d8b3ae55-97d2-4c90-9b1e-a593973bc9b4
2024-02-09T13:09:39.000000,cart,81170,1003,appliances.kitchen.refrigerators,asus,1403.01,100054,a8b6563c-6421-43a8-900d-2739051dadf9
2024-02-09T13:09:40.000000,view,92244,1004,computers.notebook,nike,1835.39,100611,d8b3ae55-97d2-4c90-9b1e-a593973bc9b4
2024-02-09T13:11:30.000000,view,92244,1004,computers.notebook,nike,1835.39,100611,d8b3ae55-97d2-4c90-9b1e-a593973bc9b4
2024-02-09T13:12:54.000000,cart,92244,1004,computers.notebook,nike,1835.39,100611,d8b3ae55-97d2-4c90-9b1e-a593973bc9b4
2024-02-09T13:16:18.000000,view,88776,1001,electronics.smartphone,lg,254.67,100881,a9aee295-84da-469c-8cc0-590eea7ab38b
2024-02-09T13:16:43.000000,view,88776,1001,electronics.smartphone,lg,254.67,100881,a9aee295-84da-469c-8cc0-590eea7ab38b
2024-02-09T13:17:13.000000,view,88776,1001,electronics.smartphone,lg,254.67,100881,a9aee295-84da-469c-8cc0-590eea7ab38b
2024-02-09T13:18:45.000000,view,88776,1001,electronics.smartphone,lg,254.67,100881,a9aee295-84da-469c-8cc0-590eea7ab38b
2024-02-09T13:20:58.000000,cart,88776,1001,electronics.smartphone,lg,254.67,100881,a9aee295-84da-469c-8cc0-590eea7ab38b
2024-02-09T14:00:00.000000,view,67076,1003,appliances.kitchen.refrigerators,xiaomi,1588.26,100137,9b005465-f7e0-47ec-86ea-2faae64c68ed
2024-02-09T14:00:40.000000,view,67076,1003,appliances.kitchen.refrigerators,xiaomi,1588.26,100137,9b005465-f7e0-47ec-86ea-2faae64c68ed
2024-02-09T14:02:50.000000,view,67076,1003,appliances.kitchen.refrigerators,xiaomi,1588.26,100137,9b005465-f7e0-47ec-86ea-2faae64c68ed
2024-02-09T14:03:13.000000,view,67076,1003,appliances.kitchen.refrigerators,xiaomi,1588.26,100137,9b005465-f7e0-47ec-86ea-2faae64c68ed
2024-02-09T14:03:47.000000,view,54234,1004,computers.notebook,xiaomi,2879.33,100386,22239d92-2780-4c60-9d2e-a86cf38eef39
2024-02-09T14:05:53.000000,cart,54234,1004,computers.notebook,xiaomi,2879.33,100386,22239d92-2780-4c60-9d2e-a86cf38eef39
2024-02-09T14:11:47.000000,view,51889,1001,electronics.smartphone,xiaomi,793.57,100425,0958a7e5-3cbd-4704-92d6-e0bdbff9ec54
2024-02-09T14:12:42.000000,view,51889,1001,electronics.smartphone,xiaomi,793.57,100425,0958a7e5-3cbd-4704-92d6-e0bdbff9ec54
2024-02-09T14:13:25.000000,cart,51889,1001,electronics.smartphone,xiaomi,793.57,100425,0958a7e5-3cbd-4704-92d6-e0bdbff9ec54
2024-02-09T14:13:55.000000,purchase,51889,1001,electronics.smartphone,xiaomi,793.57,100425,0958a7e5-3cbd-4704-92d6-e0bdbff9ec54
2024-02-09T15:00:00.000000,view,61230,1003,appliances.kitchen.refrigerators,nike,2370.56,100308,726aa98b-7e02-4d43-85d8-ef9d556ba093
2024-02-09T15:00:26.000000,view,61230,1003,appliances.kitchen.refrigerators,nike,2370.56,100308,726aa98b-7e02-4d43-85d8-ef9d556ba093
2024-02-09T15:01:06.000000,view,61230,1003,appliances.kitchen.refrigerators,nike,2370.56,100308,726aa98b-7e02-4d43-85d8-ef9d556ba093
2024-02-09T15:01:52.000000,view,61230,1003,appliances.kitchen.refrigerators,nike,2370.56,100308,726aa98b-7e02-4d43-85d8-ef9d556ba093
2024-02-09T15:06:03.000000,view,72147,1002,electronics.audio.headphone,xiaomi,278.63,100211,f9da2513-8638-46bd-b21d-411cb586bb41
2024-02-09T15:08:14.000000,view,72147,1002,electronics.audio.headphone,xiaomi,278.63,100211,f9da2513-8638-46bd-b21d-411cb586bb41
2024-02-09T15:08:33.000000,view,72147,1002,electronics.audio.headphone,xiaomi,278.63,100211,f9da2513-8638-46bd-b21d-411cb586bb41
2024-02-09T15:11:28.000000,view,72147,1002,electronics.audio.headphone,xiaomi,278.63,100211,f9da2513-8638-46bd-b21d-411cb586bb41
2024-02-09T16:00:00.000000,view,69420,1004,computers.notebook,apple,1791.62,100840,11f6c9f2-1657-4a4a-9f1a-50472e6d3d85
2024-02-09T16:01:57.000000,view,69420,1004,computers.notebook,apple,1791.62,100840,11f6c9f2-1657-4a4a-9f1a-50472e6d3d85
2024-02-09T16:03:50.000000,cart,69420,1004,computers.notebook,apple,1791.62,100840,11f6c9f2-1657-4a4a-9f1a-50472e6d3d85
2024-02-09T16:04:30.000000,purchase,69420,1004,computers.notebook,apple,1791.62,100840,11f6c9f2-1657-4a4a-9f1a-50472e6d3d85
2024-02-09T17:00:00.000000,view,96859,1004,computers.notebook,lg,1014.82,100023,f564726b-0b41-457c-b898-46b8001dc357
2024-02-09T17:00:00.000000,view,84665,1004,computers.notebook,apple,1481.59,100342,21a20614-2d6f-4173-8fe0-36967a7573c6
2024-02-09T17:00:36.000000,view,96859,1004,computers.notebook,lg,1014.82,100023,f564726b-0b41-457c-b898-46b8001dc357
2024-02-09T17:02:31.000000,view,84665,1004,computers.notebook,apple,1481.59,100342,21a20614-2d6f-4173-8fe0-36967a7573c6
2024-02-09T17:03:50.000000,view,84665,1004,computers.notebook,apple,1481.59,100342,21a20614-2d6f-4173-8fe0-36967a7573c6
2024-02-09T17:06:35.000000,cart,84665,1004,computers.notebook,apple,1481.59,100342,21a20614-2d6f-4173-8fe0-36967a7573c6
2024-02-09T17:06:56.000000,purchase,84665,1004,computers.notebook,apple,1481.59,100342,21a20614-2d6f-4173-8fe0-36967a7573c6
2024-02-09T17:08:25.000000,view,78560,1003,appliances.kitchen.refrigerators,bosch,876.69,100638,6cb0c201-6e8a-413c-96a5-944d3287c700
2024-02-09T17:09:54.000000,cart,78560,1003,appliances.kitchen.refrigerators,bosch,876.69,100638,6cb0c201-6e8a-413c-96a5-944d3287c700
2024-02-09T17:10:55.000000,purchase,78560,1003,appliances.kitchen.refrigerators,bosch,876.69,100638,6cb0c201-6e8a-413c-96a5-944d3287c700
2024-02-09T18:00:00.000000,view,86301,1004,computers.notebook,samsung,1662.57,100263,f6b59b54-412a-417d-9c90-8ac03d337449
2024-02-09T18:00:58.000000,view,86301,1004,computers.notebook,samsung,1662.57,100263,f6b59b54-412a-417d-9c90-8ac03d337449
2024-02-09T18:01:25.000000,view,86301,1004,computers.notebook,samsung,1662.57,100263,f6b59b54-412a-417d-9c90-8ac03d337449
2024-02-09T18:03:36.000000,view,86301,1004,computers.notebook,samsung,1662.57,100263,f6b59b54-412a-417d-9c90-8ac03d337449
2024-02-09T18:05:20.000000,cart,86301,1004,computers.notebook,samsung,1662.57,100263,f6b59b54-412a-417d-9c90-8ac03d337449
2024-02-09T18:07:01.000000,purchase,86301,1004,computers.notebook,samsung,1662.57,100263,f6b59b54-412a-417d-9c90-8ac03d337449
2024-02-09T19:04:10.000000,view,87265,1004,computers.notebook,xiaomi,2325.18,100028,f08ba41c-9c5c-42bc-8c7b-9fee5a480577
2024-02-09T20:00:00.000000,view,51535,1005,apparel.shoes,nike,88.34,100416,51f9c1b7-a5ea-494d-9ef9-f901e7647ffa
2024-02-09T20:00:00.000000,view,59731,1005,apparel.shoes,xiaomi,42.17,100684,c3eaa85f-3e56-4a58-9c64-2c185d7be984
2024-02-09T20:01:01.000000,view,51535,1005,apparel.shoes,nike,88.34,100416,51f9c1b7-a5ea-494d-9ef9-f901e7647ffa
2024-02-09T20:01:36.000000,view,51535,1005,apparel.shoes,nike,88.34,100416,51f9c1b7-a5ea-494d-9ef9-f901e7647ffa
2024-02-09T20:02:16.000000,view,75916,1003,appliances.kitchen.refrigerators,bosch,2297.52,100867,2f82c9dd-f23e-4824-8e57-2cde7da1cc61
2024-02-09T20:02:31.000000,view,66705,1006,auto.accessories,lg,90.49,100721,6f98b6de-e257-4718-8200-e1fe26bb35d5
2024-02-09T20:02:53.000000,view,51535,1005,apparel.shoes,nike,88.34,100416,51f9c1b7-a5ea-494d-9ef9-f901e7647ffa
2024-02-09T20:02:59.000000,view,78060,1005,apparel.shoes,nike,66.56,100107,fb37276e-3202-446d-9c47-223acf14207a
2024-02-09T20:03:44.000000,view,75916,1003,appliances.kitchen.refrigerators,bosch,2297.52,100867,2f82c9dd-f23e-4824-8e57-2cde7da1cc61
2024-02-09T20:04:01.000000,view,78060,1005,apparel.shoes,nike,66.56,100107,fb37276e-3202-446d-9c47-223acf14207a
2024-02-09T20:04:24.000000,view,66705,1006,auto.accessories,lg,90.49,100721,6f98b6de-e257-4718-8200-e1fe26bb35d5
2024-02-09T20:04:29.000000,view,75916,1003,appliances.kitchen.refrigerators,bosch,2297.52,100867,2f82c9dd-f23e-4824-8e57-2cde7da1cc61
2024-02-09T20:05:44.000000,view,66705,1006,auto.accessories,lg,90.49,100721,6f98b6de-e257-4718-8200-e1fe26bb35d5
2024-02-09T20:06:15.000000,view,75916,1003,appliances.kitchen.refrigerators,bosch,2297.52,100867,2f82c9dd-f23e-4824-8e57-2cde7da1cc61
2024-02-09T20:06:38.000000,cart,75916,1003,appliances.kitchen.refrigerators,bosch,2297.52,100867,2f82c9dd-f23e-4824-8e57-2cde7da1cc61
2024-02-09T20:07:42.000000,purchase,75916,1003,appliances.kitchen.refrigerators,bosch,2297.52,100867,2f82c9dd-f23e-4824-8e57-2cde7da1cc61
2024-02-09T20:11:47.000000,view,89055,1006,auto.accessories,bosch,22.61,100728,a33f6b48-a468-4d26-94b0-aec814d09314
2024-02-09T20:13:37.000000,view,89055,1006,auto.accessories,bosch,22.61,100728,a33f6b48-a468-4d26-94b0-aec814d09314
2024-02-09T21:04:03.000000,view,63242,1004,computers.notebook,samsung,2966.65,100079,4a36db64-6bb0-4ab0-9589-b5f045de0b95
2024-02-09T21:06:36.000000,view,63242,1004,computers.notebook,samsung,2966.65,100079,4a36db64-6bb0-4ab0-9589-b5f045de0b95
2024-02-09T21:07:55.000000,view,63242,1004,computers.notebook,samsung,2966.65,100079,4a36db64-6bb0-4ab0-9589-b5f045de0b95
2024-02-09T21:08:40.000000,cart,63242,1004,computers.notebook,samsung,2966.65,100079,4a36db64-6bb0-4ab0-9589-b5f045de0b95
2024-02-09T22:06:44.000000,view,78201,1003,appliances.kitchen.refrigerators,apple,1074.96,100386,7374676e-d8fa-4bed-aac4-492e4f80f92f
2024-02-09T22:07:06.000000,cart,78201,1003,appliances.kitchen.refrigerators,apple,1074.96,100386,7374676e-d8fa-4bed-aac4-492e4f80f92f
2024-02-10T00:08:35.000000,view,88309,1001,electronics.smartphone,asus,971.41,100867,c6ffaa94-dbe1-4050-8253-d1b997cd78be
2024-02-10T00:11:29.000000,view,88309,1001,electronics.smartphone,asus,971.41,100867,c6ffaa94-dbe1-4050-8253-d1b997cd78be
2024-02-10T00:13:16.000000,view,88309,1001,electronics.smartphone,asus,971.41,100867,c6ffaa94-dbe1-4050-8253-d1b997cd78be
2024-02-10T02:15:23.000000,view,96338,1003,appliances.kitchen.refrigerators,samsung,1960.95,100876,67370af0-b628-428d-9f5e-77b52ffcded3
2024-02-10T02:17:39.000000,view,96338,1003,appliances.kitchen.refrigerators,samsung,1960.95,100876,67370af0-b628-428d-9f5e-77b52ffcded3
2024-02-10T02:20:20.000000,view,96338,1003,appliances.kitchen.refrigerators,samsung,1960.95,100876,67370af0-b628-428d-9f5e-77b52ffcded3
2024-02-10T02:21:08.000000,view,96338,1003,appliances.kitchen.refrigerators,samsung,1960.95,100876,67370af0-b628-428d-9f5e-77b52ffcded3
2024-02-10T02:22:34.000000,cart,96338,1003,appliances.kitchen.refrigerators,samsung,1960.95,100876,67370af0-b628-428d-9f5e-77b52ffcded3
2024-02-10T02:23:49.000000,purchase,96338,1003,appliances.kitchen.refrigerators,samsung,1960.95,100876,67370af0-b628-428d-9f5e-77b52ffcded3
2024-02-10T04:06:43.000000,view,67860,1005,apparel.shoes,asus,172.88,100036,f3b5bc6d-4096-45c2-9cfa-826a810d189f
2024-02-10T04:08:56.000000,view,67860,1005,apparel.shoes,asus,172.88,100036,f3b5bc6d-4096-45c2-9cfa-826a810d189f
2024-02-10T04:10:21.000000,view,67860,1005,apparel.shoes,asus,172.88,100036,f3b5bc6d-4096-45c2-9cfa-826a810d189f
2024-02-10T06:06:13.000000,view,69809,1005,apparel.shoes,bosch,58.01,100721,06818c7c-6d0f-49e3-bbf5-1e7eb2e03bde
2024-02-10T06:07:25.000000,view,69809,1005,apparel.shoes,bosch,58.01,100721,06818c7c-6d0f-49e3-bbf5-1e7eb2e03bde
2024-02-10T06:08:48.000000,view,69809,1005,apparel.shoes,bosch,58.01,100721,06818c7c-6d0f-49e3-bbf5-1e7eb2e03bde
2024-02-10T06:10:55.000000,view,69809,1005,apparel.shoes,bosch,58.01,100721,06818c7c-6d0f-49e3-bbf5-1e7eb2e03bde
2024-02-10T06:20:24.000000,view,79987,1006,auto.accessories,samsung,64.96,100666,6bb90dc4-fd09-4221-9a6d-7a4bb5732020
2024-02-10T06:20:53.000000,view,79987,1006,auto.accessories,samsung,64.96,100666,6bb90dc4-fd09-4221-9a6d-7a4bb5732020
2024-02-10T09:00:00.000000,view,97192,1005,apparel.shoes,samsung,95.73,100483,bf7d5553-1270-4aad-b66c-795822e7352e
2024-02-10T09:02:09.000000,view,97192,1005,apparel.shoes,samsung,95.73,100483,bf7d5553-1270-4aad-b66c-795822e7352e
2024-02-10T11:00:00.000000,view,62071,1005,apparel.shoes,samsung,146.37,100873,a938d80c-24f0-4d1d-af18-6401462d53d9
2024-02-10T11:01:45.000000,cart,62071,1005,apparel.shoes,samsung,146.37,100873,a938d80c-24f0-4d1d-af18-6401462d53d9
2024-02-10T11:03:23.000000,purchase,62071,1005,apparel.shoes,samsung,146.37,100873,a938d80c-24f0-4d1d-af18-6401462d53d9
2024-02-10T11:07:39.000000,view,84709,1003,appliances.kitchen.refrigerators,apple,2331.31,100856,869bb001-ae80-434b-8aea-77e5bf6b82b6
2024-02-10T12:00:00.000000,view,87740,1006,auto.accessories,lg,120.57,100098,1ed7c6d7-9374-425e-92d2-4c358b87a519
2024-02-10T12:00:00.000000,view,91136,1006,auto.accessories,asus,101.1,100857,96a723c7-6366-48cc-85b6-a5db9e724858
2024-02-10T12:01:46.000000,view,87740,1006,auto.accessories,lg,120.57,100098,1ed7c6d7-9374-425e-92d2-4c358b87a519
2024-02-10T12:02:31.000000,cart,91136,1006,auto.accessories,asus,101.1,100857,96a723c7-6366-48cc-85b6-a5db9e724858
2024-02-10T12:03:07.000000,view,87740,1006,auto.accessories,lg,120.57,100098,1ed7c6d7-9374-425e-92d2-4c358b87a519
2024-02-10T12:04:57.000000,cart,87740,1006,auto.accessories,lg,120.57,100098,1ed7c6d7-9374-425e-92d2-4c358b87a519
2024-02-10T12:06:24.000000,purchase,87740,1006,auto.accessories,lg,120.57,100098,1ed7c6d7-9374-425e-92d2-4c358b87a519
2024-02-10T12:25:09.000000,view,85676,1005,apparel.shoes,apple,42.1,100621,6eb3bc46-7598-4eb1-b57e-1a6785fc906d
2024-02-10T13:00:00.000000,view,98665,1002,electronics.audio.headphone,lg,162.22,100444,5ff47bca-6033-488f-bcae-cf151c41d58e
2024-02-10T13:00:00.000000,view,73948,1002,electronics.audio.headphone,lg,209.98,100902,a6400d86-b782-4161-8628-f9b85587e82e
2024-02-10T13:01:48.000000,view,73948,1002,electronics.audio.headphone,lg,209.98,100902,a6400d86-b782-4161-8628-f9b85587e82e
2024-02-10T13:01:49.000000,view,98665,1002,electronics.audio.headphone,lg,162.22,100444,5ff47bca-6033-488f-bcae-cf151c41d58e
2024-02-10T13:04:35.000000,view,73948,1002,electronics.audio.headphone,lg,209.98,100902,a6400d86-b782-4161-8628-f9b85587e82e
2024-02-10T13:05:33.000000,view,67001,1005,apparel.shoes,apple,98.27,100451,75021ba3-855a-41d5-9ff8-e290ae523b10
2024-02-10T13:07:45.000000,view,67001,1005,apparel.shoes,apple,98.27,100451,75021ba3-855a-41d5-9ff8-e290ae523b10
2024-02-10T13:10:33.000000,view,67001,1005,apparel.shoes,apple,98.27,100451,75021ba3-855a-41d5-9ff8-e290ae523b10
2024-02-10T13:11:22.000000,view,91022,1005,apparel.shoes,asus,134.02,100626,ade59d32-208b-4245-b588-2fcd50c4e615
2024-02-10T13:11:26.000000,view,67001,1005,apparel.shoes,apple,98.27,100451,75021ba3-855a-41d5-9ff8-e290ae523b10
2024-02-10T13:14:21.000000,view,91022,1005,apparel.shoes,asus,134.02,100626,ade59d32-208b-4245-b588-2fcd50c4e615
2024-02-10T13:16:41.000000,view,91022,1005,apparel.shoes,asus,134.02,100626,ade59d32-208b-4245-b588-2fcd50c4e615
2024-02-10T13:26:52.000000,view,72460,1006,auto.accessories,apple,110.08,100621,36f9dfb4-704b-4b53-bd4b-6450f870cd85
2024-02-10T13:27:23.000000,view,72460,1006,auto.accessories,apple,110.08,100621,36f9dfb4-704b-4b53-bd4b-6450f870cd85
2024-02-10T13:28:23.000000,view,72460,1006,auto.accessories,apple,110.08,100621,36f9dfb4-704b-4b53-bd4b-6450f870cd85
2024-02-10T13:30:43.000000,view,72460,1006,auto.accessories,apple,110.08,100621,36f9dfb4-704b-4b53-bd4b-6450f870cd85
2024-02-10T14:00:00.000000,view,88873,1005,apparel.shoes,lg,121.68,100946,298877f7-8ed6-491b-a275-e3aa790f4a7a
2024-02-10T14:00:15.000000,view,88873,1005,apparel.shoes,lg,121.68,100946,298877f7-8ed6-491b-a275-e3aa790f4a7a
2024-02-10T14:01:20.000000,view,88873,1005,apparel.shoes,lg,121.68,100946,298877f7-8ed6-491b-a275-e3aa790f4a7a
2024-02-10T14:03:06.000000,view,88873,1005,apparel.shoes,lg,121.68,100946,298877f7-8ed6-491b-a275-e3aa790f4a7a
2024-02-10T14:09:48.000000,view,73711,1004,computers.notebook,bosch,2947.28,100856,5554ac76-a0d5-40fb-801e-cccc0234ba83
2024-02-10T14:11:44.000000,view,73711,1004,computers.notebook,bosch,2947.28,100856,5554ac76-a0d5-40fb-801e-cccc0234ba83
2024-02-10T14:14:33.000000,view,73711,1004,computers.notebook,bosch,2947.28,100856,5554ac76-a0d5-40fb-801e-cccc0234ba83
2024-02-10T14:31:03.000000,view,65020,1004,computers.notebook,nike,1429.63,100621,0ff42951-3655-466e-894f-652f293a625b
2024-02-10T14:32:26.000000,cart,65020,1004,computers.notebook,nike,1429.63,100621,0ff42951-3655-466e-894f-652f293a625b
2024-02-10T15:00:00.000000,view,55988,1003,appliances.kitchen.refrigerators,samsung,1159.79,100805,21e25199-489d-448d-98ac-9116411b8f7e
2024-02-10T15:00:00.000000,view,77134,1006,auto.accessories,asus,74.62,100995,bccfb1c7-06ca-4038-81ba-36eed6ec4de0
2024-02-10T15:01:10.000000,view,55988,1003,appliances.kitchen.refrigerators,samsung,1159.79,100805,21e25199-489d-448d-98ac-9116411b8f7e
2024-02-10T15:02:42.000000,view,55988,1003,appliances.kitchen.refrigerators,samsung,1159.79,100805,21e25199-489d-448d-98ac-9116411b8f7e
2024-02-10T18:00:00.000000,view,85531,1001,electronics.smartphone,asus,454.88,100068,44392901-64c7-46cc-96c4-86c5437d2761
2024-02-10T18:00:00.000000,view,63722,1004,computers.notebook,xiaomi,2759.7,100138,33d2f695-5bfa-47fb-a007-f4e504a505af
2024-02-10T18:00:50.000000,view,85531,1001,electronics.smartphone,asus,454.88,100068,44392901-64c7-46cc-96c4-86c5437d2761
2024-02-10T18:02:37.000000,view,63722,1004,computers.notebook,xiaomi,2759.7,100138,33d2f695-5bfa-47fb-a007-f4e504a505af
2024-02-10T18:03:43.000000,view,85531,1001,electronics.smartphone,asus,454.88,100068,44392901-64c7-46cc-96c4-86c5437d2761
2024-02-10T18:11:28.000000,view,70219,1005,apparel.shoes,lg,162.88,100638,f068679c-a073-4dc5-980c-df2cc95ab01f
2024-02-10T18:12:27.000000,view,70219,1005,apparel.shoes,lg,162.88,100638,f068679c-a073-4dc5-980c-df2cc95ab01f
2024-02-10T19:00:00.000000,view,74671,1002,electronics.audio.headphone,xiaomi,75.57,100089,ea1136a3-8fd4-4de0-81b5-2d9d90d07baf
2024-02-10T19:01:11.000000,view,74671,1002,electronics.audio.headphone,xiaomi,75.57,100089,ea1136a3-8fd4-4de0-81b5-2d9d90d07baf
2024-02-10T19:02:18.000000,view,74671,1002,electronics.audio.headphone,xiaomi,75.57,100089,ea1136a3-8fd4-4de0-81b5-2d9d90d07baf
2024-02-10T19:03:27.000000,view,88735,1004,computers.notebook,lg,1752.17,100483,be04640f-5733-4eb3-afed-afc81b251c3e
2024-02-10T19:03:42.000000,view,88735,1004,computers.notebook,lg,1752.17,100483,be04640f-5733-4eb3-afed-afc81b251c3e
2024-02-10T19:03:44.000000,view,74671,1002,electronics.audio.headphone,xiaomi,75.57,100089,ea1136a3-8fd4-4de0-81b5-2d9d90d07baf
2024-02-10T19:17:36.000000,view,68362,1001,electronics.smartphone,asus,386.86,100196,cce9aac5-effc-42f3-ab73-fb540daa0961
2024-02-10T19:19:26.000000,view,68362,1001,electronics.smartphone,asus,386.86,100196,cce9aac5-effc-42f3-ab73-fb540daa0961
2024-02-10T19:22:24.000000,view,68362,1001,electronics.smartphone,asus,386.86,100196,cce9aac5-effc-42f3-ab73-fb540daa0961
2024-02-10T19:23:09.000000,cart,68362,1001,electronics.smartphone,asus,386.86,100196,cce9aac5-effc-42f3-ab73-fb540daa0961
2024-02-10T20:00:00.000000,view,50487,1006,auto.accessories,samsung,132.34,100546,d6ebd669-3375-4c6d-b5d0-5195b4a3d311
2024-02-10T20:01:14.000000,view,50487,1006,auto.accessories,samsung,132.34,100546,d6ebd669-3375-4c6d-b5d0-5195b4a3d311
2024-02-10T20:03:10.000000,cart,50487,1006,auto.accessories,samsung,132.34,100546,d6ebd669-3375-4c6d-b5d0-5195b4a3d311
2024-02-10T20:04:07.000000,purchase,50487,1006,auto.accessories,samsung,132.34,100546,d6ebd669-3375-4c6d-b5d0-5195b4a3d311
2024-02-10T20:05:41.000000,view,93793,1006,auto.accessories,lg,31.52,100376,32eeef36-2a79-4e6d-aafb-e786ee58cadd
2024-02-10T20:05:52.000000,view,67605,1006,auto.accessories,lg,81.89,100783,352ab42f-b2ab-405f-b882-c60af7962775
2024-02-10T20:08:18.000000,view,93793,1006,auto.accessories,lg,31.52,100376,32eeef36-2a79-4e6d-aafb-e786ee58cadd
2024-02-10T21:01:55.000000,view,89326,1003,appliances.kitchen.refrigerators,samsung,544.06,100879,8e469e71-b277-4441-a26c-0420dcc08852
2024-02-10T21:03:44.000000,cart,89326,1003,appliances.kitchen.refrigerators,samsung,544.06,100879,8e469e71-b277-4441-a26c-0420dcc08852
2024-02-10T21:05:13.000000,view,61391,1002,electronics.audio.headphone,samsung,176.8,100028,ab8b4f57-043a-4b6f-ab22-f651f63bbd4d
2024-02-10T21:05:23.000000,view,61391,1002,electronics.audio.headphone,samsung,176.8,100028,ab8b4f57-043a-4b6f-ab22-f651f63bbd4d
2024-02-10T21:07:03.000000,view,80252,1001,electronics.smartphone,nike,1140.12,100098,649023d6-6a45-4606-8a2c-611a8641585d
2024-02-10T21:09:05.000000,view,80252,1001,electronics.smartphone,nike,1140.12,100098,649023d6-6a45-4606-8a2c-611a8641585d
2024-02-10T21:14:46.000000,view,74217,1002,electronics.audio.headphone,bosch,95.97,100638,c090e07a-d826-42e9-bab8-211b13ca538b
2024-02-10T21:16:33.000000,view,74217,1002,electronics.audio.headphone,bosch,95.97,100638,c090e07a-d826-42e9-bab8-211b13ca538b
2024-02-10T21:17:03.000000,view,58750,1002,electronics.audio.headphone,samsung,151.55,100856,fd209877-e54a-4192-bb96-4026c2d81de6
2024-02-10T21:17:16.000000,view,74217,1002,electronics.audio.headphone,bosch,95.97,100638,c090e07a-d826-42e9-bab8-211b13ca538b
2024-02-10T21:18:09.000000,view,58750,1002,electronics.audio.headphone,samsung,151.55,100856,fd209877-e54a-4192-bb96-4026c2d81de6
2024-02-10T21:20:08.000000,view,74217,1002,electronics.audio.headphone,bosch,95.97,100638,c090e07a-d826-42e9-bab8-211b13ca538b
2024-02-10T22:04:39.000000,view,74540,1001,electronics.smartphone,apple,1152.64,100840,adc94fe4-a7c5-4799-8396-d6850658c18c
2024-02-10T22:05:50.000000,view,65663,1001,electronics.smartphone,samsung,839.66,100931,45c1cfc9-8883-4c84-ba22-5b3a0751a052
2024-02-10T22:06:17.000000,view,99772,1004,computers.notebook,lg,459.91,100783,c6123067-d459-4700-acdd-ebf1a2bd04b4
2024-02-10T22:06:47.000000,view,99772,1004,computers.notebook,lg,459.91,100783,c6123067-d459-4700-acdd-ebf1a2bd04b4
2024-02-10T23:07:49.000000,view,84844,1006,auto.accessories,nike,89.48,100342,bfcaccfc-17bd-44e1-bf6c-a34504937135
2024-02-10T23:10:01.000000,view,84844,1006,auto.accessories,nike,89.48,100342,bfcaccfc-17bd-44e1-bf6c-a34504937135
2024-02-10T23:12:42.000000,view,84844,1006,auto.accessories,nike,89.48,100342,bfcaccfc-17bd-44e1-bf6c-a34504937135
2024-02-10T23:13:24.000000,view,84844,1006,auto.accessories,nike,89.48,100342,bfcaccfc-17bd-44e1-bf6c-a34504937135
2024-02-10T23:14:40.000000,cart,84844,1006,auto.accessories,nike,89.48,100342,bfcaccfc-17bd-44e1-bf6c-a34504937135
2024-02-10T23:18:46.000000,view,50728,1006,auto.accessories,apple,61.61,100976,f842639a-528a-457e-a446-0a69ac00fff4
2024-02-10T23:19:31.000000,view,50728,1006,auto.accessories,apple,61.61,100976,f842639a-528a-457e-a446-0a69ac00fff4
2024-02-11T00:02:00.000000,view,78125,1006,auto.accessories,bosch,41.79,100352,d2deaa52-bebb-4714-bac9-7ba826b90113
2024-02-11T00:07:40.000000,view,61234,1003,appliances.kitchen.refrigerators,apple,529.49,100316,d47981f7-e6f1-42b8-aa46-b38575811900
2024-02-11T00:07:58.000000,view,61234,1003,appliances.kitchen.refrigerators,apple,529.49,100316,d47981f7-e6f1-42b8-aa46-b38575811900
2024-02-11T00:16:59.000000,view,56884,1006,auto.accessories,apple,72.47,100417,d1ab7704-b24b-44ab-841b-5a45632ae5e7
2024-02-11T00:18:45.000000,cart,56884,1006,auto.accessories,apple,72.47,100417,d1ab7704-b24b-44ab-841b-5a45632ae5e7
2024-02-11T00:19:01.000000,purchase,56884,1006,auto.accessories,apple,72.47,100417,d1ab7704-b24b-44ab-841b-5a45632ae5e7
2024-02-11T02:04:37.000000,view,76470,1004,computers.notebook,lg,3016.55,100231,5d8392dc-2e69-4a57-87e9-f6e153354f9a
2024-02-11T02:07:05.000000,cart,76470,1004,computers.notebook,lg,3016.55,100231,5d8392dc-2e69-4a57-87e9-f6e153354f9a
2024-02-11T03:01:18.000000,view,93528,1006,auto.accessories,apple,21.96,100995,873d6fba-e0ad-4663-b9dd-a298bb085865
2024-02-11T03:02:26.000000,view,93528,1006,auto.accessories,apple,21.96,100995,873d6fba-e0ad-4663-b9dd-a298bb085865
2024-02-11T03:04:09.000000,view,93528,1006,auto.accessories,apple,21.96,100995,873d6fba-e0ad-4663-b9dd-a298bb085865
2024-02-11T03:06:59.000000,view,93528,1006,auto.accessories,apple,21.96,100995,873d6fba-e0ad-4663-b9dd-a298bb085865
2024-02-11T03:07:12.000000,view,55570,1006,auto.accessories,nike,31.09,100263,462637db-ee39-4887-9fc1-92169a91ee3a
2024-02-11T03:09:04.000000,view,55570,1006,auto.accessories,nike,31.09,100263,462637db-ee39-4887-9fc1-92169a91ee3a
2024-02-11T03:11:45.000000,view,55570,1006,auto.accessories,nike,31.09,100263,462637db-ee39-4887-9fc1-92169a91ee3a
2024-02-11T03:12:21.000000,view,55570,1006,auto.accessories,nike,31.09,100263,462637db-ee39-4887-9fc1-92169a91ee3a
2024-02-11T03:13:14.000000,cart,55570,1006,auto.accessories,nike,31.09,100263,462637db-ee39-4887-9fc1-92169a91ee3a
2024-02-11T03:13:54.000000,purchase,55570,1006,auto.accessories,nike,31.09,100263,462637db-ee39-4887-9fc1-92169a91ee3a
2024-02-11T03:16:02.000000,view,81848,1006,auto.accessories,samsung,107.52,100867,88c77f7c-4555-4d9f-8fe3-c71127d920b5
2024-02-11T03:17:19.000000,view,81848,1006,auto.accessories,samsung,107.52,100867,88c77f7c-4555-4d9f-8fe3-c71127d920b5
2024-02-11T03:17:52.000000,view,81848,1006,auto.accessories,samsung,107.52,100867,88c77f7c-4555-4d9f-8fe3-c71127d920b5
2024-02-11T03:19:18.000000,view,81848,1006,auto.accessories,samsung,107.52,100867,88c77f7c-4555-4d9f-8fe3-c71127d920b5
2024-02-11T03:22:03.000000,cart,81848,1006,auto.accessories,samsung,107.52,100867,88c77f7c-4555-4d9f-8fe3-c71127d920b5
2024-02-11T04:07:10.000000,view,67314,1002,electronics.audio.headphone,lg,65.97,100931,c66d6524-0f66-4629-96c9-cabeb70798bc
2024-02-11T04:08:57.000000,view,67314,1002,electronics.audio.headphone,lg,65.97,100931,c66d6524-0f66-4629-96c9-cabeb70798bc
2024-02-11T04:09:53.000000,view,67314,1002,electronics.audio.headphone,lg,65.97,100931,c66d6524-0f66-4629-96c9-cabeb70798bc
2024-02-11T04:10:29.000000,view,59121,1006,auto.accessories,lg,100.5,100098,1a4479de-2d8e-4763-9d46-559638ecbf34
2024-02-11T04:11:43.000000,view,59121,1006,auto.accessories,lg,100.5,100098,1a4479de-2d8e-4763-9d46-559638ecbf34
2024-02-11T04:12:53.000000,view,67314,1002,electronics.audio.headphone,lg,65.97,100931,c66d6524-0f66-4629-96c9-cabeb70798bc
2024-02-11T04:14:31.000000,cart,67314,1002,electronics.audio.headphone,lg,65.97,100931,c66d6524-0f66-4629-96c9-cabeb70798bc
2024-02-11T04:14:41.000000,cart,59121,1006,auto.accessories,lg,100.5,100098,1a4479de-2d8e-4763-9d46-559638ecbf34
2024-02-11T04:19:53.000000,view,57449,1004,computers.notebook,bosch,521.09,100417,d2d33b28-f46d-4d37-b579-31db31334aa9
2024-02-11T04:22:09.000000,view,57449,1004,computers.notebook,bosch,521.09,100417,d2d33b28-f46d-4d37-b579-31db31334aa9
2024-02-11T04:23:02.000000,view,57449,1004,computers.notebook,bosch,521.09,100417,d2d33b28-f46d-4d37-b579-31db31334aa9
2024-02-11T04:25:52.000000,view,57449,1004,computers.notebook,bosch,521.09,100417,d2d33b28-f46d-4d37-b579-31db31334aa9
2024-02-11T06:11:57.000000,view,64785,1002,electronics.audio.headphone,bosch,261.54,100036,860d6652-951d-48c3-afd9-875e82457832
2024-02-11T06:14:29.000000,view,64785,1002,electronics.audio.headphone,bosch,261.54,100036,860d6652-951d-48c3-afd9-875e82457832
2024-02-11T06:16:12.000000,view,64785,1002,electronics.audio.headphone,bosch,261.54,100036,860d6652-951d-48c3-afd9-875e82457832
2024-02-11T06:16:45.000000,view,64785,1002,electronics.audio.headphone,bosch,261.54,100036,860d6652-951d-48c3-afd9-875e82457832
2024-02-11T06:18:36.000000,cart,64785,1002,electronics.audio.headphone,bosch,261.54,100036,860d6652-951d-48c3-afd9-875e82457832
2024-02-11T06:19:59.000000,purchase,64785,1002,electronics.audio.headphone,bosch,261.54,100036,860d6652-951d-48c3-afd9-875e82457832
2024-02-11T08:00:00.000000,view,80834,1003,appliances.kitchen.refrigerators,apple,375.29,100465,29135e82-9869-4a2a-9d63-75b7381a5267
2024-02-11T08:00:00.000000,view,50724,1006,auto.accessories,xiaomi,24.84,100664,85533b9c-96e4-49b7-a638-0ead04052768
2024-02-11T08:01:47.000000,view,50724,1006,auto.accessories,xiaomi,24.84,100664,85533b9c-96e4-49b7-a638-0ead04052768
2024-02-11T08:01:54.000000,view,80834,1003,appliances.kitchen.refrigerators,apple,375.29,100465,29135e82-9869-4a2a-9d63-75b7381a5267
2024-02-11T08:03:17.000000,cart,50724,1006,auto.accessories,xiaomi,24.84,100664,85533b9c-96e4-49b7-a638-0ead04052768
2024-02-11T08:04:22.000000,purchase,50724,1006,auto.accessories,xiaomi,24.84,100664,85533b9c-96e4-49b7-a638-0ead04052768
2024-02-11T10:00:00.000000,view,90292,1005,apparel.shoes,asus,74.26,100610,b2ccaae1-a6de-41aa-bd11-42bfd6310826
2024-02-11T10:00:53.000000,view,90292,1005,apparel.shoes,asus,74.26,100610,b2ccaae1-a6de-41aa-bd11-42bfd6310826
2024-02-11T10:01:28.000000,view,90292,1005,apparel.shoes,asus,74.26,100610,b2ccaae1-a6de-41aa-bd11-42bfd6310826
2024-02-11T10:03:27.000000,view,90292,1005,apparel.shoes,asus,74.26,100610,b2ccaae1-a6de-41aa-bd11-42bfd6310826
2024-02-11T12:00:00.000000,view,54088,1001,electronics.smartphone,xiaomi,551.94,100229,c5374596-75c1-4e03-bea1-72dc6efd21d3
2024-02-11T12:00:25.000000,view,54088,1001,electronics.smartphone,xiaomi,551.94,100229,c5374596-75c1-4e03-bea1-72dc6efd21d3
2024-02-11T12:01:41.000000,view,54088,1001,electronics.smartphone,xiaomi,551.94,100229,c5374596-75c1-4e03-bea1-72dc6efd21d3
2024-02-11T12:02:58.000000,cart,54088,1001,electronics.smartphone,xiaomi,551.94,100229,c5374596-75c1-4e03-bea1-72dc6efd21d3
2024-02-11T12:03:21.000000,purchase,54088,1001,electronics.smartphone,xiaomi,551.94,100229,c5374596-75c1-4e03-bea1-72dc6efd21d3
2024-02-11T13:00:00.000000,view,59576,1004,computers.notebook,asus,2829.42,100507,b15ed0a7-9138-421b-ab4b-ed7a4b474215
2024-02-11T13:00:00.000000,view,76055,1003,appliances.kitchen.refrigerators,nike,551.73,100764,200df59e-6e59-4d78-a10d-1e39fd4a6f11
2024-02-11T13:02:14.000000,view,59576,1004,computers.notebook,asus,2829.42,100507,b15ed0a7-9138-421b-ab4b-ed7a4b474215
2024-02-11T13:03:44.000000,view,59576,1004,computers.notebook,asus,2829.42,100507,b15ed0a7-9138-421b-ab4b-ed7a4b474215
2024-02-11T13:24:35.000000,view,62878,1006,auto.accessories,lg,115.57,100876,22185e3c-7e1f-4176-b05d-7b3f505727a0
2024-02-11T13:26:07.000000,view,62878,1006,auto.accessories,lg,115.57,100876,22185e3c-7e1f-4176-b05d-7b3f505727a0
2024-02-11T13:26:17.000000,view,99351,1004,computers.notebook,apple,2506.29,100850,192153a2-eabe-4c5b-bb78-820b2975f0e6
2024-02-11T13:27:26.000000,cart,62878,1006,auto.accessories,lg,115.57,100876,22185e3c-7e1f-4176-b05d-7b3f505727a0
2024-02-11T13:28:20.000000,view,99351,1004,computers.notebook,apple,2506.29,100850,192153a2-eabe-4c5b-bb78-820b2975f0e6
2024-02-11T13:29:05.000000,purchase,62878,1006,auto.accessories,lg,115.57,100876,22185e3c-7e1f-4176-b05d-7b3f505727a0
2024-02-11T13:31:09.000000,view,99351,1004,computers.notebook,apple,2506.29,100850,192153a2-eabe-4c5b-bb78-820b2975f0e6
2024-02-11T13:32:27.000000,view,99351,1004,computers.notebook,apple,2506.29,100850,192153a2-eabe-4c5b-bb78-820b2975f0e6
2024-02-11T14:00:00.000000,view,83776,1006,auto.accessories,nike,105.41,100625,38444bbe-40d4-4423-918e-d2092526d297
2024-02-11T14:00:25.000000,view,76764,1003,appliances.kitchen.refrigerators,lg,351.77,100764,e317052f-0ce4-4e81-a20b-97ccf684d316
2024-02-11T14:02:39.000000,view,83776,1006,auto.accessories,nike,105.41,100625,38444bbe-40d4-4423-918e-d2092526d297
2024-02-11T14:05:14.000000,view,83776,1006,auto.accessories,nike,105.41,100625,38444bbe-40d4-4423-918e-d2092526d297
2024-02-11T15:12:05.000000,view,59256,1006,auto.accessories,nike,17.81,100920,cdd5f506-e54d-4eaf-bdda-47e0c17a5d95
2024-02-11T15:15:05.000000,view,59256,1006,auto.accessories,nike,17.81,100920,cdd5f506-e54d-4eaf-bdda-47e0c17a5d95
2024-02-11T15:15:27.000000,view,59256,1006,auto.accessories,nike,17.81,100920,cdd5f506-e54d-4eaf-bdda-47e0c17a5d95
2024-02-11T15:15:59.000000,view,59256,1006,auto.accessories,nike,17.81,100920,cdd5f506-e54d-4eaf-bdda-47e0c17a5d95
2024-02-11T17:00:00.000000,view,74676,1004,computers.notebook,nike,3336.27,100634,ba6de7f4-66b0-487c-9cdf-cd5daa7645bd
2024-02-11T17:02:47.000000,view,74676,1004,computers.notebook,nike,3336.27,100634,ba6de7f4-66b0-487c-9cdf-cd5daa7645bd
2024-02-11T17:05:46.000000,view,74676,1004,computers.notebook,nike,3336.27,100634,ba6de7f4-66b0-487c-9cdf-cd5daa7645bd
2024-02-11T17:08:13.000000,view,74676,1004,computers.notebook,nike,3336.27,100634,ba6de7f4-66b0-487c-9cdf-cd5daa7645bd
2024-02-11T18:00:00.000000,view,76225,1005,apparel.shoes,lg,158.27,100332,5bf04952-591e-45ba-b271-c2edd21a4038
2024-02-11T18:00:00.000000,view,75067,1005,apparel.shoes,nike,176.0,100707,bbefc470-5c31-4a1d-b566-584ff600b5eb
2024-02-11T18:00:59.000000,view,75067,1005,apparel.shoes,nike,176.0,100707,bbefc470-5c31-4a1d-b566-584ff600b5eb
2024-02-11T18:33:48.000000,view,57484,1004,computers.notebook,samsung,2582.6,100621,b9098477-e469-4a93-ab9e-89cde03e8126
2024-02-11T19:00:00.000000,view,61818,1001,electronics.smartphone,asus,922.75,100795,b7c46a48-2a54-48da-957c-2d4c3e213c29
2024-02-11T19:05:15.000000,view,80562,1004,computers.notebook,lg,2609.96,100538,41a6ab3d-a053-4006-9a19-217390e9fe14
2024-02-11T19:06:17.000000,view,80562,1004,computers.notebook,lg,2609.96,100538,41a6ab3d-a053-4006-9a19-217390e9fe14
2024-02-11T19:08:25.000000,view,80562,1004,computers.notebook,lg,2609.96,100538,41a6ab3d-a053-4006-9a19-217390e9fe14
2024-02-11T20:20:57.000000,view,59066,1006,auto.accessories,xiaomi,94.3,100968,4ec9ccf1-4a5a-4703-884e-7da5af0496a2
2024-02-11T20:23:01.000000,view,59066,1006,auto.accessories,xiaomi,94.3,100968,4ec9ccf1-4a5a-4703-884e-7da5af0496a2
2024-02-11T22:09:08.000000,view,69360,1006,auto.accessories,apple,65.49,100538,1519fdb7-3f5b-4b9f-8b16-8a87c549aa8f
2024-02-11T22:11:17.000000,view,69360,1006,auto.accessories,apple,65.49,100538,1519fdb7-3f5b-4b9f-8b16-8a87c549aa8f
2024-02-11T22:13:05.000000,view,69360,1006,auto.accessories,apple,65.49,100538,1519fdb7-3f5b-4b9f-8b16-8a87c549aa8f
2024-02-11T22:39:11.000000,view,72373,1002,electronics.audio.headphone,xiaomi,196.18,100923,5cab4825-b212-4986-96d3-72512b44ecb7
2024-02-11T22:41:20.000000,view,72373,1002,electronics.audio.headphone,xiaomi,196.18,100923,5cab4825-b212-4986-96d3-72512b44ecb7
2024-02-11T22:42:08.000000,view,72373,1002,electronics.audio.headphone,xiaomi,196.18,100923,5cab4825-b212-4986-96d3-72512b44ecb7
2024-02-11T22:44:09.000000,view,72373,1002,electronics.audio.headphone,xiaomi,196.18,100923,5cab4825-b212-4986-96d3-72512b44ecb7
2024-02-11T23:08:39.000000,view,50706,1003,appliances.kitchen.refrigerators,nike,2371.0,100783,60840a56-c3e9-4ba6-98a7-1eb9a1817fe0
2024-02-11T23:11:18.000000,view,50706,1003,appliances.kitchen.refrigerators,nike,2371.0,100783,60840a56-c3e9-4ba6-98a7-1eb9a1817fe0
2024-02-11T23:12:18.000000,view,50706,1003,appliances.kitchen.refrigerators,nike,2371.0,100783,60840a56-c3e9-4ba6-98a7-1eb9a1817fe0
2024-02-11T23:13:21.000000,cart,50706,1003,appliances.kitchen.refrigerators,nike,2371.0,100783,60840a56-c3e9-4ba6-98a7-1eb9a1817fe0
2024-02-11T23:14:34.000000,purchase,50706,1003,appliances.kitchen.refrigerators,nike,2371.0,100783,60840a56-c3e9-4ba6-98a7-1eb9a1817fe0
2024-02-12T02:21:05.000000,view,75984,1001,electronics.smartphone,apple,814.26,100638,9cda9658-ca04-4436-bf17-ef3aadc50de3
2024-02-12T02:22:13.000000,view,75984,1001,electronics.smartphone,apple,814.26,100638,9cda9658-ca04-4436-bf17-ef3aadc50de3
2024-02-12T02:22:36.000000,view,75984,1001,electronics.smartphone,apple,814.26,100638,9cda9658-ca04-4436-bf17-ef3aadc50de3
2024-02-12T06:04:20.000000,view,63255,1004,computers.notebook,xiaomi,2634.43,100546,fa3922f9-d80b-4cd0-951a-760eb40f1d45
2024-02-12T06:04:39.000000,view,63255,1004,computers.notebook,xiaomi,2634.43,100546,fa3922f9-d80b-4cd0-951a-760eb40f1d45
2024-02-12T06:04:51.000000,view,63255,1004,computers.notebook,xiaomi,2634.43,100546,fa3922f9-d80b-4cd0-951a-760eb40f1d45
2024-02-12T06:07:42.000000,view,63255,1004,computers.notebook,xiaomi,2634.43,100546,fa3922f9-d80b-4cd0-951a-760eb40f1d45
2024-02-12T06:21:06.000000,view,59928,1005,apparel.shoes,apple,181.42,100856,fd2eba24-8996-4b96-b56f-42bfa4996100
2024-02-12T06:23:16.000000,view,59928,1005,apparel.shoes,apple,181.42,100856,fd2eba24-8996-4b96-b56f-42bfa4996100
2024-02-12T06:25:52.000000,cart,59928,1005,apparel.shoes,apple,181.42,100856,fd2eba24-8996-4b96-b56f-42bfa4996100
2024-02-12T08:00:00.000000,view,90027,1005,apparel.shoes,nike,104.53,100652,5d232136-f9f3-43ce-a636-0d415a6c93d2
2024-02-12T08:00:27.000000,view,90027,1005,apparel.shoes,nike,104.53,100652,5d232136-f9f3-43ce-a636-0d415a6c93d2
2024-02-12T09:40:17.000000,view,93438,1003,appliances.kitchen.refrigerators,bosch,1620.45,100982,4c80202f-b48b-4625-99c2-6297576c0612
2024-02-12T09:42:04.000000,view,93438,1003,appliances.kitchen.refrigerators,bosch,1620.45,100982,4c80202f-b48b-4625-99c2-6297576c0612
2024-02-12T09:43:59.000000,view,93438,1003,appliances.kitchen.refrigerators,bosch,1620.45,100982,4c80202f-b48b-4625-99c2-6297576c0612
2024-02-12T09:46:30.000000,view,93438,1003,appliances.kitchen.refrigerators,bosch,1620.45,100982,4c80202f-b48b-4625-99c2-6297576c0612
2024-02-12T10:00:00.000000,view,75112,1006,auto.accessories,samsung,71.52,100363,ad8283fb-0741-474e-815e-cfe443c6354e
2024-02-12T10:02:27.000000,view,75112,1006,auto.accessories,samsung,71.52,100363,ad8283fb-0741-474e-815e-cfe443c6354e
2024-02-12T10:04:53.000000,view,75112,1006,auto.accessories,samsung,71.52,100363,ad8283fb-0741-474e-815e-cfe443c6354e
2024-02-12T10:07:09.000000,view,75112,1006,auto.accessories,samsung,71.52,100363,ad8283fb-0741-474e-815e-cfe443c6354e
2024-02-12T11:00:00.000000,view,57237,1006,auto.accessories,apple,127.76,100141,4abd7928-b65f-4449-bf93-7e9e79180544
2024-02-12T11:00:48.000000,view,57237,1006,auto.accessories,apple,127.76,100141,4abd7928-b65f-4449-bf93-7e9e79180544
2024-02-12T11:01:21.000000,view,57237,1006,auto.accessories,apple,127.76,100141,4abd7928-b65f-4449-bf93-7e9e79180544
2024-02-12T11:03:41.000000,view,57237,1006,auto.accessories,apple,127.76,100141,4abd7928-b65f-4449-bf93-7e9e79180544
2024-02-12T12:00:00.000000,view,67987,1006,auto.accessories,bosch,40.74,100313,9fb75c51-9261-4057-8f50-445f45a40e51
2024-02-12T12:02:29.000000,view,67987,1006,auto.accessories,bosch,40.74,100313,9fb75c51-9261-4057-8f50-445f45a40e51
2024-02-12T12:03:45.000000,cart,67987,1006,auto.accessories,bosch,40.74,100313,9fb75c51-9261-4057-8f50-445f45a40e51
2024-02-12T12:04:38.000000,purchase,67987,1006,auto.accessories,bosch,40.74,100313,9fb75c51-9261-4057-8f50-445f45a40e51
2024-02-12T13:23:58.000000,view,73922,1003,appliances.kitchen.refrigerators,bosch,2054.54,100334,c8bcd149-5fd6-4e3e-a930-0d723a970897
2024-02-12T13:26:21.000000,view,73922,1003,appliances.kitchen.refrigerators,bosch,2054.54,100334,c8bcd149-5fd6-4e3e-a930-0d723a970897
2024-02-12T15:00:00.000000,view,53671,1004,computers.notebook,nike,2988.83,100212,949924ce-4440-4adf-afa3-9c6780fbc131
2024-02-12T15:02:34.000000,view,53671,1004,computers.notebook,nike,2988.83,100212,949924ce-4440-4adf-afa3-9c6780fbc131
2024-02-12T15:04:04.000000,view,53671,1004,computers.notebook,nike,2988.83,100212,949924ce-4440-4adf-afa3-9c6780fbc131
2024-02-12T15:06:46.000000,view,85501,1004,computers.notebook,samsung,2310.52,100532,55aabbb1-d619-496c-b902-c5f4c022c84e
2024-02-12T15:07:19.000000,view,85501,1004,computers.notebook,samsung,2310.52,100532,55aabbb1-d619-496c-b902-c5f4c022c84e
2024-02-12T16:00:00.000000,view,63700,1002,electronics.audio.headphone,nike,193.31,100209,b482d952-ba6f-41f7-8650-707a8b099f1a
2024-02-12T16:00:00.000000,view,67361,1001,electronics.smartphone,nike,575.18,100597,af60ff32-2782-4ac2-8689-3548debd0bb8
2024-02-12T16:00:28.000000,view,67361,1001,electronics.smartphone,nike,575.18,100597,af60ff32-2782-4ac2-8689-3548debd0bb8
2024-02-12T16:17:26.000000,view,88615,1003,appliances.kitchen.refrigerators,apple,352.99,100920,14e3fb5a-728c-4252-ac16-811a4bdab53a
2024-02-12T16:18:47.000000,view,88615,1003,appliances.kitchen.refrigerators,apple,352.99,100920,14e3fb5a-728c-4252-ac16-811a4bdab53a
2024-02-12T16:19:50.000000,view,88615,1003,appliances.kitchen.refrigerators,apple,352.99,100920,14e3fb5a-728c-4252-ac16-811a4bdab53a
2024-02-12T17:00:00.000000,view,69636,1003,appliances.kitchen.refrigerators,asus,1221.13,100305,8d646e22-a7af-4871-b425-3c909c740f91
2024-02-12T17:00:36.000000,view,69636,1003,appliances.kitchen.refrigerators,asus,1221.13,100305,8d646e22-a7af-4871-b425-3c909c740f91
2024-02-12T18:03:39.000000,view,92984,1003,appliances.kitchen.refrigerators,bosch,579.15,100108,18127025-a85e-49d5-9451-acd02de8cb7b
2024-02-12T18:04:52.000000,view,92984,1003,appliances.kitchen.refrigerators,bosch,579.15,100108,18127025-a85e-49d5-9451-acd02de8cb7b
2024-02-12T19:00:00.000000,view,69589,1006,auto.accessories,bosch,99.25,100983,1f72f7da-e459-421e-a260-c5bec8d9f69a
2024-02-12T19:02:03.000000,view,52691,1005,apparel.shoes,bosch,95.55,100023,778be68d-2b57-4d84-8d9b-2f4300df3fc9
2024-02-12T19:05:02.000000,view,52691,1005,apparel.shoes,bosch,95.55,100023,778be68d-2b57-4d84-8d9b-2f4300df3fc9
2024-02-12T19:06:46.000000,view,52691,1005,apparel.shoes,bosch,95.55,100023,778be68d-2b57-4d84-8d9b-2f4300df3fc9
2024-02-12T19:07:13.000000,view,52691,1005,apparel.shoes,bosch,95.55,100023,778be68d-2b57-4d84-8d9b-2f4300df3fc9
2024-02-12T20:01:27.000000,view,91552,1004,computers.notebook,lg,1584.83,100795,940a943e-411a-4d28-b997-5cb679a4d126
2024-02-12T20:02:30.000000,view,91552,1004,computers.notebook,lg,1584.83,100795,940a943e-411a-4d28-b997-5cb679a4d126
2024-02-12T22:01:24.000000,view,53213,1003,appliances.kitchen.refrigerators,apple,539.55,100207,3ef7a92d-4a8b-451f-9c37-f4711589f69a
2024-02-12T22:02:15.000000,view,53213,1003,appliances.kitchen.refrigerators,apple,539.55,100207,3ef7a92d-4a8b-451f-9c37-f4711589f69a
2024-02-13T00:06:28.000000,view,89654,1002,electronics.audio.headphone,asus,58.1,100507,af402da7-13d8-4201-9942-ba20d901f4fb
2024-02-13T00:35:02.000000,view,50242,1005,apparel.shoes,samsung,177.01,100850,78ce10c9-da2d-4ab2-9057-b9523f9680dc
2024-02-13T00:35:51.000000,view,50242,1005,apparel.shoes,samsung,177.01,100850,78ce10c9-da2d-4ab2-9057-b9523f9680dc
2024-02-13T00:36:52.000000,view,50242,1005,apparel.shoes,samsung,177.01,100850,78ce10c9-da2d-4ab2-9057-b9523f9680dc
2024-02-13T00:38:43.000000,view,50242,1005,apparel.shoes,samsung,177.01,100850,78ce10c9-da2d-4ab2-9057-b9523f9680dc
2024-02-13T00:39:23.000000,cart,50242,1005,apparel.shoes,samsung,177.01,100850,78ce10c9-da2d-4ab2-9057-b9523f9680dc
2024-02-13T00:40:47.000000,purchase,50242,1005,apparel.shoes,samsung,177.01,100850,78ce10c9-da2d-4ab2-9057-b9523f9680dc
2024-02-13T01:04:07.000000,view,59986,1001,electronics.smartphone,bosch,1133.02,100862,93a142cf-de2d-489d-91a6-2abe6d284513
2024-02-13T01:04:29.000000,view,59986,1001,electronics.smartphone,bosch,1133.02,100862,93a142cf-de2d-489d-91a6-2abe6d284513
2024-02-13T01:05:29.000000,view,59986,1001,electronics.smartphone,bosch,1133.02,100862,93a142cf-de2d-489d-91a6-2abe6d284513
2024-02-13T01:29:45.000000,view,93827,1004,computers.notebook,samsung,2191.03,100876,4941a0de-306e-4b69-bdaf-35e941770b72
2024-02-13T01:30:20.000000,view,93827,1004,computers.notebook,samsung,2191.03,100876,4941a0de-306e-4b69-bdaf-35e941770b72
2024-02-13T01:32:10.000000,view,93827,1004,computers.notebook,samsung,2191.03,100876,4941a0de-306e-4b69-bdaf-35e941770b72
2024-02-13T01:34:37.000000,view,93827,1004,computers.notebook,samsung,2191.03,100876,4941a0de-306e-4b69-bdaf-35e941770b72
2024-02-13T01:35:24.000000,cart,93827,1004,computers.notebook,samsung,2191.03,100876,4941a0de-306e-4b69-bdaf-35e941770b72
2024-02-13T02:09:32.000000,view,78411,1004,computers.notebook,apple,3378.44,100023,3e5e0e44-b8e4-4dd4-91c6-f56f30882409
2024-02-13T02:10:21.000000,view,78411,1004,computers.notebook,apple,3378.44,100023,3e5e0e44-b8e4-4dd4-91c6-f56f30882409
2024-02-13T02:12:22.000000,view,78411,1004,computers.notebook,apple,3378.44,100023,3e5e0e44-b8e4-4dd4-91c6-f56f30882409
2024-02-13T02:13:17.000000,view,78411,1004,computers.notebook,apple,3378.44,100023,3e5e0e44-b8e4-4dd4-91c6-f56f30882409
2024-02-13T03:14:56.000000,view,78873,1001,electronics.smartphone,bosch,317.91,100783,146d3c9d-3296-4382-ab38-489602417ead
2024-02-13T03:16:59.000000,view,78873,1001,electronics.smartphone,bosch,317.91,100783,146d3c9d-3296-4382-ab38-489602417ead
2024-02-13T03:18:59.000000,view,78873,1001,electronics.smartphone,bosch,317.91,100783,146d3c9d-3296-4382-ab38-489602417ead
2024-02-13T03:20:36.000000,view,53736,1002,electronics.audio.headphone,nike,266.75,100920,666ddd80-632a-49a6-9a2d-d3fba623f8bc
2024-02-13T03:21:46.000000,view,53736,1002,electronics.audio.headphone,nike,266.75,100920,666ddd80-632a-49a6-9a2d-d3fba623f8bc
2024-02-13T05:30:24.000000,view,65416,1001,electronics.smartphone,nike,1092.63,100643,f93f9f56-6030-4f49-9342-bc7d577ac12a
2024-02-13T05:31:55.000000,view,65416,1001,electronics.smartphone,nike,1092.63,100643,f93f9f56-6030-4f49-9342-bc7d577ac12a
2024-02-13T05:34:51.000000,view,65416,1001,electronics.smartphone,nike,1092.63,100643,f93f9f56-6030-4f49-9342-bc7d577ac12a
2024-02-13T08:00:00.000000,view,63832,1005,apparel.shoes,samsung,63.65,100547,01431a4b-c2ec-409d-a3f0-e61b1a1a375d
2024-02-13T08:00:00.000000,view,82264,1001,electronics.smartphone,bosch,254.89,100659,39229540-8b34-4888-94f3-57152d843991
2024-02-13T08:00:58.000000,view,82264,1001,electronics.smartphone,bosch,254.89,100659,39229540-8b34-4888-94f3-57152d843991
2024-02-13T08:01:41.000000,view,82264,1001,electronics.smartphone,bosch,254.89,100659,39229540-8b34-4888-94f3-57152d843991
2024-02-13T08:02:25.000000,view,63832,1005,apparel.shoes,samsung,63.65,100547,01431a4b-c2ec-409d-a3f0-e61b1a1a375d
2024-02-13T08:03:49.000000,view,82264,1001,electronics.smartphone,bosch,254.89,100659,39229540-8b34-4888-94f3-57152d843991
2024-02-13T08:04:15.000000,view,63832,1005,apparel.shoes,samsung,63.65,100547,01431a4b-c2ec-409d-a3f0-e61b1a1a375d
2024-02-13T09:00:00.000000,view,60102,1005,apparel.shoes,bosch,174.02,100227,8eabac0c-bc75-4ba5-bfd4-5cb5e1144e37
2024-02-13T09:01:48.000000,view,60102,1005,apparel.shoes,bosch,174.02,100227,8eabac0c-bc75-4ba5-bfd4-5cb5e1144e37
2024-02-13T09:02:58.000000,view,60102,1005,apparel.shoes,bosch,174.02,100227,8eabac0c-bc75-4ba5-bfd4-5cb5e1144e37
2024-02-13T09:05:57.000000,view,60102,1005,apparel.shoes,bosch,174.02,100227,8eabac0c-bc75-4ba5-bfd4-5cb5e1144e37
2024-02-13T09:06:24.000000,view,59571,1003,appliances.kitchen.refrigerators,bosch,602.72,100060,d044d6b7-f115-4dc7-afeb-a970dd4e0b3d
2024-02-13T09:08:34.000000,view,59571,1003,appliances.kitchen.refrigerators,bosch,602.72,100060,d044d6b7-f115-4dc7-afeb-a970dd4e0b3d
2024-02-13T09:09:19.000000,view,59571,1003,appliances.kitchen.refrigerators,bosch,602.72,100060,d044d6b7-f115-4dc7-afeb-a970dd4e0b3d
2024-02-13T10:00:00.000000,view,84613,1006,auto.accessories,nike,81.98,100396,9bdf6d57-b281-43dc-a9e3-59209e87e758
2024-02-13T10:00:00.000000,view,92990,1002,electronics.audio.headphone,bosch,161.63,100883,7d659428-3b47-4ab7-9de8-69982c1db6ea
2024-02-13T10:00:29.000000,view,92990,1002,electronics.audio.headphone,bosch,161.63,100883,7d659428-3b47-4ab7-9de8-69982c1db6ea
2024-02-13T10:00:39.000000,view,92990,1002,electronics.audio.headphone,bosch,161.63,100883,7d659428-3b47-4ab7-9de8-69982c1db6ea
2024-02-13T10:02:36.000000,view,84613,1006,auto.accessories,nike,81.98,100396,9bdf6d57-b281-43dc-a9e3-59209e87e758
2024-02-13T11:00:00.000000,view,83455,1002,electronics.audio.headphone,apple,199.14,100051,5bef2472-776a-49e8-ac6b-73711c9f7485
2024-02-13T11:01:39.000000,view,83455,1002,electronics.audio.headphone,apple,199.14,100051,5bef2472-776a-49e8-ac6b-73711c9f7485
2024-02-13T11:11:29.000000,view,64133,1001,electronics.smartphone,xiaomi,1026.71,100060,24be6bc3-e7a6-4e36-b74d-4c9a456f4b50
2024-02-13T11:12:07.000000,view,64133,1001,electronics.smartphone,xiaomi,1026.71,100060,24be6bc3-e7a6-4e36-b74d-4c9a456f4b50
2024-02-13T11:13:30.000000,view,64133,1001,electronics.smartphone,xiaomi,1026.71,100060,24be6bc3-e7a6-4e36-b74d-4c9a456f4b50
2024-02-13T11:14:40.000000,view,64133,1001,electronics.smartphone,xiaomi,1026.71,100060,24be6bc3-e7a6-4e36-b74d-4c9a456f4b50
2024-02-13T11:16:07.000000,cart,64133,1001,electronics.smartphone,xiaomi,1026.71,100060,24be6bc3-e7a6-4e36-b74d-4c9a456f4b50
2024-02-13T11:16:52.000000,purchase,64133,1001,electronics.smartphone,xiaomi,1026.71,100060,24be6bc3-e7a6-4e36-b74d-4c9a456f4b50
2024-02-13T12:00:00.000000,view,98277,1006,auto.accessories,asus,135.65,100584,febef378-3189-448a-a6a1-aa188c046837
2024-02-13T12:01:54.000000,view,98277,1006,auto.accessories,asus,135.65,100584,febef378-3189-448a-a6a1-aa188c046837
2024-02-13T12:02:15.000000,cart,98277,1006,auto.accessories,asus,135.65,100584,febef378-3189-448a-a6a1-aa188c046837
2024-02-13T12:03:52.000000,purchase,98277,1006,auto.accessories,asus,135.65,100584,febef378-3189-448a-a6a1-aa188c046837
2024-02-13T12:09:35.000000,view,77645,1005,apparel.shoes,nike,124.31,100363,c7e754c2-65d9-481e-be06-4532dd78ab27
2024-02-13T12:10:07.000000,view,77645,1005,apparel.shoes,nike,124.31,100363,c7e754c2-65d9-481e-be06-4532dd78ab27
2024-02-13T12:11:17.000000,cart,77645,1005,apparel.shoes,nike,124.31,100363,c7e754c2-65d9-481e-be06-4532dd78ab27
2024-02-13T13:00:00.000000,view,77465,1004,computers.notebook,samsung,2572.21,100169,cc6a132e-753d-46c4-b29f-1ea0d2fe377d
2024-02-13T13:00:00.000000,view,86063,1004,computers.notebook,asus,968.55,100582,3d8a662c-bfdf-4a4f-9c8e-693b8692116b
2024-02-13T13:00:00.000000,view,75315,1001,electronics.smartphone,samsung,341.51,100985,d5895099-5e56-4c07-bb2e-18ffad912b18
2024-02-13T13:01:05.000000,view,75315,1001,electronics.smartphone,samsung,341.51,100985,d5895099-5e56-4c07-bb2e-18ffad912b18
2024-02-13T13:01:43.000000,view,77465,1004,computers.notebook,samsung,2572.21,100169,cc6a132e-753d-46c4-b29f-1ea0d2fe377d
2024-02-13T13:03:35.000000,view,77465,1004,computers.notebook,samsung,2572.21,100169,cc6a132e-753d-46c4-b29f-1ea0d2fe377d
2024-02-13T13:03:50.000000,view,75315,1001,electronics.smartphone,samsung,341.51,100985,d5895099-5e56-4c07-bb2e-18ffad912b18
2024-02-13T13:05:34.000000,cart,75315,1001,electronics.smartphone,samsung,341.51,100985,d5895099-5e56-4c07-bb2e-18ffad912b18
2024-02-13T14:00:00.000000,view,54675,1005,apparel.shoes,lg,52.66,100172,b17783de-7f1f-4f13-8803-67f254e93d8e
2024-02-13T14:01:08.000000,view,54675,1005,apparel.shoes,lg,52.66,100172,b17783de-7f1f-4f13-8803-67f254e93d8e
2024-02-13T14:02:38.000000,view,54675,1005,apparel.shoes,lg,52.66,100172,b17783de-7f1f-4f13-8803-67f254e93d8e
2024-02-13T14:36:03.000000,view,81626,1001,electronics.smartphone,bosch,440.18,100643,b093958a-3314-4a39-b27d-dd31d910a30b
2024-02-13T14:37:02.000000,view,81626,1001,electronics.smartphone,bosch,440.18,100643,b093958a-3314-4a39-b27d-dd31d910a30b
2024-02-13T14:38:32.000000,cart,81626,1001,electronics.smartphone,bosch,440.18,100643,b093958a-3314-4a39-b27d-dd31d910a30b
2024-02-13T14:40:02.000000,purchase,81626,1001,electronics.smartphone,bosch,440.18,100643,b093958a-3314-4a39-b27d-dd31d910a30b
2024-02-13T17:00:00.000000,view,73538,1002,electronics.audio.headphone,asus,120.18,100662,0cb7bebe-b930-41e3-b2a8-ed3e8d2a9e3f
2024-02-13T17:01:45.000000,view,73538,1002,electronics.audio.headphone,asus,120.18,100662,0cb7bebe-b930-41e3-b2a8-ed3e8d2a9e3f
2024-02-13T17:04:20.000000,cart,73538,1002,electronics.audio.headphone,asus,120.18,100662,0cb7bebe-b930-41e3-b2a8-ed3e8d2a9e3f
2024-02-13T17:04:40.000000,purchase,73538,1002,electronics.audio.headphone,asus,120.18,100662,0cb7bebe-b930-41e3-b2a8-ed3e8d2a9e3f
2024-02-13T18:00:00.000000,view,78680,1005,apparel.shoes,bosch,189.18,100618,92cc2f8d-500a-4629-bb30-aa1a833e9ef1
2024-02-13T18:02:49.000000,view,78680,1005,apparel.shoes,bosch,189.18,100618,92cc2f8d-500a-4629-bb30-aa1a833e9ef1
2024-02-13T18:03:53.000000,cart,78680,1005,apparel.shoes,bosch,189.18,100618,92cc2f8d-500a-4629-bb30-aa1a833e9ef1
2024-02-13T18:05:21.000000,purchase,78680,1005,apparel.shoes,bosch,189.18,100618,92cc2f8d-500a-4629-bb30-aa1a833e9ef1
2024-02-13T19:07:59.000000,view,72614,1006,auto.accessories,bosch,22.33,100227,e50eb6f3-1bac-4f34-b053-aaa41c9f1d40
2024-02-13T19:08:38.000000,view,72614,1006,auto.accessories,bosch,22.33,100227,e50eb6f3-1bac-4f34-b053-aaa41c9f1d40
2024-02-13T19:09:01.000000,view,72614,1006,auto.accessories,bosch,22.33,100227,e50eb6f3-1bac-4f34-b053-aaa41c9f1d40
2024-02-13T20:00:00.000000,view,98957,1002,electronics.audio.headphone,apple,295.1,100278,761fa1fa-221f-4880-9c38-2829f101d4b2
2024-02-13T20:00:00.000000,view,88479,1001,electronics.smartphone,nike,600.08,100955,0b8505e2-ffdb-4eb9-9514-950ed4d64c1a
2024-02-13T20:00:37.000000,view,98957,1002,electronics.audio.headphone,apple,295.1,100278,761fa1fa-221f-4880-9c38-2829f101d4b2
2024-02-13T20:01:42.000000,view,88479,1001,electronics.smartphone,nike,600.08,100955,0b8505e2-ffdb-4eb9-9514-950ed4d64c1a
2024-02-13T20:02:15.000000,view,85328,1006,auto.accessories,bosch,137.88,100763,1182a745-f7e5-48f0-8947-c313b50daa62
2024-02-13T20:02:38.000000,view,98957,1002,electronics.audio.headphone,apple,295.1,100278,761fa1fa-221f-4880-9c38-2829f101d4b2
2024-02-13T20:03:00.000000,view,85328,1006,auto.accessories,bosch,137.88,100763,1182a745-f7e5-48f0-8947-c313b50daa62
2024-02-13T20:03:47.000000,view,71164,1005,apparel.shoes,xiaomi,102.0,100511,33f69ea6-b2a9-47fc-bf2c-de7e0fb24e91
2024-02-13T20:04:01.000000,view,71164,1005,apparel.shoes,xiaomi,102.0,100511,33f69ea6-b2a9-47fc-bf2c-de7e0fb24e91
2024-02-13T20:04:20.000000,view,88479,1001,electronics.smartphone,nike,600.08,100955,0b8505e2-ffdb-4eb9-9514-950ed4d64c1a
2024-02-13T20:05:04.000000,cart,98957,1002,electronics.audio.headphone,apple,295.1,100278,761fa1fa-221f-4880-9c38-2829f101d4b2
2024-02-13T20:05:57.000000,cart,85328,1006,auto.accessories,bosch,137.88,100763,1182a745-f7e5-48f0-8947-c313b50daa62
2024-02-13T20:06:09.000000,purchase,98957,1002,electronics.audio.headphone,apple,295.1,100278,761fa1fa-221f-4880-9c38-2829f101d4b2
2024-02-13T20:06:21.000000,view,71164,1005,apparel.shoes,xiaomi,102.0,100511,33f69ea6-b2a9-47fc-bf2c-de7e0fb24e91
2024-02-13T20:07:45.000000,view,71164,1005,apparel.shoes,xiaomi,102.0,100511,33f69ea6-b2a9-47fc-bf2c-de7e0fb24e91
2024-02-13T20:10:01.000000,cart,71164,1005,apparel.shoes,xiaomi,102.0,100511,33f69ea6-b2a9-47fc-bf2c-de7e0fb24e91
2024-02-13T20:12:10.000000,view,67821,1003,appliances.kitchen.refrigerators,nike,1589.62,100559,60a441a8-36bd-4f36-9120-7258186ca297
2024-02-13T20:14:54.000000,view,67821,1003,appliances.kitchen.refrigerators,nike,1589.62,100559,60a441a8-36bd-4f36-9120-7258186ca297
2024-02-13T20:17:28.000000,view,67821,1003,appliances.kitchen.refrigerators,nike,1589.62,100559,60a441a8-36bd-4f36-9120-7258186ca297
2024-02-13T20:20:02.000000,view,67821,1003,appliances.kitchen.refrigerators,nike,1589.62,100559,60a441a8-36bd-4f36-9120-7258186ca297
2024-02-13T20:21:43.000000,cart,67821,1003,appliances.kitchen.refrigerators,nike,1589.62,100559,60a441a8-36bd-4f36-9120-7258186ca297
2024-02-13T20:29:20.000000,view,80186,1001,electronics.smartphone,asus,481.72,100334,b76f59c6-cc49-4fa2-8ab4-2a41d0d1adc9
2024-02-13T20:30:26.000000,view,80186,1001,electronics.smartphone,asus,481.72,100334,b76f59c6-cc49-4fa2-8ab4-2a41d0d1adc9
2024-02-13T20:32:43.000000,view,80186,1001,electronics.smartphone,asus,481.72,100334,b76f59c6-cc49-4fa2-8ab4-2a41d0d1adc9
2024-02-13T20:34:49.000000,cart,80186,1001,electronics.smartphone,asus,481.72,100334,b76f59c6-cc49-4fa2-8ab4-2a41d0d1adc9
2024-02-13T20:35:40.000000,purchase,80186,1001,electronics.smartphone,asus,481.72,100334,b76f59c6-cc49-4fa2-8ab4-2a41d0d1adc9
2024-02-13T21:11:58.000000,view,57219,1004,computers.notebook,samsung,584.69,100363,0859c7bc-06f5-4173-b826-625c8df9f277
2024-02-13T21:13:40.000000,view,57219,1004,computers.notebook,samsung,584.69,100363,0859c7bc-06f5-4173-b826-625c8df9f277
2024-02-13T21:14:25.000000,view,57219,1004,computers.notebook,samsung,584.69,100363,0859c7bc-06f5-4173-b826-625c8df9f277
2024-02-13T22:13:04.000000,view,74534,1003,appliances.kitchen.refrigerators,asus,1131.55,100451,3981da43-7908-4057-bec7-266f6a17715f
2024-02-13T22:15:59.000000,view,74534,1003,appliances.kitchen.refrigerators,asus,1131.55,100451,3981da43-7908-4057-bec7-266f6a17715f
2024-02-13T22:16:52.000000,view,74534,1003,appliances.kitchen.refrigerators,asus,1131.55,100451,3981da43-7908-4057-bec7-266f6a17715f
2024-02-13T22:19:16.000000,view,74534,1003,appliances.kitchen.refrigerators,asus,1131.55,100451,3981da43-7908-4057-bec7-266f6a17715f
2024-02-13T22:21:29.000000,cart,74534,1003,appliances.kitchen.refrigerators,asus,1131.55,100451,3981da43-7908-4057-bec7-266f6a17715f
2024-02-13T22:22:32.000000,purchase,74534,1003,appliances.kitchen.refrigerators,asus,1131.55,100451,3981da43-7908-4057-bec7-266f6a17715f
2024-02-13T23:03:04.000000,view,81885,1001,electronics.smartphone,nike,739.39,100444,330f950d-5f7e-425e-a032-00d4bb3ef421
2024-02-13T23:03:35.000000,view,81885,1001,electronics.smartphone,nike,739.39,100444,330f950d-5f7e-425e-a032-00d4bb3ef421
2024-02-13T23:04:38.000000,view,81885,1001,electronics.smartphone,nike,739.39,100444,330f950d-5f7e-425e-a032-00d4bb3ef421
2024-02-13T23:07:03.000000,cart,81885,1001,electronics.smartphone,nike,739.39,100444,330f950d-5f7e-425e-a032-00d4bb3ef421
2024-02-14T00:03:45.000000,view,91098,1003,appliances.kitchen.refrigerators,apple,2040.34,100857,11ac8cea-d7b9-41aa-a77e-b31e4f99d6f6
2024-02-14T00:04:49.000000,view,87854,1004,computers.notebook,asus,440.45,100662,891a1a67-964e-499f-b17c-da6536282e53
2024-02-14T00:06:02.000000,view,91098,1003,appliances.kitchen.refrigerators,apple,2040.34,100857,11ac8cea-d7b9-41aa-a77e-b31e4f99d6f6
2024-02-14T00:07:32.000000,view,91098,1003,appliances.kitchen.refrigerators,apple,2040.34,100857,11ac8cea-d7b9-41aa-a77e-b31e4f99d6f6
2024-02-14T00:09:02.000000,view,91098,1003,appliances.kitchen.refrigerators,apple,2040.34,100857,11ac8cea-d7b9-41aa-a77e-b31e4f99d6f6
2024-02-14T01:06:15.000000,view,96288,1004,computers.notebook,bosch,858.43,100483,7d882a9c-0d34-4b56-b287-60bc2e15089a
2024-02-14T01:06:41.000000,view,96288,1004,computers.notebook,bosch,858.43,100483,7d882a9c-0d34-4b56-b287-60bc2e15089a
2024-02-14T01:08:01.000000,view,96288,1004,computers.notebook,bosch,858.43,100483,7d882a9c-0d34-4b56-b287-60bc2e15089a
2024-02-14T01:10:36.000000,cart,96288,1004,computers.notebook,bosch,858.43,100483,7d882a9c-0d34-4b56-b287-60bc2e15089a
2024-02-14T01:12:24.000000,purchase,96288,1004,computers.notebook,bosch,858.43,100483,7d882a9c-0d34-4b56-b287-60bc2e15089a
2024-02-14T02:06:36.000000,view,73173,1003,appliances.kitchen.refrigerators,bosch,445.67,100212,9c549fd1-7ceb-40d3-ae14-a2ac523e041c
2024-02-14T02:07:17.000000,view,68881,1001,electronics.smartphone,samsung,892.3,100028,84ddbce0-3e9f-476b-9a0b-98ca80f570d1
2024-02-14T02:07:45.000000,view,68881,1001,electronics.smartphone,samsung,892.3,100028,84ddbce0-3e9f-476b-9a0b-98ca80f570d1
2024-02-14T02:07:57.000000,view,73173,1003,appliances.kitchen.refrigerators,bosch,445.67,100212,9c549fd1-7ceb-40d3-ae14-a2ac523e041c
2024-02-14T02:08:14.000000,cart,73173,1003,appliances.kitchen.refrigerators,bosch,445.67,100212,9c549fd1-7ceb-40d3-ae14-a2ac523e041c
2024-02-14T02:08:54.000000,view,68881,1001,electronics.smartphone,samsung,892.3,100028,84ddbce0-3e9f-476b-9a0b-98ca80f570d1
2024-02-14T02:10:11.000000,view,68881,1001,electronics.smartphone,samsung,892.3,100028,84ddbce0-3e9f-476b-9a0b-98ca80f570d1
2024-02-14T02:16:00.000000,view,98196,1004,computers.notebook,asus,1228.85,100342,803f8d40-f1f8-48d8-b664-f62039c79dfa
2024-02-14T02:17:13.000000,view,98196,1004,computers.notebook,asus,1228.85,100342,803f8d40-f1f8-48d8-b664-f62039c79dfa
2024-02-14T02:19:58.000000,view,98196,1004,computers.notebook,asus,1228.85,100342,803f8d40-f1f8-48d8-b664-f62039c79dfa
2024-02-14T06:09:00.000000,view,51650,1004,computers.notebook,bosch,1992.37,100995,b33ee6f1-bf6a-4c7f-8fd9-46316f8d4379
2024-02-14T06:09:56.000000,view,51650,1004,computers.notebook,bosch,1992.37,100995,b33ee6f1-bf6a-4c7f-8fd9-46316f8d4379
2024-02-14T06:11:52.000000,view,51650,1004,computers.notebook,bosch,1992.37,100995,b33ee6f1-bf6a-4c7f-8fd9-46316f8d4379
2024-02-14T06:24:12.000000,view,77350,1006,auto.accessories,samsung,47.45,100196,95691e60-48ff-45c4-b17e-68af235f6555
2024-02-14T06:26:11.000000,view,77350,1006,auto.accessories,samsung,47.45,100196,95691e60-48ff-45c4-b17e-68af235f6555
2024-02-14T07:07:21.000000,view,75791,1006,auto.accessories,bosch,125.58,100862,0810974c-8be3-4210-82c6-4154b4e7aa50
2024-02-14T07:41:01.000000,view,50485,1004,computers.notebook,samsung,706.77,100850,293f43c1-8522-4eab-84ea-0f4359a869d9
2024-02-14T07:42:42.000000,view,50485,1004,computers.notebook,samsung,706.77,100850,293f43c1-8522-4eab-84ea-0f4359a869d9
2024-02-14T07:44:13.000000,view,50485,1004,computers.notebook,samsung,706.77,100850,293f43c1-8522-4eab-84ea-0f4359a869d9
2024-02-14T08:00:00.000000,view,55626,1003,appliances.kitchen.refrigerators,lg,555.35,100101,255d852a-d650-43fd-b3bf-1f7eace837d5
2024-02-14T08:00:00.000000,view,59624,1005,apparel.shoes,asus,152.05,100284,7ecf18f5-a869-4c05-bccb-35aa639c8358
2024-02-14T08:00:00.000000,view,72127,1006,auto.accessories,samsung,53.3,100788,634a90a9-27dc-43f0-af2d-02129112eadc
2024-02-14T08:00:00.000000,view,87722,1001,electronics.smartphone,bosch,949.88,100827,3b8bbd11-8fc6-4c85-b0ba-8b80c2fe9f3e
2024-02-14T08:00:21.000000,view,87722,1001,electronics.smartphone,bosch,949.88,100827,3b8bbd11-8fc6-4c85-b0ba-8b80c2fe9f3e
2024-02-14T08:01:39.000000,view,55626,1003,appliances.kitchen.refrigerators,lg,555.35,100101,255d852a-d650-43fd-b3bf-1f7eace837d5
2024-02-14T08:02:54.000000,view,59624,1005,apparel.shoes,asus,152.05,100284,7ecf18f5-a869-4c05-bccb-35aa639c8358
2024-02-14T08:03:08.000000,cart,55626,1003,appliances.kitchen.refrigerators,lg,555.35,100101,255d852a-d650-43fd-b3bf-1f7eace837d5
2024-02-14T08:03:56.000000,view,59624,1005,apparel.shoes,asus,152.05,100284,7ecf18f5-a869-4c05-bccb-35aa639c8358
2024-02-14T08:05:03.000000,purchase,55626,1003,appliances.kitchen.refrigerators,lg,555.35,100101,255d852a-d650-43fd-b3bf-1f7eace837d5
2024-02-14T08:06:25.000000,view,59624,1005,apparel.shoes,asus,152.05,100284,7ecf18f5-a869-4c05-bccb-35aa639c8358
2024-02-14T08:21:55.000000,view,68797,1004,computers.notebook,asus,1255.05,100342,c5e19b71-c491-449d-ba43-6419f803d565
2024-02-14T08:24:18.000000,view,68797,1004,computers.notebook,asus,1255.05,100342,c5e19b71-c491-449d-ba43-6419f803d565
2024-02-14T08:25:26.000000,view,68797,1004,computers.notebook,asus,1255.05,100342,c5e19b71-c491-449d-ba43-6419f803d565
2024-02-14T08:26:54.000000,view,68797,1004,computers.notebook,asus,1255.05,100342,c5e19b71-c491-449d-ba43-6419f803d565
2024-02-14T09:10:03.000000,view,94924,1005,apparel.shoes,asus,46.37,100857,6536acac-a540-4567-b8a8-47a5c7132393
2024-02-14T09:11:06.000000,view,94924,1005,apparel.shoes,asus,46.37,100857,6536acac-a540-4567-b8a8-47a5c7132393
2024-02-14T09:13:14.000000,view,94924,1005,apparel.shoes,asus,46.37,100857,6536acac-a540-4567-b8a8-47a5c7132393
2024-02-14T09:15:35.000000,view,94924,1005,apparel.shoes,asus,46.37,100857,6536acac-a540-4567-b8a8-47a5c7132393
2024-02-14T09:16:01.000000,cart,94924,1005,apparel.shoes,asus,46.37,100857,6536acac-a540-4567-b8a8-47a5c7132393
2024-02-14T09:16:24.000000,purchase,94924,1005,apparel.shoes,asus,46.37,100857,6536acac-a540-4567-b8a8-47a5c7132393
2024-02-14T10:22:30.000000,view,58487,1003,appliances.kitchen.refrigerators,lg,1972.14,100976,ad2137ff-1c74-4963-b7cd-6d15d6f0e39c
2024-02-14T10:22:52.000000,view,58487,1003,appliances.kitchen.refrigerators,lg,1972.14,100976,ad2137ff-1c74-4963-b7cd-6d15d6f0e39c
2024-02-14T10:23:53.000000,view,58487,1003,appliances.kitchen.refrigerators,lg,1972.14,100976,ad2137ff-1c74-4963-b7cd-6d15d6f0e39c
2024-02-14T10:24:43.000000,view,58487,1003,appliances.kitchen.refrigerators,lg,1972.14,100976,ad2137ff-1c74-4963-b7cd-6d15d6f0e39c
2024-02-14T10:25:30.000000,cart,58487,1003,appliances.kitchen.refrigerators,lg,1972.14,100976,ad2137ff-1c74-4963-b7cd-6d15d6f0e39c
2024-02-14T14:00:00.000000,view,60063,1006,auto.accessories,nike,123.41,100984,213b68af-fed5-46ea-a025-40cb5e97d02b
2024-02-14T14:00:20.000000,view,60063,1006,auto.accessories,nike,123.41,100984,213b68af-fed5-46ea-a025-40cb5e97d02b
2024-02-14T14:01:13.000000,view,60063,1006,auto.accessories,nike,123.41,100984,213b68af-fed5-46ea-a025-40cb5e97d02b
2024-02-14T15:00:00.000000,view,86899,1003,appliances.kitchen.refrigerators,xiaomi,1708.18,100689,01110c0d-36cd-40a4-81c9-c0efa0712a08
2024-02-14T15:02:12.000000,view,86899,1003,appliances.kitchen.refrigerators,xiaomi,1708.18,100689,01110c0d-36cd-40a4-81c9-c0efa0712a08
2024-02-14T15:02:23.000000,view,86899,1003,appliances.kitchen.refrigerators,xiaomi,1708.18,100689,01110c0d-36cd-40a4-81c9-c0efa0712a08
2024-02-14T15:02:45.000000,cart,86899,1003,appliances.kitchen.refrigerators,xiaomi,1708.18,100689,01110c0d-36cd-40a4-81c9-c0efa0712a08
2024-02-14T16:00:00.000000,view,68564,1002,electronics.audio.headphone,nike,182.87,100215,c23b9885-43b7-4af1-9655-9974db05962f
2024-02-14T16:00:00.000000,view,66078,1004,computers.notebook,asus,1047.86,100738,dd2c6e4a-5857-462d-b84a-cca17c19874c
2024-02-14T16:00:28.000000,view,68564,1002,electronics.audio.headphone,nike,182.87,100215,c23b9885-43b7-4af1-9655-9974db05962f
2024-02-14T16:02:48.000000,view,66078,1004,computers.notebook,asus,1047.86,100738,dd2c6e4a-5857-462d-b84a-cca17c19874c
2024-02-14T17:00:00.000000,view,72919,1003,appliances.kitchen.refrigerators,samsung,1655.69,100193,12b05ba0-069a-4548-a26d-e42802e64cb5
2024-02-14T17:02:49.000000,view,72919,1003,appliances.kitchen.refrigerators,samsung,1655.69,100193,12b05ba0-069a-4548-a26d-e42802e64cb5
2024-02-14T17:03:36.000000,view,72919,1003,appliances.kitchen.refrigerators,samsung,1655.69,100193,12b05ba0-069a-4548-a26d-e42802e64cb5
2024-02-14T17:05:38.000000,view,72919,1003,appliances.kitchen.refrigerators,samsung,1655.69,100193,12b05ba0-069a-4548-a26d-e42802e64cb5
2024-02-14T17:20:27.000000,view,74970,1003,appliances.kitchen.refrigerators,asus,2109.32,100036,edfc34f1-70de-4aa2-8db9-0660ededc8aa
2024-02-14T17:21:04.000000,view,74970,1003,appliances.kitchen.refrigerators,asus,2109.32,100036,edfc34f1-70de-4aa2-8db9-0660ededc8aa
2024-02-14T17:22:13.000000,view,74970,1003,appliances.kitchen.refrigerators,asus,2109.32,100036,edfc34f1-70de-4aa2-8db9-0660ededc8aa
2024-02-14T17:24:23.000000,cart,74970,1003,appliances.kitchen.refrigerators,asus,2109.32,100036,edfc34f1-70de-4aa2-8db9-0660ededc8aa
2024-02-14T17:25:49.000000,purchase,74970,1003,appliances.kitchen.refrigerators,asus,2109.32,100036,edfc34f1-70de-4aa2-8db9-0660ededc8aa
2024-02-14T18:00:00.000000,view,83809,1003,appliances.kitchen.refrigerators,nike,905.17,100571,99c997a3-b593-4705-ae70-810abe638ce4
2024-02-14T18:01:53.000000,view,83809,1003,appliances.kitchen.refrigerators,nike,905.17,100571,99c997a3-b593-4705-ae70-810abe638ce4
2024-02-14T19:00:00.000000,view,93798,1001,electronics.smartphone,apple,922.63,100956,0c40e367-8528-479d-8cba-7211c1a16cf0
2024-02-14T19:02:58.000000,view,93798,1001,electronics.smartphone,apple,922.63,100956,0c40e367-8528-479d-8cba-7211c1a16cf0
2024-02-14T19:03:24.000000,view,93798,1001,electronics.smartphone,apple,922.63,100956,0c40e367-8528-479d-8cba-7211c1a16cf0
2024-02-14T19:04:47.000000,view,54401,1002,electronics.audio.headphone,bosch,145.69,100396,db188543-0dd0-4d2b-b243-c9fa940a72ab
2024-02-14T19:05:00.000000,view,93798,1001,electronics.smartphone,apple,922.63,100956,0c40e367-8528-479d-8cba-7211c1a16cf0
2024-02-14T19:05:15.000000,view,54401,1002,electronics.audio.headphone,bosch,145.69,100396,db188543-0dd0-4d2b-b243-c9fa940a72ab
2024-02-14T19:07:50.000000,view,54401,1002,electronics.audio.headphone,bosch,145.69,100396,db188543-0dd0-4d2b-b243-c9fa940a72ab
2024-02-14T19:08:20.000000,view,54401,1002,electronics.audio.headphone,bosch,145.69,100396,db188543-0dd0-4d2b-b243-c9fa940a72ab
2024-02-14T19:17:07.000000,view,83418,1003,appliances.kitchen.refrigerators,xiaomi,2472.65,100857,f59d5018-9dd0-4a70-b979-38a36bf5ae25
2024-02-14T19:17:59.000000,view,83418,1003,appliances.kitchen.refrigerators,xiaomi,2472.65,100857,f59d5018-9dd0-4a70-b979-38a36bf5ae25
2024-02-14T19:19:52.000000,view,83418,1003,appliances.kitchen.refrigerators,xiaomi,2472.65,100857,f59d5018-9dd0-4a70-b979-38a36bf5ae25
2024-02-14T19:22:22.000000,view,83418,1003,appliances.kitchen.refrigerators,xiaomi,2472.65,100857,f59d5018-9dd0-4a70-b979-38a36bf5ae25
2024-02-14T20:00:00.000000,view,93206,1006,auto.accessories,samsung,31.08,100161,b52400c1-65cd-45a9-94d1-8f6e2c197371
2024-02-14T20:02:04.000000,view,93206,1006,auto.accessories,samsung,31.08,100161,b52400c1-65cd-45a9-94d1-8f6e2c197371
2024-02-14T20:02:55.000000,cart,93206,1006,auto.accessories,samsung,31.08,100161,b52400c1-65cd-45a9-94d1-8f6e2c197371
2024-02-14T20:04:15.000000,purchase,93206,1006,auto.accessories,samsung,31.08,100161,b52400c1-65cd-45a9-94d1-8f6e2c197371
2024-02-14T20:07:11.000000,view,86777,1001,electronics.smartphone,lg,789.99,100985,c977c43c-05c8-4298-81bb-c317af6fe15a
2024-02-14T22:01:24.000000,view,80575,1001,electronics.smartphone,nike,762.94,100883,b0f8ce81-2b8a-4dab-9ad6-bea6193584af
2024-02-14T22:03:47.000000,view,80575,1001,electronics.smartphone,nike,762.94,100883,b0f8ce81-2b8a-4dab-9ad6-bea6193584af
2024-02-14T22:06:11.000000,view,80575,1001,electronics.smartphone,nike,762.94,100883,b0f8ce81-2b8a-4dab-9ad6-bea6193584af
2024-02-15T00:07:54.000000,view,61363,1006,auto.accessories,apple,23.55,100975,4c65c7d0-6ddd-453a-8ace-31abe8167f96
2024-02-15T00:08:43.000000,view,61363,1006,auto.accessories,apple,23.55,100975,4c65c7d0-6ddd-453a-8ace-31abe8167f96
2024-02-15T00:10:53.000000,view,61363,1006,auto.accessories,apple,23.55,100975,4c65c7d0-6ddd-453a-8ace-31abe8167f96
2024-02-15T00:11:52.000000,cart,61363,1006,auto.accessories,apple,23.55,100975,4c65c7d0-6ddd-453a-8ace-31abe8167f96
2024-02-15T00:12:18.000000,purchase,61363,1006,auto.accessories,apple,23.55,100975,4c65c7d0-6ddd-453a-8ace-31abe8167f96
2024-02-15T01:11:56.000000,view,94846,1005,apparel.shoes,xiaomi,75.06,100760,a2619825-c4fa-4838-8833-65391786be74
2024-02-15T01:12:36.000000,view,94846,1005,apparel.shoes,xiaomi,75.06,100760,a2619825-c4fa-4838-8833-65391786be74
2024-02-15T01:13:10.000000,view,94846,1005,apparel.shoes,xiaomi,75.06,100760,a2619825-c4fa-4838-8833-65391786be74
2024-02-15T01:14:22.000000,view,94846,1005,apparel.shoes,xiaomi,75.06,100760,a2619825-c4fa-4838-8833-65391786be74
2024-02-15T01:16:26.000000,cart,94846,1005,apparel.shoes,xiaomi,75.06,100760,a2619825-c4fa-4838-8833-65391786be74
2024-02-15T02:12:26.000000,view,86425,1002,electronics.audio.headphone,samsung,298.06,100716,67abe6e9-edad-45b4-aacb-7671449f5785
2024-02-15T02:14:44.000000,view,86425,1002,electronics.audio.headphone,samsung,298.06,100716,67abe6e9-edad-45b4-aacb-7671449f5785
2024-02-15T03:05:50.000000,view,61720,1001,electronics.smartphone,nike,628.11,100618,d08469c0-13d2-485b-bfad-7bf76beaac64
2024-02-15T03:08:13.000000,view,61720,1001,electronics.smartphone,nike,628.11,100618,d08469c0-13d2-485b-bfad-7bf76beaac64
2024-02-15T03:08:49.000000,view,61720,1001,electronics.smartphone,nike,628.11,100618,d08469c0-13d2-485b-bfad-7bf76beaac64
2024-02-15T03:09:53.000000,view,84899,1006,auto.accessories,bosch,46.54,100227,3ceb2a00-0dde-448a-bff9-510d519dfe5f
2024-02-15T03:12:04.000000,view,84899,1006,auto.accessories,bosch,46.54,100227,3ceb2a00-0dde-448a-bff9-510d519dfe5f
2024-02-15T03:13:21.000000,view,84899,1006,auto.accessories,bosch,46.54,100227,3ceb2a00-0dde-448a-bff9-510d519dfe5f
2024-02-15T03:14:08.000000,view,84899,1006,auto.accessories,bosch,46.54,100227,3ceb2a00-0dde-448a-bff9-510d519dfe5f
2024-02-15T04:12:48.000000,view,92016,1001,electronics.smartphone,xiaomi,524.18,100975,94772235-f127-48fe-bba9-4c0bcca7bce1
2024-02-15T04:13:11.000000,view,92016,1001,electronics.smartphone,xiaomi,524.18,100975,94772235-f127-48fe-bba9-4c0bcca7bce1
2024-02-15T04:13:37.000000,cart,92016,1001,electronics.smartphone,xiaomi,524.18,100975,94772235-f127-48fe-bba9-4c0bcca7bce1
2024-02-15T04:13:56.000000,purchase,92016,1001,electronics.smartphone,xiaomi,524.18,100975,94772235-f127-48fe-bba9-4c0bcca7bce1
2024-02-15T05:06:56.000000,view,70245,1003,appliances.kitchen.refrigerators,apple,1388.98,100956,78057b69-4fc7-480d-b2fa-feb6c71ee7c0
2024-02-15T05:09:44.000000,view,70245,1003,appliances.kitchen.refrigerators,apple,1388.98,100956,78057b69-4fc7-480d-b2fa-feb6c71ee7c0
2024-02-15T05:22:48.000000,view,61462,1002,electronics.audio.headphone,apple,66.84,100638,60d008c1-6182-444e-adcf-c87794fb07e5
2024-02-15T05:24:53.000000,view,61462,1002,electronics.audio.headphone,apple,66.84,100638,60d008c1-6182-444e-adcf-c87794fb07e5
2024-02-15T07:07:55.000000,view,90951,1001,electronics.smartphone,samsung,764.18,100444,22c503ef-6305-4879-8dbb-c220c324a053
2024-02-15T07:10:29.000000,view,90951,1001,electronics.smartphone,samsung,764.18,100444,22c503ef-6305-4879-8dbb-c220c324a053
2024-02-15T07:12:29.000000,view,90951,1001,electronics.smartphone,samsung,764.18,100444,22c503ef-6305-4879-8dbb-c220c324a053
2024-02-15T07:14:31.000000,view,65789,1006,auto.accessories,xiaomi,101.89,100642,44e8960b-c29e-4f3f-80cd-6a6af4da054e
2024-02-15T09:00:00.000000,view,78588,1006,auto.accessories,apple,17.53,100049,84e4ef25-f738-4ad5-b105-530148369cfd
2024-02-15T09:00:00.000000,view,54900,1002,electronics.audio.headphone,xiaomi,171.97,100397,0a8cf269-2bdc-48f5-8a1c-2b97bcb58c31
2024-02-15T09:02:22.000000,view,54900,1002,electronics.audio.headphone,xiaomi,171.97,100397,0a8cf269-2bdc-48f5-8a1c-2b97bcb58c31
2024-02-15T09:12:12.000000,view,70966,1004,computers.notebook,apple,1364.24,100956,a57f426c-249d-499f-aa58-003811dccbbd
2024-02-15T09:13:38.000000,view,70966,1004,computers.notebook,apple,1364.24,100956,a57f426c-249d-499f-aa58-003811dccbbd
2024-02-15T10:00:00.000000,view,62702,1002,electronics.audio.headphone,xiaomi,172.24,100372,d0ec500b-6fd6-4ca9-b801-bc231d9af434
2024-02-15T10:00:00.000000,view,55946,1003,appliances.kitchen.refrigerators,lg,706.05,100485,57dcd06b-6c5d-4915-8a36-79a383c4d393
2024-02-15T10:00:00.000000,view,57169,1006,auto.accessories,bosch,81.69,100706,cd6c7322-9af8-4ef3-b297-82e9b0da3828
2024-02-15T10:00:00.000000,view,56535,1006,auto.accessories,nike,120.37,100939,57157762-8d7a-4c09-972b-2fbe7f07212c
2024-02-15T10:00:12.000000,view,56535,1006,auto.accessories,nike,120.37,100939,57157762-8d7a-4c09-972b-2fbe7f07212c
2024-02-15T10:00:54.000000,view,57169,1006,auto.accessories,bosch,81.69,100706,cd6c7322-9af8-4ef3-b297-82e9b0da3828
2024-02-15T10:01:01.000000,view,55946,1003,appliances.kitchen.refrigerators,lg,706.05,100485,57dcd06b-6c5d-4915-8a36-79a383c4d393
2024-02-15T10:01:46.000000,view,62702,1002,electronics.audio.headphone,xiaomi,172.24,100372,d0ec500b-6fd6-4ca9-b801-bc231d9af434
2024-02-15T10:02:09.000000,view,55946,1003,appliances.kitchen.refrigerators,lg,706.05,100485,57dcd06b-6c5d-4915-8a36-79a383c4d393
2024-02-15T10:02:18.000000,view,56535,1006,auto.accessories,nike,120.37,100939,57157762-8d7a-4c09-972b-2fbe7f07212c
2024-02-15T10:02:57.000000,view,56535,1006,auto.accessories,nike,120.37,100939,57157762-8d7a-4c09-972b-2fbe7f07212c
2024-02-15T10:03:48.000000,view,55946,1003,appliances.kitchen.refrigerators,lg,706.05,100485,57dcd06b-6c5d-4915-8a36-79a383c4d393
2024-02-15T10:04:58.000000,cart,56535,1006,auto.accessories,nike,120.37,100939,57157762-8d7a-4c09-972b-2fbe7f07212c
2024-02-15T10:05:38.000000,view,95663,1004,computers.notebook,nike,1802.59,100101,f80fe8ea-6e9f-452e-b307-19b91c9a3cff
2024-02-15T10:06:24.000000,purchase,56535,1006,auto.accessories,nike,120.37,100939,57157762-8d7a-4c09-972b-2fbe7f07212c
2024-02-15T10:07:04.000000,cart,95663,1004,computers.notebook,nike,1802.59,100101,f80fe8ea-6e9f-452e-b307-19b91c9a3cff
2024-02-15T10:08:49.000000,purchase,95663,1004,computers.notebook,nike,1802.59,100101,f80fe8ea-6e9f-452e-b307-19b91c9a3cff
2024-02-15T11:00:00.000000,view,92469,1006,auto.accessories,nike,24.64,100004,a7ab6444-581c-4fc9-b237-6e244ff5f130
2024-02-15T11:02:26.000000,view,92469,1006,auto.accessories,nike,24.64,100004,a7ab6444-581c-4fc9-b237-6e244ff5f130
2024-02-15T11:03:38.000000,cart,92469,1006,auto.accessories,nike,24.64,100004,a7ab6444-581c-4fc9-b237-6e244ff5f130
2024-02-15T11:04:41.000000,purchase,92469,1006,auto.accessories,nike,24.64,100004,a7ab6444-581c-4fc9-b237-6e244ff5f130
2024-02-15T11:16:33.000000,view,70688,1004,computers.notebook,nike,3381.46,100227,dae2cf58-170b-41fe-b765-dba0be913017
2024-02-15T12:14:25.000000,view,82162,1005,apparel.shoes,nike,198.35,100444,874100eb-17f1-41f1-bb85-5aef883840ec
2024-02-15T12:16:52.000000,view,82162,1005,apparel.shoes,nike,198.35,100444,874100eb-17f1-41f1-bb85-5aef883840ec
2024-02-15T12:17:35.000000,view,82162,1005,apparel.shoes,nike,198.35,100444,874100eb-17f1-41f1-bb85-5aef883840ec
2024-02-15T12:19:21.000000,view,82162,1005,apparel.shoes,nike,198.35,100444,874100eb-17f1-41f1-bb85-5aef883840ec
2024-02-15T12:46:18.000000,view,93614,1003,appliances.kitchen.refrigerators,lg,2338.94,100850,8c071173-f65c-4ddc-bd7c-0d6c2a3c65ea
2024-02-15T12:47:50.000000,view,93614,1003,appliances.kitchen.refrigerators,lg,2338.94,100850,8c071173-f65c-4ddc-bd7c-0d6c2a3c65ea
2024-02-15T12:49:23.000000,view,93614,1003,appliances.kitchen.refrigerators,lg,2338.94,100850,8c071173-f65c-4ddc-bd7c-0d6c2a3c65ea
2024-02-15T12:51:04.000000,view,93614,1003,appliances.kitchen.refrigerators,lg,2338.94,100850,8c071173-f65c-4ddc-bd7c-0d6c2a3c65ea
2024-02-15T12:53:20.000000,cart,93614,1003,appliances.kitchen.refrigerators,lg,2338.94,100850,8c071173-f65c-4ddc-bd7c-0d6c2a3c65ea
2024-02-15T12:53:57.000000,purchase,93614,1003,appliances.kitchen.refrigerators,lg,2338.94,100850,8c071173-f65c-4ddc-bd7c-0d6c2a3c65ea
2024-02-15T13:00:00.000000,view,99324,1004,computers.notebook,nike,1650.44,100315,dcfa0af5-8874-468c-9a75-4da2d1bf7fd9
2024-02-15T13:00:00.000000,view,54559,1003,appliances.kitchen.refrigerators,bosch,1383.4,100510,fc684f49-6b43-4f79-b1a3-1e44c73b5783
2024-02-15T13:01:33.000000,view,99324,1004,computers.notebook,nike,1650.44,100315,dcfa0af5-8874-468c-9a75-4da2d1bf7fd9
2024-02-15T13:04:13.000000,view,99324,1004,computers.notebook,nike,1650.44,100315,dcfa0af5-8874-468c-9a75-4da2d1bf7fd9
2024-02-15T13:13:07.000000,view,64103,1002,electronics.audio.headphone,lg,207.0,100483,020686f3-14eb-409b-ba64-f00d48e5331a
2024-02-15T13:15:34.000000,view,64103,1002,electronics.audio.headphone,lg,207.0,100483,020686f3-14eb-409b-ba64-f00d48e5331a
2024-02-15T13:17:01.000000,view,64103,1002,electronics.audio.headphone,lg,207.0,100483,020686f3-14eb-409b-ba64-f00d48e5331a
2024-02-15T13:18:35.000000,cart,64103,1002,electronics.audio.headphone,lg,207.0,100483,020686f3-14eb-409b-ba64-f00d48e5331a
2024-02-15T14:00:00.000000,view,76711,1005,apparel.shoes,samsung,58.06,100262,ef73fc2b-ddd3-4555-b154-c5cf92244c16
2024-02-15T14:00:41.000000,view,76711,1005,apparel.shoes,samsung,58.06,100262,ef73fc2b-ddd3-4555-b154-c5cf92244c16
2024-02-15T14:02:50.000000,view,76711,1005,apparel.shoes,samsung,58.06,100262,ef73fc2b-ddd3-4555-b154-c5cf92244c16
2024-02-15T14:46:52.000000,view,95492,1004,computers.notebook,nike,552.88,100982,89341856-b97b-4439-97a5-2b8d29a208d2
2024-02-15T15:00:00.000000,view,66220,1004,computers.notebook,bosch,1864.96,100382,82880380-4709-4ae3-aa05-8588e9afc69a
2024-02-15T15:07:40.000000,view,85240,1005,apparel.shoes,lg,48.55,100862,e6b87a5c-fb0b-48ae-a51d-595e74257336
2024-02-15T15:08:49.000000,view,85240,1005,apparel.shoes,lg,48.55,100862,e6b87a5c-fb0b-48ae-a51d-595e74257336
2024-02-15T16:00:00.000000,view,94871,1006,auto.accessories,samsung,77.72,100061,73732087-2592-4b9d-b9d6-dbdd05706fe5
2024-02-15T16:00:00.000000,view,81421,1001,electronics.smartphone,bosch,221.14,100539,c33e33bb-998c-44ca-8b6e-a55d119fcc1f
2024-02-15T16:00:59.000000,view,81421,1001,electronics.smartphone,bosch,221.14,100539,c33e33bb-998c-44ca-8b6e-a55d119fcc1f
2024-02-15T16:02:28.000000,view,81421,1001,electronics.smartphone,bosch,221.14,100539,c33e33bb-998c-44ca-8b6e-a55d119fcc1f
2024-02-15T16:02:51.000000,view,94871,1006,auto.accessories,samsung,77.72,100061,73732087-2592-4b9d-b9d6-dbdd05706fe5
2024-02-15T16:03:47.000000,view,94871,1006,auto.accessories,samsung,77.72,100061,73732087-2592-4b9d-b9d6-dbdd05706fe5
2024-02-15T16:04:31.000000,view,94871,1006,auto.accessories,samsung,77.72,100061,73732087-2592-4b9d-b9d6-dbdd05706fe5
2024-02-15T16:04:47.000000,cart,81421,1001,electronics.smartphone,bosch,221.14,100539,c33e33bb-998c-44ca-8b6e-a55d119fcc1f
2024-02-15T16:05:14.000000,purchase,81421,1001,electronics.smartphone,bosch,221.14,100539,c33e33bb-998c-44ca-8b6e-a55d119fcc1f
2024-02-15T17:00:00.000000,view,87201,1006,auto.accessories,xiaomi,91.09,100122,dbc8bb0c-50fa-40fa-8f59-69da0113f284
2024-02-15T17:02:16.000000,view,87201,1006,auto.accessories,xiaomi,91.09,100122,dbc8bb0c-50fa-40fa-8f59-69da0113f284
2024-02-15T17:04:44.000000,cart,87201,1006,auto.accessories,xiaomi,91.09,100122,dbc8bb0c-50fa-40fa-8f59-69da0113f284
2024-02-15T17:06:01.000000,purchase,87201,1006,auto.accessories,xiaomi,91.09,100122,dbc8bb0c-50fa-40fa-8f59-69da0113f284
2024-02-15T18:00:00.000000,view,75064,1002,electronics.audio.headphone,lg,191.13,100893,85479757-4dd5-4067-a5ab-3b136c0f2d31
2024-02-15T18:00:11.000000,view,75064,1002,electronics.audio.headphone,lg,191.13,100893,85479757-4dd5-4067-a5ab-3b136c0f2d31
2024-02-15T18:02:02.000000,view,75064,1002,electronics.audio.headphone,lg,191.13,100893,85479757-4dd5-4067-a5ab-3b136c0f2d31
2024-02-15T18:02:36.000000,view,95131,1004,computers.notebook,nike,2274.81,100209,a949500d-6d18-4ff0-bb15-a8811527146b
2024-02-15T18:03:08.000000,view,75064,1002,electronics.audio.headphone,lg,191.13,100893,85479757-4dd5-4067-a5ab-3b136c0f2d31
2024-02-15T18:04:35.000000,view,95131,1004,computers.notebook,nike,2274.81,100209,a949500d-6d18-4ff0-bb15-a8811527146b
2024-02-15T18:07:20.000000,view,95131,1004,computers.notebook,nike,2274.81,100209,a949500d-6d18-4ff0-bb15-a8811527146b
2024-02-15T18:08:51.000000,cart,95131,1004,computers.notebook,nike,2274.81,100209,a949500d-6d18-4ff0-bb15-a8811527146b
2024-02-15T18:10:42.000000,view,66213,1004,computers.notebook,xiaomi,2453.5,100413,0c214d52-ba68-4c27-a03e-1937ffcd8c56
2024-02-15T19:02:33.000000,view,52090,1004,computers.notebook,lg,2357.02,100969,9b839ace-16ab-44bc-889a-b2dc758102a0
2024-02-15T19:02:52.000000,cart,52090,1004,computers.notebook,lg,2357.02,100969,9b839ace-16ab-44bc-889a-b2dc758102a0
2024-02-15T19:03:46.000000,view,52869,1002,electronics.audio.headphone,samsung,277.55,100631,193f6f6f-64e5-44d9-9358-b477c5a42a9b
2024-02-15T19:06:18.000000,view,52869,1002,electronics.audio.headphone,samsung,277.55,100631,193f6f6f-64e5-44d9-9358-b477c5a42a9b
2024-02-15T19:08:38.000000,view,52869,1002,electronics.audio.headphone,samsung,277.55,100631,193f6f6f-64e5-44d9-9358-b477c5a42a9b
2024-02-15T19:17:42.000000,view,50928,1003,appliances.kitchen.refrigerators,asus,1560.68,100853,f2b5ae86-ab8c-429c-8a59-2f69ae0267ed
2024-02-15T19:20:35.000000,view,50928,1003,appliances.kitchen.refrigerators,asus,1560.68,100853,f2b5ae86-ab8c-429c-8a59-2f69ae0267ed
2024-02-15T19:22:06.000000,view,57250,1002,electronics.audio.headphone,samsung,181.95,100444,daf18667-0f12-4b99-8a2a-edb586756c53
2024-02-15T19:22:56.000000,view,57250,1002,electronics.audio.headphone,samsung,181.95,100444,daf18667-0f12-4b99-8a2a-edb586756c53
2024-02-15T19:23:28.000000,view,50928,1003,appliances.kitchen.refrigerators,asus,1560.68,100853,f2b5ae86-ab8c-429c-8a59-2f69ae0267ed
2024-02-15T19:24:35.000000,view,50928,1003,appliances.kitchen.refrigerators,asus,1560.68,100853,f2b5ae86-ab8c-429c-8a59-2f69ae0267ed
2024-02-15T19:27:11.000000,cart,50928,1003,appliances.kitchen.refrigerators,asus,1560.68,100853,f2b5ae86-ab8c-429c-8a59-2f69ae0267ed
2024-02-15T20:00:00.000000,view,95952,1003,appliances.kitchen.refrigerators,asus,2236.24,100025,0bcf5705-d322-465f-9852-d457dfa8c4e6
2024-02-15T20:03:53.000000,view,93606,1003,appliances.kitchen.refrigerators,asus,1977.53,100689,a132dab5-1f34-4e2b-8722-749da7e5979f
2024-02-15T20:05:45.000000,view,93606,1003,appliances.kitchen.refrigerators,asus,1977.53,100689,a132dab5-1f34-4e2b-8722-749da7e5979f
2024-02-15T20:07:11.000000,view,93606,1003,appliances.kitchen.refrigerators,asus,1977.53,100689,a132dab5-1f34-4e2b-8722-749da7e5979f
2024-02-15T20:09:47.000000,view,93606,1003,appliances.kitchen.refrigerators,asus,1977.53,100689,a132dab5-1f34-4e2b-8722-749da7e5979f
2024-02-15T21:09:02.000000,view,53373,1004,computers.notebook,samsung,2264.62,100396,405d6399-0b18-498b-8fab-f58704000a86
2024-02-15T21:09:17.000000,view,53373,1004,computers.notebook,samsung,2264.62,100396,405d6399-0b18-498b-8fab-f58704000a86
2024-02-15T21:10:24.000000,view,53373,1004,computers.notebook,samsung,2264.62,100396,405d6399-0b18-498b-8fab-f58704000a86
2024-02-16T00:02:00.000000,view,90342,1003,appliances.kitchen.refrigerators,xiaomi,1430.89,100442,f762331f-9c8c-4187-82ee-83aacfcd959e
2024-02-16T00:02:22.000000,view,90342,1003,appliances.kitchen.refrigerators,xiaomi,1430.89,100442,f762331f-9c8c-4187-82ee-83aacfcd959e
2024-02-16T01:04:02.000000,view,59883,1002,electronics.audio.headphone,apple,48.89,100767,a4839021-abad-43eb-9065-dae18d99f594
2024-02-16T01:05:16.000000,view,59883,1002,electronics.audio.headphone,apple,48.89,100767,a4839021-abad-43eb-9065-dae18d99f594
2024-02-16T01:08:00.000000,view,59883,1002,electronics.audio.headphone,apple,48.89,100767,a4839021-abad-43eb-9065-dae18d99f594
2024-02-16T01:09:41.000000,view,59883,1002,electronics.audio.headphone,apple,48.89,100767,a4839021-abad-43eb-9065-dae18d99f594
2024-02-16T01:10:32.000000,cart,59883,1002,electronics.audio.headphone,apple,48.89,100767,a4839021-abad-43eb-9065-dae18d99f594
2024-02-16T01:14:23.000000,view,76071,1002,electronics.audio.headphone,asus,156.64,100398,c8acf2f3-c08a-4551-b76b-1d72965fe496
2024-02-16T01:17:21.000000,cart,76071,1002,electronics.audio.headphone,asus,156.64,100398,c8acf2f3-c08a-4551-b76b-1d72965fe496
2024-02-16T02:03:48.000000,view,63258,1004,computers.notebook,asus,1312.02,100644,3fee6f5b-8443-408a-b6a9-07265fe3975a
2024-02-16T02:05:34.000000,view,63258,1004,computers.notebook,asus,1312.02,100644,3fee6f5b-8443-408a-b6a9-07265fe3975a
2024-02-16T03:16:11.000000,view,60449,1004,computers.notebook,bosch,2402.86,100469,8c2f7f53-aa2a-4881-b82d-29ec84268979
2024-02-16T03:18:52.000000,view,60449,1004,computers.notebook,bosch,2402.86,100469,8c2f7f53-aa2a-4881-b82d-29ec84268979
2024-02-16T03:19:51.000000,view,60449,1004,computers.notebook,bosch,2402.86,100469,8c2f7f53-aa2a-4881-b82d-29ec84268979
2024-02-16T03:21:04.000000,view,60449,1004,computers.notebook,bosch,2402.86,100469,8c2f7f53-aa2a-4881-b82d-29ec84268979
2024-02-16T03:22:43.000000,cart,60449,1004,computers.notebook,bosch,2402.86,100469,8c2f7f53-aa2a-4881-b82d-29ec84268979
2024-02-16T03:23:33.000000,purchase,60449,1004,computers.notebook,bosch,2402.86,100469,8c2f7f53-aa2a-4881-b82d-29ec84268979
2024-02-16T04:05:59.000000,view,99658,1003,appliances.kitchen.refrigerators,samsung,1902.67,100193,71167ed5-d198-4ef2-b879-5b2c1ad0e798
2024-02-16T04:07:27.000000,view,95917,1004,computers.notebook,lg,2937.62,100507,ad03d181-7eb5-422b-b9b5-9c281f85c4fd
2024-02-16T04:08:53.000000,cart,95917,1004,computers.notebook,lg,2937.62,100507,ad03d181-7eb5-422b-b9b5-9c281f85c4fd
2024-02-16T04:09:26.000000,purchase,95917,1004,computers.notebook,lg,2937.62,100507,ad03d181-7eb5-422b-b9b5-9c281f85c4fd
2024-02-16T04:10:15.000000,view,71518,1004,computers.notebook,lg,2310.66,100151,e7d27f58-6e8c-4c64-9f53-0704a9e4ff96
2024-02-16T04:12:54.000000,view,71518,1004,computers.notebook,lg,2310.66,100151,e7d27f58-6e8c-4c64-9f53-0704a9e4ff96
2024-02-16T04:13:43.000000,view,71518,1004,computers.notebook,lg,2310.66,100151,e7d27f58-6e8c-4c64-9f53-0704a9e4ff96
2024-02-16T05:03:40.000000,view,56243,1004,computers.notebook,xiaomi,1509.7,100795,59b34e86-4a54-4df6-a566-cd9fb4e6ddda
2024-02-16T05:04:32.000000,cart,56243,1004,computers.notebook,xiaomi,1509.7,100795,59b34e86-4a54-4df6-a566-cd9fb4e6ddda
2024-02-16T05:09:37.000000,view,51488,1001,electronics.smartphone,xiaomi,979.33,100618,a4cb39c3-702c-4f89-9f49-5908babb29ff
2024-02-16T05:12:27.000000,view,51488,1001,electronics.smartphone,xiaomi,979.33,100618,a4cb39c3-702c-4f89-9f49-5908babb29ff
2024-02-16T05:14:51.000000,view,51488,1001,electronics.smartphone,xiaomi,979.33,100618,a4cb39c3-702c-4f89-9f49-5908babb29ff
2024-02-16T05:14:52.000000,view,84919,1004,computers.notebook,lg,672.65,100975,dc32043a-2b54-4080-b3f7-afb2c380a74e
2024-02-16T05:15:36.000000,view,51488,1001,electronics.smartphone,xiaomi,979.33,100618,a4cb39c3-702c-4f89-9f49-5908babb29ff
2024-02-16T08:00:00.000000,view,93386,1003,appliances.kitchen.refrigerators,bosch,1675.2,100128,ec92741a-8a43-45a2-9e77-edcf0ebcccb2
2024-02-16T08:01:01.000000,view,93386,1003,appliances.kitchen.refrigerators,bosch,1675.2,100128,ec92741a-8a43-45a2-9e77-edcf0ebcccb2
2024-02-16T08:01:35.000000,view,93386,1003,appliances.kitchen.refrigerators,bosch,1675.2,100128,ec92741a-8a43-45a2-9e77-edcf0ebcccb2
2024-02-16T08:01:51.000000,view,93386,1003,appliances.kitchen.refrigerators,bosch,1675.2,100128,ec92741a-8a43-45a2-9e77-edcf0ebcccb2
2024-02-16T08:02:53.000000,cart,93386,1003,appliances.kitchen.refrigerators,bosch,1675.2,100128,ec92741a-8a43-45a2-9e77-edcf0ebcccb2
2024-02-16T10:05:08.000000,view,57266,1005,apparel.shoes,nike,133.24,100397,26ab9568-a771-4fb3-ac99-cf5bd140b8b2
2024-02-16T10:08:05.000000,view,57266,1005,apparel.shoes,nike,133.24,100397,26ab9568-a771-4fb3-ac99-cf5bd140b8b2
2024-02-16T10:08:22.000000,view,57266,1005,apparel.shoes,nike,133.24,100397,26ab9568-a771-4fb3-ac99-cf5bd140b8b2
2024-02-16T10:08:40.000000,cart,57266,1005,apparel.shoes,nike,133.24,100397,26ab9568-a771-4fb3-ac99-cf5bd140b8b2
2024-02-16T10:09:28.000000,purchase,57266,1005,apparel.shoes,nike,133.24,100397,26ab9568-a771-4fb3-ac99-cf5bd140b8b2
2024-02-16T11:00:00.000000,view,75189,1002,electronics.audio.headphone,nike,45.26,100838,f382d02c-b42b-46be-99a4-bc17598527cd
2024-02-16T11:00:14.000000,view,75189,1002,electronics.audio.headphone,nike,45.26,100838,f382d02c-b42b-46be-99a4-bc17598527cd
2024-02-16T11:00:57.000000,view,75189,1002,electronics.audio.headphone,nike,45.26,100838,f382d02c-b42b-46be-99a4-bc17598527cd
2024-02-16T11:20:27.000000,view,83094,1004,computers.notebook,asus,698.4,100935,97d68b17-b34e-4981-9dab-93422813ebd8
2024-02-16T12:01:11.000000,view,92033,1005,apparel.shoes,xiaomi,123.2,100854,951c7f8f-8a24-4efd-a78b-208fb0543711
2024-02-16T12:03:32.000000,view,92033,1005,apparel.shoes,xiaomi,123.2,100854,951c7f8f-8a24-4efd-a78b-208fb0543711
2024-02-16T12:04:52.000000,view,92033,1005,apparel.shoes,xiaomi,123.2,100854,951c7f8f-8a24-4efd-a78b-208fb0543711
2024-02-16T12:05:29.000000,view,92033,1005,apparel.shoes,xiaomi,123.2,100854,951c7f8f-8a24-4efd-a78b-208fb0543711
2024-02-16T12:06:43.000000,view,51336,1005,apparel.shoes,xiaomi,180.69,100485,7ed2949e-a2bf-4d5e-aee0-a5451476d789
2024-02-16T12:09:15.000000,cart,51336,1005,apparel.shoes,xiaomi,180.69,100485,7ed2949e-a2bf-4d5e-aee0-a5451476d789
2024-02-16T12:10:17.000000,purchase,51336,1005,apparel.shoes,xiaomi,180.69,100485,7ed2949e-a2bf-4d5e-aee0-a5451476d789
2024-02-16T13:17:47.000000,view,82756,1001,electronics.smartphone,bosch,776.58,100060,526116c4-50bc-498d-925b-3d5ca8229432
2024-02-16T14:00:00.000000,view,75304,1004,computers.notebook,xiaomi,1555.78,100252,1a927f4f-05bc-4051-ac4f-7e1a80dc8dcf
2024-02-16T14:01:38.000000,view,75304,1004,computers.notebook,xiaomi,1555.78,100252,1a927f4f-05bc-4051-ac4f-7e1a80dc8dcf
2024-02-16T14:03:17.000000,view,75304,1004,computers.notebook,xiaomi,1555.78,100252,1a927f4f-05bc-4051-ac4f-7e1a80dc8dcf
2024-02-16T14:10:21.000000,view,98095,1005,apparel.shoes,bosch,92.74,100397,a7f7669e-3476-4ae9-b7f5-9494e43fc6cc
2024-02-16T15:00:00.000000,view,59921,1002,electronics.audio.headphone,xiaomi,140.69,100653,25cccd73-7d9d-4939-824e-c3e8c3dd8419
2024-02-16T15:22:42.000000,view,96230,1002,electronics.audio.headphone,samsung,51.88,100881,1ee40310-e4da-4cc1-82a6-8f89a09227c0
2024-02-16T15:22:56.000000,view,96230,1002,electronics.audio.headphone,samsung,51.88,100881,1ee40310-e4da-4cc1-82a6-8f89a09227c0
2024-02-16T15:23:40.000000,view,96230,1002,electronics.audio.headphone,samsung,51.88,100881,1ee40310-e4da-4cc1-82a6-8f89a09227c0
2024-02-16T16:00:00.000000,view,51299,1003,appliances.kitchen.refrigerators,xiaomi,1205.87,100171,daeb448a-7f4f-416d-9154-c2a8ff1ad67e
2024-02-16T16:02:45.000000,view,51299,1003,appliances.kitchen.refrigerators,xiaomi,1205.87,100171,daeb448a-7f4f-416d-9154-c2a8ff1ad67e
2024-02-16T16:03:45.000000,view,51299,1003,appliances.kitchen.refrigerators,xiaomi,1205.87,100171,daeb448a-7f4f-416d-9154-c2a8ff1ad67e
2024-02-16T16:05:56.000000,view,77344,1004,computers.notebook,bosch,3280.05,100548,8cfa0697-e7fa-4751-a9e3-897dfe10d637
2024-02-16T16:07:26.000000,view,77344,1004,computers.notebook,bosch,3280.05,100548,8cfa0697-e7fa-4751-a9e3-897dfe10d637
2024-02-16T16:10:07.000000,cart,77344,1004,computers.notebook,bosch,3280.05,100548,8cfa0697-e7fa-4751-a9e3-897dfe10d637
2024-02-16T16:10:55.000000,purchase,77344,1004,computers.notebook,bosch,3280.05,100548,8cfa0697-e7fa-4751-a9e3-897dfe10d637
2024-02-16T16:26:52.000000,view,76295,1004,computers.notebook,xiaomi,816.44,100638,05d5e07c-6a02-43a8-9aa2-add71bf7ac43
2024-02-16T16:29:38.000000,view,76295,1004,computers.notebook,xiaomi,816.44,100638,05d5e07c-6a02-43a8-9aa2-add71bf7ac43
2024-02-16T16:30:05.000000,view,76295,1004,computers.notebook,xiaomi,816.44,100638,05d5e07c-6a02-43a8-9aa2-add71bf7ac43
2024-02-16T16:31:54.000000,cart,76295,1004,computers.notebook,xiaomi,816.44,100638,05d5e07c-6a02-43a8-9aa2-add71bf7ac43
2024-02-16T16:32:19.000000,purchase,76295,1004,computers.notebook,xiaomi,816.44,100638,05d5e07c-6a02-43a8-9aa2-add71bf7ac43
2024-02-16T17:00:00.000000,view,93336,1001,electronics.smartphone,apple,389.29,100003,d355caf5-8756-4c3f-968f-865e948e3d15
2024-02-16T17:00:30.000000,view,93336,1001,electronics.smartphone,apple,389.29,100003,d355caf5-8756-4c3f-968f-865e948e3d15
2024-02-16T17:01:39.000000,view,93336,1001,electronics.smartphone,apple,389.29,100003,d355caf5-8756-4c3f-968f-865e948e3d15
2024-02-16T17:02:14.000000,cart,93336,1001,electronics.smartphone,apple,389.29,100003,d355caf5-8756-4c3f-968f-865e948e3d15
2024-02-16T20:00:00.000000,view,76305,1005,apparel.shoes,asus,120.01,100073,1febd12e-0554-4c85-9308-7ccd57739e31
2024-02-16T20:00:00.000000,view,95762,1005,apparel.shoes,lg,86.53,100776,f6345fa6-095b-4834-8c81-fdb285cc7f11
2024-02-16T20:00:00.000000,view,86056,1001,electronics.smartphone,bosch,927.24,100937,05b1a1a6-c30f-43e0-9b44-cb9dc48b2e08
2024-02-16T20:00:19.000000,cart,76305,1005,apparel.shoes,asus,120.01,100073,1febd12e-0554-4c85-9308-7ccd57739e31
2024-02-16T20:01:09.000000,view,95762,1005,apparel.shoes,lg,86.53,100776,f6345fa6-095b-4834-8c81-fdb285cc7f11
2024-02-16T20:03:28.000000,view,86512,1006,auto.accessories,xiaomi,112.49,100262,78c33c47-3d37-4bdd-a32c-4d9471cd049e
2024-02-16T20:11:37.000000,view,76089,1003,appliances.kitchen.refrigerators,nike,1850.6,100413,63e67d59-5993-41ba-a9af-06bbf0cf8053
2024-02-16T20:13:52.000000,view,76089,1003,appliances.kitchen.refrigerators,nike,1850.6,100413,63e67d59-5993-41ba-a9af-06bbf0cf8053
2024-02-16T20:16:35.000000,view,76089,1003,appliances.kitchen.refrigerators,nike,1850.6,100413,63e67d59-5993-41ba-a9af-06bbf0cf8053
2024-02-16T20:18:30.000000,view,76089,1003,appliances.kitchen.refrigerators,nike,1850.6,100413,63e67d59-5993-41ba-a9af-06bbf0cf8053
2024-02-16T20:19:40.000000,cart,76089,1003,appliances.kitchen.refrigerators,nike,1850.6,100413,63e67d59-5993-41ba-a9af-06bbf0cf8053
2024-02-16T21:11:47.000000,view,52359,1002,electronics.audio.headphone,asus,82.43,100511,cce22354-167c-4d56-9115-7844bf962e12
2024-02-16T21:11:58.000000,view,52359,1002,electronics.audio.headphone,asus,82.43,100511,cce22354-167c-4d56-9115-7844bf962e12
2024-02-16T21:13:37.000000,view,52359,1002,electronics.audio.headphone,asus,82.43,100511,cce22354-167c-4d56-9115-7844bf962e12
2024-02-16T21:14:07.000000,view,52359,1002,electronics.audio.headphone,asus,82.43,100511,cce22354-167c-4d56-9115-7844bf962e12
2024-02-17T04:06:56.000000,view,67690,1004,computers.notebook,apple,2525.93,100383,166bef81-73f0-4205-a6ad-65a48c573b44
2024-02-17T04:32:05.000000,view,96547,1001,electronics.smartphone,xiaomi,706.94,100272,b77842da-ea3c-4aca-bd66-e756bbfa0cfb
2024-02-17T04:33:21.000000,view,96547,1001,electronics.smartphone,xiaomi,706.94,100272,b77842da-ea3c-4aca-bd66-e756bbfa0cfb
2024-02-17T04:34:00.000000,cart,96547,1001,electronics.smartphone,xiaomi,706.94,100272,b77842da-ea3c-4aca-bd66-e756bbfa0cfb
2024-02-17T04:34:31.000000,purchase,96547,1001,electronics.smartphone,xiaomi,706.94,100272,b77842da-ea3c-4aca-bd66-e756bbfa0cfb
2024-02-17T05:10:24.000000,view,60109,1005,apparel.shoes,samsung,79.28,100980,fec1be22-370a-4a83-b854-aa43c5d62ccf
2024-02-17T05:10:44.000000,view,60109,1005,apparel.shoes,samsung,79.28,100980,fec1be22-370a-4a83-b854-aa43c5d62ccf
2024-02-17T07:08:05.000000,view,86749,1006,auto.accessories,bosch,35.93,100386,07404cae-29cf-469c-8253-119f0c2a10de
2024-02-17T07:09:24.000000,cart,86749,1006,auto.accessories,bosch,35.93,100386,07404cae-29cf-469c-8253-119f0c2a10de
2024-02-17T07:11:12.000000,purchase,86749,1006,auto.accessories,bosch,35.93,100386,07404cae-29cf-469c-8253-119f0c2a10de
2024-02-17T08:06:47.000000,view,99103,1001,electronics.smartphone,asus,791.84,100955,b3ffa91e-18f6-4579-a56c-a0b196370b1a
2024-02-17T08:07:24.000000,view,99103,1001,electronics.smartphone,asus,791.84,100955,b3ffa91e-18f6-4579-a56c-a0b196370b1a
2024-02-17T09:00:00.000000,view,86695,1005,apparel.shoes,apple,153.7,100599,3a8ee910-ab51-474c-9bb5-d5379d357c93
2024-02-17T09:01:43.000000,view,86695,1005,apparel.shoes,apple,153.7,100599,3a8ee910-ab51-474c-9bb5-d5379d357c93
2024-02-17T09:01:59.000000,view,86695,1005,apparel.shoes,apple,153.7,100599,3a8ee910-ab51-474c-9bb5-d5379d357c93
2024-02-17T10:00:00.000000,view,86053,1006,auto.accessories,lg,18.44,100508,64ba9063-0d2b-4703-9893-c9c1927e53db
2024-02-17T10:00:00.000000,view,71994,1004,computers.notebook,xiaomi,1982.54,100647,990f6a65-91b5-4ea1-bb53-691a3228b967
2024-02-17T10:02:55.000000,view,86053,1006,auto.accessories,lg,18.44,100508,64ba9063-0d2b-4703-9893-c9c1927e53db
2024-02-17T10:03:45.000000,view,76048,1003,appliances.kitchen.refrigerators,bosch,1336.08,100128,e7bb4df2-fb05-499f-9949-dc19a995c82f
2024-02-17T10:04:18.000000,view,76048,1003,appliances.kitchen.refrigerators,bosch,1336.08,100128,e7bb4df2-fb05-499f-9949-dc19a995c82f
2024-02-17T10:04:27.000000,view,86053,1006,auto.accessories,lg,18.44,100508,64ba9063-0d2b-4703-9893-c9c1927e53db
2024-02-17T10:06:18.000000,view,86053,1006,auto.accessories,lg,18.44,100508,64ba9063-0d2b-4703-9893-c9c1927e53db
2024-02-17T10:07:12.000000,view,76048,1003,appliances.kitchen.refrigerators,bosch,1336.08,100128,e7bb4df2-fb05-499f-9949-dc19a995c82f
2024-02-17T10:07:13.000000,cart,86053,1006,auto.accessories,lg,18.44,100508,64ba9063-0d2b-4703-9893-c9c1927e53db
2024-02-17T10:09:05.000000,purchase,86053,1006,auto.accessories,lg,18.44,100508,64ba9063-0d2b-4703-9893-c9c1927e53db
2024-02-17T10:09:41.000000,cart,76048,1003,appliances.kitchen.refrigerators,bosch,1336.08,100128,e7bb4df2-fb05-499f-9949-dc19a995c82f
2024-02-17T11:00:00.000000,view,67961,1002,electronics.audio.headphone,lg,155.2,100792,9e9c2825-e3cb-46d2-9db9-ee94382c0478
2024-02-17T11:03:00.000000,view,67961,1002,electronics.audio.headphone,lg,155.2,100792,9e9c2825-e3cb-46d2-9db9-ee94382c0478
2024-02-17T12:00:00.000000,view,55567,1005,apparel.shoes,asus,181.33,100047,047102d7-ee58-4a21-ae4e-15309f933463
2024-02-17T12:00:50.000000,view,55567,1005,apparel.shoes,asus,181.33,100047,047102d7-ee58-4a21-ae4e-15309f933463
2024-02-17T12:03:38.000000,cart,55567,1005,apparel.shoes,asus,181.33,100047,047102d7-ee58-4a21-ae4e-15309f933463
2024-02-17T12:04:03.000000,purchase,55567,1005,apparel.shoes,asus,181.33,100047,047102d7-ee58-4a21-ae4e-15309f933463
2024-02-17T12:04:10.000000,view,99687,1001,electronics.smartphone,apple,368.12,100873,3c4b5ac2-b888-484a-b242-a63aebb8941c
2024-02-17T12:05:13.000000,view,99687,1001,electronics.smartphone,apple,368.12,100873,3c4b5ac2-b888-484a-b242-a63aebb8941c
2024-02-17T12:06:18.000000,view,84063,1003,appliances.kitchen.refrigerators,apple,1033.8,100795,96eaf67a-2dd8-4831-9e90-e5e515a0b1e1
2024-02-17T12:06:20.000000,view,99687,1001,electronics.smartphone,apple,368.12,100873,3c4b5ac2-b888-484a-b242-a63aebb8941c
2024-02-17T12:08:42.000000,view,84063,1003,appliances.kitchen.refrigerators,apple,1033.8,100795,96eaf67a-2dd8-4831-9e90-e5e515a0b1e1
2024-02-17T12:08:57.000000,cart,99687,1001,electronics.smartphone,apple,368.12,100873,3c4b5ac2-b888-484a-b242-a63aebb8941c
2024-02-17T12:11:07.000000,view,84063,1003,appliances.kitchen.refrigerators,apple,1033.8,100795,96eaf67a-2dd8-4831-9e90-e5e515a0b1e1
2024-02-17T13:00:00.000000,view,53027,1006,auto.accessories,samsung,118.02,100309,18908c55-4eda-4321-892f-22565d695df0
2024-02-17T13:02:27.000000,view,53027,1006,auto.accessories,samsung,118.02,100309,18908c55-4eda-4321-892f-22565d695df0
2024-02-17T13:18:08.000000,view,73393,1006,auto.accessories,bosch,136.18,100398,37e7c81d-5eb3-4ab6-9f85-9453c0206163
2024-02-17T13:20:11.000000,view,73393,1006,auto.accessories,bosch,136.18,100398,37e7c81d-5eb3-4ab6-9f85-9453c0206163
2024-02-17T14:00:00.000000,view,85226,1004,computers.notebook,bosch,2886.18,100084,360d3369-6216-47fb-b4c2-7559543c7df5
2024-02-17T14:01:13.000000,view,85226,1004,computers.notebook,bosch,2886.18,100084,360d3369-6216-47fb-b4c2-7559543c7df5
2024-02-17T14:06:37.000000,view,68853,1002,electronics.audio.headphone,bosch,28.78,100193,88361557-9fa9-447e-8f0a-98e487c76f39
2024-02-17T15:00:00.000000,view,84412,1003,appliances.kitchen.refrigerators,samsung,965.1,100213,6e580f3c-575b-471a-88bc-3b877654c083
2024-02-17T15:00:00.000000,view,86606,1003,appliances.kitchen.refrigerators,asus,1505.44,100543,44e0e4e6-f3f5-4754-b98b-eb36546ed7ad
2024-02-17T15:00:00.000000,view,53112,1001,electronics.smartphone,asus,682.77,100585,ad198c1f-6093-4907-9c6d-27126ab452cc
2024-02-17T15:00:00.000000,view,54044,1005,apparel.shoes,samsung,169.9,100628,06d57b6f-1ef1-4c93-9f77-b80335633e18
2024-02-17T15:01:24.000000,cart,53112,1001,electronics.smartphone,asus,682.77,100585,ad198c1f-6093-4907-9c6d-27126ab452cc
2024-02-17T15:02:28.000000,view,54044,1005,apparel.shoes,samsung,169.9,100628,06d57b6f-1ef1-4c93-9f77-b80335633e18
2024-02-17T15:02:49.000000,view,54044,1005,apparel.shoes,samsung,169.9,100628,06d57b6f-1ef1-4c93-9f77-b80335633e18
2024-02-17T15:02:51.000000,view,86606,1003,appliances.kitchen.refrigerators,asus,1505.44,100543,44e0e4e6-f3f5-4754-b98b-eb36546ed7ad
2024-02-17T15:05:19.000000,view,68832,1005,apparel.shoes,samsung,82.42,100265,c25b0ba4-38ce-44c6-bf61-09b0ac194c46
2024-02-17T15:05:51.000000,view,86606,1003,appliances.kitchen.refrigerators,asus,1505.44,100543,44e0e4e6-f3f5-4754-b98b-eb36546ed7ad
2024-02-17T15:07:55.000000,view,68832,1005,apparel.shoes,samsung,82.42,100265,c25b0ba4-38ce-44c6-bf61-09b0ac194c46
2024-02-17T15:09:47.000000,view,68832,1005,apparel.shoes,samsung,82.42,100265,c25b0ba4-38ce-44c6-bf61-09b0ac194c46
2024-02-17T16:00:00.000000,view,52667,1002,electronics.audio.headphone,asus,61.68,100236,0244c836-83e8-4755-ac60-097c0f48df44
2024-02-17T16:00:00.000000,view,67009,1001,electronics.smartphone,bosch,320.99,100255,9b0828c1-ebfa-4fb8-8c07-12590db452d2
2024-02-17T16:00:00.000000,view,95659,1001,electronics.smartphone,nike,712.71,100870,dd742574-8a09-488c-88a5-d7688a4bb9ca
2024-02-17T16:00:31.000000,view,95659,1001,electronics.smartphone,nike,712.71,100870,dd742574-8a09-488c-88a5-d7688a4bb9ca
2024-02-17T16:00:47.000000,cart,67009,1001,electronics.smartphone,bosch,320.99,100255,9b0828c1-ebfa-4fb8-8c07-12590db452d2
2024-02-17T16:00:50.000000,view,52667,1002,electronics.audio.headphone,asus,61.68,100236,0244c836-83e8-4755-ac60-097c0f48df44
2024-02-17T16:01:04.000000,view,52667,1002,electronics.audio.headphone,asus,61.68,100236,0244c836-83e8-4755-ac60-097c0f48df44
2024-02-17T16:02:00.000000,cart,95659,1001,electronics.smartphone,nike,712.71,100870,dd742574-8a09-488c-88a5-d7688a4bb9ca
2024-02-17T16:02:25.000000,purchase,95659,1001,electronics.smartphone,nike,712.71,100870,dd742574-8a09-488c-88a5-d7688a4bb9ca
2024-02-17T16:02:30.000000,purchase,67009,1001,electronics.smartphone,bosch,320.99,100255,9b0828c1-ebfa-4fb8-8c07-12590db452d2
2024-02-17T16:03:18.000000,view,52667,1002,electronics.audio.headphone,asus,61.68,100236,0244c836-83e8-4755-ac60-097c0f48df44
2024-02-17T16:03:48.000000,cart,52667,1002,electronics.audio.headphone,asus,61.68,100236,0244c836-83e8-4755-ac60-097c0f48df44
2024-02-17T16:05:23.000000,view,64442,1005,apparel.shoes,bosch,116.31,100805,643c7358-3283-479f-a448-469f27a3d594
2024-02-17T16:20:38.000000,view,50102,1003,appliances.kitchen.refrigerators,lg,1652.58,100060,78eb823c-91a1-4ff6-ac84-25a7cc5990a1
2024-02-17T16:23:14.000000,view,50102,1003,appliances.kitchen.refrigerators,lg,1652.58,100060,78eb823c-91a1-4ff6-ac84-25a7cc5990a1
2024-02-17T16:25:10.000000,cart,50102,1003,appliances.kitchen.refrigerators,lg,1652.58,100060,78eb823c-91a1-4ff6-ac84-25a7cc5990a1
2024-02-17T16:26:50.000000,purchase,50102,1003,appliances.kitchen.refrigerators,lg,1652.58,100060,78eb823c-91a1-4ff6-ac84-25a7cc5990a1
2024-02-17T17:00:00.000000,view,60750,1005,apparel.shoes,asus,107.15,100341,1d668fdd-23e2-4249-acd5-471261f3f7b3
2024-02-17T17:01:30.000000,view,60750,1005,apparel.shoes,asus,107.15,100341,1d668fdd-23e2-4249-acd5-471261f3f7b3
2024-02-17T17:03:31.000000,cart,60750,1005,apparel.shoes,asus,107.15,100341,1d668fdd-23e2-4249-acd5-471261f3f7b3
2024-02-17T17:05:03.000000,purchase,60750,1005,apparel.shoes,asus,107.15,100341,1d668fdd-23e2-4249-acd5-471261f3f7b3
2024-02-17T18:00:00.000000,view,54767,1006,auto.accessories,samsung,144.39,100605,725df403-4dd9-481a-9108-d8a3493343af
2024-02-17T18:02:54.000000,view,54767,1006,auto.accessories,samsung,144.39,100605,725df403-4dd9-481a-9108-d8a3493343af
2024-02-17T19:05:25.000000,view,76658,1006,auto.accessories,asus,23.9,100341,8c4a82c5-dd1c-4104-bc16-04ea6e14741a
2024-02-17T20:00:00.000000,view,53970,1006,auto.accessories,asus,98.64,100875,35bc9795-c1dc-4dfa-a260-f5a43da23e12
2024-02-17T20:01:56.000000,view,53970,1006,auto.accessories,asus,98.64,100875,35bc9795-c1dc-4dfa-a260-f5a43da23e12
2024-02-17T20:03:22.000000,view,53970,1006,auto.accessories,asus,98.64,100875,35bc9795-c1dc-4dfa-a260-f5a43da23e12
2024-02-17T20:03:58.000000,view,53970,1006,auto.accessories,asus,98.64,100875,35bc9795-c1dc-4dfa-a260-f5a43da23e12
2024-02-17T20:09:14.000000,view,92516,1003,appliances.kitchen.refrigerators,bosch,1189.91,100284,0fda2f0a-cb40-475a-adfc-e8c3bfbbc1d4
2024-02-17T20:10:41.000000,view,92516,1003,appliances.kitchen.refrigerators,bosch,1189.91,100284,0fda2f0a-cb40-475a-adfc-e8c3bfbbc1d4
2024-02-17T20:11:12.000000,cart,92516,1003,appliances.kitchen.refrigerators,bosch,1189.91,100284,0fda2f0a-cb40-475a-adfc-e8c3bfbbc1d4
2024-02-17T20:12:09.000000,purchase,92516,1003,appliances.kitchen.refrigerators,bosch,1189.91,100284,0fda2f0a-cb40-475a-adfc-e8c3bfbbc1d4
2024-02-17T22:02:45.000000,view,73329,1004,computers.notebook,nike,551.02,100255,dcde16d2-9ad9-4ca9-a693-adb86eab9ab3
2024-02-17T22:03:55.000000,view,73709,1005,apparel.shoes,nike,52.5,100084,895d613e-4e9e-4bb2-8db0-7c1479f2dc9e
2024-02-17T22:05:10.000000,view,73329,1004,computers.notebook,nike,551.02,100255,dcde16d2-9ad9-4ca9-a693-adb86eab9ab3
2024-02-17T22:08:03.000000,view,73329,1004,computers.notebook,nike,551.02,100255,dcde16d2-9ad9-4ca9-a693-adb86eab9ab3
2024-02-18T00:06:40.000000,view,76906,1006,auto.accessories,nike,114.5,100805,ebaeaa99-4c6c-43ae-90c2-c3588bcf4566
2024-02-18T00:07:46.000000,view,76906,1006,auto.accessories,nike,114.5,100805,ebaeaa99-4c6c-43ae-90c2-c3588bcf4566
2024-02-18T00:09:52.000000,view,76906,1006,auto.accessories,nike,114.5,100805,ebaeaa99-4c6c-43ae-90c2-c3588bcf4566
2024-02-18T01:03:13.000000,view,99235,1003,appliances.kitchen.refrigerators,bosch,2151.42,100738,a6bfc6c9-56e5-4b85-8153-3e923366c6f8
2024-02-18T01:03:46.000000,view,99235,1003,appliances.kitchen.refrigerators,bosch,2151.42,100738,a6bfc6c9-56e5-4b85-8153-3e923366c6f8
2024-02-18T01:05:29.000000,view,99235,1003,appliances.kitchen.refrigerators,bosch,2151.42,100738,a6bfc6c9-56e5-4b85-8153-3e923366c6f8
2024-02-18T01:08:21.000000,view,99235,1003,appliances.kitchen.refrigerators,bosch,2151.42,100738,a6bfc6c9-56e5-4b85-8153-3e923366c6f8
2024-02-18T01:27:18.000000,view,83267,1005,apparel.shoes,asus,128.66,100060,61511560-c2d7-4bf3-8de3-83d382edf4cc
2024-02-18T01:29:28.000000,view,83267,1005,apparel.shoes,asus,128.66,100060,61511560-c2d7-4bf3-8de3-83d382edf4cc
2024-02-18T01:29:49.000000,view,83267,1005,apparel.shoes,asus,128.66,100060,61511560-c2d7-4bf3-8de3-83d382edf4cc
2024-02-18T01:32:41.000000,view,83267,1005,apparel.shoes,asus,128.66,100060,61511560-c2d7-4bf3-8de3-83d382edf4cc
2024-02-18T03:23:25.000000,view,84414,1004,computers.notebook,samsung,470.85,100857,a519f04e-aed6-4998-afbe-58ebcb7f8a08
2024-02-18T03:23:39.000000,view,84414,1004,computers.notebook,samsung,470.85,100857,a519f04e-aed6-4998-afbe-58ebcb7f8a08
2024-02-18T03:25:51.000000,cart,84414,1004,computers.notebook,samsung,470.85,100857,a519f04e-aed6-4998-afbe-58ebcb7f8a08
2024-02-18T03:26:25.000000,purchase,84414,1004,computers.notebook,samsung,470.85,100857,a519f04e-aed6-4998-afbe-58ebcb7f8a08
2024-02-18T06:06:02.000000,view,64968,1006,auto.accessories,apple,115.01,100117,5d91f68e-ceba-4484-aea9-e4cf5f274128
2024-02-18T06:17:30.000000,view,81696,1002,electronics.audio.headphone,bosch,137.06,100716,a0c47335-6d8b-4f0f-bc5c-50bcaec55627
2024-02-18T06:19:49.000000,cart,81696,1002,electronics.audio.headphone,bosch,137.06,100716,a0c47335-6d8b-4f0f-bc5c-50bcaec55627
2024-02-18T07:06:23.000000,view,75098,1004,computers.notebook,xiaomi,3252.7,100117,0b67ee5b-89a7-4715-92af-f5e99944d27c
2024-02-18T07:06:42.000000,view,75098,1004,computers.notebook,xiaomi,3252.7,100117,0b67ee5b-89a7-4715-92af-f5e99944d27c
2024-02-18T07:07:52.000000,view,64477,1005,apparel.shoes,asus,196.99,100883,bde217f2-91c8-48d1-9fe8-c31c2a484280
2024-02-18T07:09:36.000000,cart,64477,1005,apparel.shoes,asus,196.99,100883,bde217f2-91c8-48d1-9fe8-c31c2a484280
2024-02-18T09:00:00.000000,view,67335,1003,appliances.kitchen.refrigerators,asus,2075.68,100002,8e56fcc9-33a9-41bf-8965-6a575de198dc
2024-02-18T09:00:00.000000,view,71070,1004,computers.notebook,apple,2139.88,100489,5c30e795-5f03-4946-804c-1777c59949ac
2024-02-18T09:01:28.000000,view,71070,1004,computers.notebook,apple,2139.88,100489,5c30e795-5f03-4946-804c-1777c59949ac
2024-02-18T09:02:27.000000,view,67335,1003,appliances.kitchen.refrigerators,asus,2075.68,100002,8e56fcc9-33a9-41bf-8965-6a575de198dc
2024-02-18T09:03:08.000000,view,67335,1003,appliances.kitchen.refrigerators,asus,2075.68,100002,8e56fcc9-33a9-41bf-8965-6a575de198dc
2024-02-18T09:03:45.000000,view,71070,1004,computers.notebook,apple,2139.88,100489,5c30e795-5f03-4946-804c-1777c59949ac
2024-02-18T09:04:54.000000,view,67335,1003,appliances.kitchen.refrigerators,asus,2075.68,100002,8e56fcc9-33a9-41bf-8965-6a575de198dc
2024-02-18T09:05:08.000000,view,71070,1004,computers.notebook,apple,2139.88,100489,5c30e795-5f03-4946-804c-1777c59949ac
2024-02-18T10:14:37.000000,view,77833,1001,electronics.smartphone,samsung,911.46,100263,51a9134d-f8a0-4739-a3ac-372e5fc45999
2024-02-18T10:16:07.000000,view,50522,1006,auto.accessories,bosch,101.25,100915,f77e9ae5-c062-4c23-8a51-dc4b7f2f930e
2024-02-18T10:17:15.000000,view,77833,1001,electronics.smartphone,samsung,911.46,100263,51a9134d-f8a0-4739-a3ac-372e5fc45999
2024-02-18T10:18:39.000000,view,50522,1006,auto.accessories,bosch,101.25,100915,f77e9ae5-c062-4c23-8a51-dc4b7f2f930e
2024-02-18T10:19:56.000000,view,77833,1001,electronics.smartphone,samsung,911.46,100263,51a9134d-f8a0-4739-a3ac-372e5fc45999
2024-02-18T11:00:00.000000,view,50648,1001,electronics.smartphone,xiaomi,227.42,100306,4f24dc05-ac34-4090-be0c-5c73ecde04da
2024-02-18T11:00:00.000000,view,85792,1001,electronics.smartphone,samsung,569.32,100751,646ce2fb-b252-41a9-86b7-92b2d6074a84
2024-02-18T11:00:24.000000,view,85792,1001,electronics.smartphone,samsung,569.32,100751,646ce2fb-b252-41a9-86b7-92b2d6074a84
2024-02-18T11:02:32.000000,cart,50648,1001,electronics.smartphone,xiaomi,227.42,100306,4f24dc05-ac34-4090-be0c-5c73ecde04da
2024-02-18T11:03:24.000000,purchase,50648,1001,electronics.smartphone,xiaomi,227.42,100306,4f24dc05-ac34-4090-be0c-5c73ecde04da
2024-02-18T11:05:32.000000,view,99011,1003,appliances.kitchen.refrigerators,asus,2280.61,100489,487eb59d-5f27-4c6e-a31b-ed4f56f2caba
2024-02-18T11:08:26.000000,view,99011,1003,appliances.kitchen.refrigerators,asus,2280.61,100489,487eb59d-5f27-4c6e-a31b-ed4f56f2caba
2024-02-18T12:02:07.000000,view,59041,1006,auto.accessories,nike,80.92,100647,7081c16c-3796-4a0b-bf49-f516cdcc908d
2024-02-18T12:04:51.000000,view,59041,1006,auto.accessories,nike,80.92,100647,7081c16c-3796-4a0b-bf49-f516cdcc908d
2024-02-18T12:05:48.000000,view,59041,1006,auto.accessories,nike,80.92,100647,7081c16c-3796-4a0b-bf49-f516cdcc908d
2024-02-18T12:06:17.000000,view,59041,1006,auto.accessories,nike,80.92,100647,7081c16c-3796-4a0b-bf49-f516cdcc908d
2024-02-18T13:00:00.000000,view,77820,1005,apparel.shoes,bosch,105.15,100500,c53a27f9-461e-4aea-9142-2e33d6d3d139
2024-02-18T13:00:43.000000,view,77820,1005,apparel.shoes,bosch,105.15,100500,c53a27f9-461e-4aea-9142-2e33d6d3d139
2024-02-18T13:02:21.000000,view,77820,1005,apparel.shoes,bosch,105.15,100500,c53a27f9-461e-4aea-9142-2e33d6d3d139
2024-02-18T14:00:00.000000,view,65166,1006,auto.accessories,nike,44.94,100354,460b913d-3e1e-46bc-b64e-4f8896ffac12
2024-02-18T14:00:00.000000,view,99477,1002,electronics.audio.headphone,lg,290.22,100900,11227306-b0e1-465e-a073-ca56418ce1b3
2024-02-18T14:00:36.000000,view,99477,1002,electronics.audio.headphone,lg,290.22,100900,11227306-b0e1-465e-a073-ca56418ce1b3
2024-02-18T14:02:12.000000,view,65166,1006,auto.accessories,nike,44.94,100354,460b913d-3e1e-46bc-b64e-4f8896ffac12
2024-02-18T14:02:37.000000,view,65166,1006,auto.accessories,nike,44.94,100354,460b913d-3e1e-46bc-b64e-4f8896ffac12
2024-02-18T14:02:51.000000,view,99477,1002,electronics.audio.headphone,lg,290.22,100900,11227306-b0e1-465e-a073-ca56418ce1b3
2024-02-18T14:03:52.000000,view,68354,1006,auto.accessories,bosch,132.83,100309,3ff2b826-2282-4a9c-9b74-bfd81d412ffa
2024-02-18T14:04:55.000000,view,68354,1006,auto.accessories,bosch,132.83,100309,3ff2b826-2282-4a9c-9b74-bfd81d412ffa
2024-02-18T14:04:57.000000,view,65166,1006,auto.accessories,nike,44.94,100354,460b913d-3e1e-46bc-b64e-4f8896ffac12
2024-02-18T14:05:25.000000,view,68354,1006,auto.accessories,bosch,132.83,100309,3ff2b826-2282-4a9c-9b74-bfd81d412ffa
2024-02-18T14:07:35.000000,view,68354,1006,auto.accessories,bosch,132.83,100309,3ff2b826-2282-4a9c-9b74-bfd81d412ffa
2024-02-18T15:00:00.000000,view,51720,1004,computers.notebook,lg,536.85,100570,273b4b9b-52f6-45ff-be0b-866abdda43b7
2024-02-18T15:05:26.000000,view,53665,1006,auto.accessories,xiaomi,45.92,100004,eb4c8cdc-ba64-4e5a-b510-95ec1a5f7cc8
2024-02-18T17:00:00.000000,view,83207,1001,electronics.smartphone,samsung,1108.95,100463,7da18dc7-fca3-4a8e-9a21-e0f0510e71b1
2024-02-18T17:00:00.000000,view,50843,1002,electronics.audio.headphone,bosch,49.59,100921,58723e40-f52c-487d-ad2e-8493a6921290
2024-02-18T17:04:46.000000,view,62380,1002,electronics.audio.headphone,bosch,129.57,100628,4dab639a-5d44-432e-b300-cbee919c8938
2024-02-18T17:06:04.000000,view,64332,1001,electronics.smartphone,asus,812.21,100539,6acbdd1b-5f85-47aa-98f3-6c1f78c355fa
2024-02-18T17:06:20.000000,view,64332,1001,electronics.smartphone,asus,812.21,100539,6acbdd1b-5f85-47aa-98f3-6c1f78c355fa
2024-02-18T17:08:24.000000,view,64332,1001,electronics.smartphone,asus,812.21,100539,6acbdd1b-5f85-47aa-98f3-6c1f78c355fa
2024-02-18T17:10:17.000000,cart,64332,1001,electronics.smartphone,asus,812.21,100539,6acbdd1b-5f85-47aa-98f3-6c1f78c355fa
2024-02-18T17:11:50.000000,purchase,64332,1001,electronics.smartphone,asus,812.21,100539,6acbdd1b-5f85-47aa-98f3-6c1f78c355fa
2024-02-18T18:00:00.000000,view,73741,1003,appliances.kitchen.refrigerators,lg,534.48,100159,55e35d0a-d534-4ce5-ba23-ae36de41ddd6
2024-02-18T18:00:00.000000,view,78467,1003,appliances.kitchen.refrigerators,apple,2041.03,100504,b35d4c2d-1b44-492c-88ba-6f807f0e2e0c
2024-02-18T18:00:48.000000,view,78467,1003,appliances.kitchen.refrigerators,apple,2041.03,100504,b35d4c2d-1b44-492c-88ba-6f807f0e2e0c
2024-02-18T18:02:56.000000,view,73741,1003,appliances.kitchen.refrigerators,lg,534.48,100159,55e35d0a-d534-4ce5-ba23-ae36de41ddd6
2024-02-18T18:05:20.000000,view,95955,1001,electronics.smartphone,samsung,176.68,100792,8a6ed8e1-050e-4d3e-9483-aa0905f8a5d2
2024-02-18T18:05:35.000000,view,73741,1003,appliances.kitchen.refrigerators,lg,534.48,100159,55e35d0a-d534-4ce5-ba23-ae36de41ddd6
2024-02-18T18:06:00.000000,view,95955,1001,electronics.smartphone,samsung,176.68,100792,8a6ed8e1-050e-4d3e-9483-aa0905f8a5d2
2024-02-18T18:06:49.000000,view,73741,1003,appliances.kitchen.refrigerators,lg,534.48,100159,55e35d0a-d534-4ce5-ba23-ae36de41ddd6
2024-02-18T18:08:04.000000,view,95955,1001,electronics.smartphone,samsung,176.68,100792,8a6ed8e1-050e-4d3e-9483-aa0905f8a5d2
2024-02-18T18:09:12.000000,view,95955,1001,electronics.smartphone,samsung,176.68,100792,8a6ed8e1-050e-4d3e-9483-aa0905f8a5d2
2024-02-18T18:09:28.000000,cart,95955,1001,electronics.smartphone,samsung,176.68,100792,8a6ed8e1-050e-4d3e-9483-aa0905f8a5d2
2024-02-18T18:10:58.000000,purchase,95955,1001,electronics.smartphone,samsung,176.68,100792,8a6ed8e1-050e-4d3e-9483-aa0905f8a5d2
2024-02-18T18:17:07.000000,view,67864,1005,apparel.shoes,nike,93.59,100227,18c4d36b-34b4-4fdd-9b39-21e189546e78
2024-02-18T18:17:42.000000,view,67864,1005,apparel.shoes,nike,93.59,100227,18c4d36b-34b4-4fdd-9b39-21e189546e78
2024-02-18T18:18:57.000000,view,67864,1005,apparel.shoes,nike,93.59,100227,18c4d36b-34b4-4fdd-9b39-21e189546e78
2024-02-18T19:00:00.000000,view,73860,1001,electronics.smartphone,asus,964.82,100182,fbd03fe2-4ec8-4353-b06f-59e271a9a594
2024-02-18T19:00:00.000000,view,87482,1005,apparel.shoes,nike,135.01,100201,a7079706-669d-42cd-98c5-e26d8423b4cf
2024-02-18T19:01:32.000000,view,73860,1001,electronics.smartphone,asus,964.82,100182,fbd03fe2-4ec8-4353-b06f-59e271a9a594
2024-02-18T19:02:23.000000,cart,87482,1005,apparel.shoes,nike,135.01,100201,a7079706-669d-42cd-98c5-e26d8423b4cf
2024-02-18T19:15:11.000000,view,61736,1001,electronics.smartphone,asus,554.82,100956,65f14307-2479-4ced-9e67-f2100b5d8322
2024-02-18T20:02:15.000000,view,60365,1005,apparel.shoes,samsung,56.02,100465,81f9be22-ba4b-4fba-b6a1-143b107ed256
2024-02-18T20:03:22.000000,view,60365,1005,apparel.shoes,samsung,56.02,100465,81f9be22-ba4b-4fba-b6a1-143b107ed256
2024-02-18T20:03:55.000000,view,60365,1005,apparel.shoes,samsung,56.02,100465,81f9be22-ba4b-4fba-b6a1-143b107ed256
2024-02-18T21:03:10.000000,view,98209,1001,electronics.smartphone,apple,407.79,100969,7f64ae1b-b4ab-4c7b-b9be-df9541fa2e20
2024-02-18T21:05:49.000000,view,98209,1001,electronics.smartphone,apple,407.79,100969,7f64ae1b-b4ab-4c7b-b9be-df9541fa2e20
2024-02-18T21:08:49.000000,view,98209,1001,electronics.smartphone,apple,407.79,100969,7f64ae1b-b4ab-4c7b-b9be-df9541fa2e20
2024-02-18T21:09:41.000000,view,64069,1004,computers.notebook,apple,890.8,100873,231d2cfa-4c5d-4c1f-8980-50d50e9ea679
2024-02-18T21:11:16.000000,view,64069,1004,computers.notebook,apple,890.8,100873,231d2cfa-4c5d-4c1f-8980-50d50e9ea679
2024-02-18T21:13:11.000000,view,64069,1004,computers.notebook,apple,890.8,100873,231d2cfa-4c5d-4c1f-8980-50d50e9ea679
2024-02-18T21:14:33.000000,cart,64069,1004,computers.notebook,apple,890.8,100873,231d2cfa-4c5d-4c1f-8980-50d50e9ea679
2024-02-18T21:15:15.000000,purchase,64069,1004,computers.notebook,apple,890.8,100873,231d2cfa-4c5d-4c1f-8980-50d50e9ea679
2024-02-18T22:01:09.000000,view,69794,1003,appliances.kitchen.refrigerators,xiaomi,1274.2,100707,fdd9480c-afe3-4efd-a5cc-97ee449f0d23
2024-02-18T22:04:50.000000,view,67902,1004,computers.notebook,lg,1068.26,100047,3f5e5c47-2fa8-4faf-b15e-0800dd08de86
2024-02-19T01:00:51.000000,view,73487,1006,auto.accessories,asus,116.21,100463,3b96bd0a-6250-48bf-89a6-4c89f884594e
2024-02-19T01:02:47.000000,view,73487,1006,auto.accessories,asus,116.21,100463,3b96bd0a-6250-48bf-89a6-4c89f884594e
2024-02-19T01:03:45.000000,view,73487,1006,auto.accessories,asus,116.21,100463,3b96bd0a-6250-48bf-89a6-4c89f884594e
2024-02-19T01:06:56.000000,view,63934,1006,auto.accessories,xiaomi,103.48,100004,635467e4-e903-4e7f-9866-3b0c1e0b9fdb
2024-02-19T01:09:50.000000,view,63934,1006,auto.accessories,xiaomi,103.48,100004,635467e4-e903-4e7f-9866-3b0c1e0b9fdb
2024-02-19T01:11:57.000000,view,63934,1006,auto.accessories,xiaomi,103.48,100004,635467e4-e903-4e7f-9866-3b0c1e0b9fdb
2024-02-19T01:12:43.000000,view,63934,1006,auto.accessories,xiaomi,103.48,100004,635467e4-e903-4e7f-9866-3b0c1e0b9fdb
2024-02-19T01:14:00.000000,cart,63934,1006,auto.accessories,xiaomi,103.48,100004,635467e4-e903-4e7f-9866-3b0c1e0b9fdb
2024-02-19T02:34:30.000000,view,54427,1003,appliances.kitchen.refrigerators,bosch,1058.57,100060,3ad691c3-d4e8-4895-9085-11c704045783
2024-02-19T04:05:52.000000,view,85174,1004,computers.notebook,lg,1765.29,100465,ea2ed247-cb76-4333-a9a9-1d939afc787e
2024-02-19T04:06:12.000000,view,60343,1006,auto.accessories,apple,83.97,100628,cec47ccc-a869-462e-81d0-754bca4ee540
2024-02-19T04:08:53.000000,view,60343,1006,auto.accessories,apple,83.97,100628,cec47ccc-a869-462e-81d0-754bca4ee540
2024-02-19T04:10:12.000000,view,60343,1006,auto.accessories,apple,83.97,100628,cec47ccc-a869-462e-81d0-754bca4ee540
2024-02-19T04:11:04.000000,view,60343,1006,auto.accessories,apple,83.97,100628,cec47ccc-a869-462e-81d0-754bca4ee540
2024-02-19T05:45:41.000000,view,85982,1003,appliances.kitchen.refrigerators,apple,2144.93,100923,d217ef4c-b594-44bb-bcef-57b0489725dc
2024-02-19T05:48:07.000000,view,85982,1003,appliances.kitchen.refrigerators,apple,2144.93,100923,d217ef4c-b594-44bb-bcef-57b0489725dc
2024-02-19T05:48:23.000000,view,85982,1003,appliances.kitchen.refrigerators,apple,2144.93,100923,d217ef4c-b594-44bb-bcef-57b0489725dc
2024-02-19T05:49:54.000000,cart,85982,1003,appliances.kitchen.refrigerators,apple,2144.93,100923,d217ef4c-b594-44bb-bcef-57b0489725dc
2024-02-19T06:27:28.000000,view,59198,1005,apparel.shoes,apple,145.26,100853,00b8bbd7-289b-43b2-aac6-f65e5ab194b7
2024-02-19T06:27:38.000000,view,59198,1005,apparel.shoes,apple,145.26,100853,00b8bbd7-289b-43b2-aac6-f65e5ab194b7
2024-02-19T06:28:31.000000,view,59198,1005,apparel.shoes,apple,145.26,100853,00b8bbd7-289b-43b2-aac6-f65e5ab194b7
2024-02-19T06:31:18.000000,view,59198,1005,apparel.shoes,apple,145.26,100853,00b8bbd7-289b-43b2-aac6-f65e5ab194b7
2024-02-19T06:32:32.000000,cart,59198,1005,apparel.shoes,apple,145.26,100853,00b8bbd7-289b-43b2-aac6-f65e5ab194b7
2024-02-19T07:10:31.000000,view,89180,1006,auto.accessories,bosch,82.75,100969,91ff5f2b-cdde-41a9-ace9-feef81f6368a
2024-02-19T07:12:01.000000,view,89180,1006,auto.accessories,bosch,82.75,100969,91ff5f2b-cdde-41a9-ace9-feef81f6368a
2024-02-19T07:12:31.000000,view,89180,1006,auto.accessories,bosch,82.75,100969,91ff5f2b-cdde-41a9-ace9-feef81f6368a
2024-02-19T07:13:03.000000,view,89180,1006,auto.accessories,bosch,82.75,100969,91ff5f2b-cdde-41a9-ace9-feef81f6368a
2024-02-19T07:15:33.000000,cart,89180,1006,auto.accessories,bosch,82.75,100969,91ff5f2b-cdde-41a9-ace9-feef81f6368a
2024-02-19T08:00:00.000000,view,99701,1003,appliances.kitchen.refrigerators,lg,1923.92,100777,e4eac3e2-654e-4d04-ba09-d0c00bfb451f
2024-02-19T08:01:21.000000,view,99701,1003,appliances.kitchen.refrigerators,lg,1923.92,100777,e4eac3e2-654e-4d04-ba09-d0c00bfb451f
2024-02-19T08:03:19.000000,view,99701,1003,appliances.kitchen.refrigerators,lg,1923.92,100777,e4eac3e2-654e-4d04-ba09-d0c00bfb451f
2024-02-19T09:00:00.000000,view,62951,1001,electronics.smartphone,samsung,532.18,100774,dc5ae630-0cd1-44b1-8e9b-bac372f97eb9
2024-02-19T09:00:00.000000,view,55693,1002,electronics.audio.headphone,bosch,208.65,100933,5c9a14d6-1067-4af3-a93f-2d3a8f9ebc1c
2024-02-19T09:00:50.000000,view,62951,1001,electronics.smartphone,samsung,532.18,100774,dc5ae630-0cd1-44b1-8e9b-bac372f97eb9
2024-02-19T09:01:45.000000,view,55693,1002,electronics.audio.headphone,bosch,208.65,100933,5c9a14d6-1067-4af3-a93f-2d3a8f9ebc1c
2024-02-19T09:02:12.000000,view,62951,1001,electronics.smartphone,samsung,532.18,100774,dc5ae630-0cd1-44b1-8e9b-bac372f97eb9
2024-02-19T09:03:43.000000,view,55693,1002,electronics.audio.headphone,bosch,208.65,100933,5c9a14d6-1067-4af3-a93f-2d3a8f9ebc1c
2024-02-19T09:04:35.000000,view,55693,1002,electronics.audio.headphone,bosch,208.65,100933,5c9a14d6-1067-4af3-a93f-2d3a8f9ebc1c
2024-02-19T09:06:33.000000,cart,55693,1002,electronics.audio.headphone,bosch,208.65,100933,5c9a14d6-1067-4af3-a93f-2d3a8f9ebc1c
2024-02-19T09:07:00.000000,purchase,55693,1002,electronics.audio.headphone,bosch,208.65,100933,5c9a14d6-1067-4af3-a93f-2d3a8f9ebc1c
2024-02-19T10:00:00.000000,view,90624,1004,computers.notebook,asus,799.31,100821,f03c912a-ca0e-49c9-b6db-e3a5e1d67373
2024-02-19T10:01:56.000000,view,90624,1004,computers.notebook,asus,799.31,100821,f03c912a-ca0e-49c9-b6db-e3a5e1d67373
2024-02-19T10:03:47.000000,view,90624,1004,computers.notebook,asus,799.31,100821,f03c912a-ca0e-49c9-b6db-e3a5e1d67373
2024-02-19T10:04:15.000000,view,90624,1004,computers.notebook,asus,799.31,100821,f03c912a-ca0e-49c9-b6db-e3a5e1d67373
2024-02-19T11:09:32.000000,view,80470,1001,electronics.smartphone,xiaomi,964.59,100507,681ada84-3fdb-410e-8111-516f5cc7683b
2024-02-19T11:11:36.000000,view,80470,1001,electronics.smartphone,xiaomi,964.59,100507,681ada84-3fdb-410e-8111-516f5cc7683b
2024-02-19T11:14:26.000000,cart,80470,1001,electronics.smartphone,xiaomi,964.59,100507,681ada84-3fdb-410e-8111-516f5cc7683b
2024-02-19T12:00:00.000000,view,84366,1003,appliances.kitchen.refrigerators,nike,453.95,100317,68e938ef-adac-4bf3-a2fc-9020974dd932
2024-02-19T12:00:00.000000,view,69851,1001,electronics.smartphone,apple,162.72,100541,da1bdbb1-ab82-4ff1-bf9f-23c28d46c1a7
2024-02-19T12:00:00.000000,view,87049,1003,appliances.kitchen.refrigerators,bosch,721.48,100724,073bfe41-7f32-4d1a-be2f-c1bab529a6c7
2024-02-19T12:00:59.000000,view,69851,1001,electronics.smartphone,apple,162.72,100541,da1bdbb1-ab82-4ff1-bf9f-23c28d46c1a7
2024-02-19T12:02:28.000000,view,87049,1003,appliances.kitchen.refrigerators,bosch,721.48,100724,073bfe41-7f32-4d1a-be2f-c1bab529a6c7
2024-02-19T12:05:28.000000,view,87049,1003,appliances.kitchen.refrigerators,bosch,721.48,100724,073bfe41-7f32-4d1a-be2f-c1bab529a6c7
2024-02-19T12:06:53.000000,view,87049,1003,appliances.kitchen.refrigerators,bosch,721.48,100724,073bfe41-7f32-4d1a-be2f-c1bab529a6c7
2024-02-19T12:09:45.000000,view,75286,1003,appliances.kitchen.refrigerators,bosch,2104.9,100738,6879b58a-0f8c-4f60-99d3-aaad848ede65
2024-02-19T12:12:24.000000,view,75286,1003,appliances.kitchen.refrigerators,bosch,2104.9,100738,6879b58a-0f8c-4f60-99d3-aaad848ede65
2024-02-19T13:00:00.000000,view,68572,1005,apparel.shoes,samsung,181.81,100839,36ba6f6a-2ea0-4278-812c-2907c09af855
2024-02-19T13:01:34.000000,view,68572,1005,apparel.shoes,samsung,181.81,100839,36ba6f6a-2ea0-4278-812c-2907c09af855
2024-02-19T13:03:25.000000,view,68572,1005,apparel.shoes,samsung,181.81,100839,36ba6f6a-2ea0-4278-812c-2907c09af855
2024-02-19T13:05:18.000000,cart,68572,1005,apparel.shoes,samsung,181.81,100839,36ba6f6a-2ea0-4278-812c-2907c09af855
2024-02-19T14:00:00.000000,view,66476,1004,computers.notebook,asus,3410.34,100006,e9fad641-6fd4-48d0-9281-8c2b4365b42d
2024-02-19T14:00:00.000000,view,86499,1004,computers.notebook,nike,1148.45,100409,d2a72e33-d12a-4e97-baef-5438727a8afc
2024-02-19T14:00:40.000000,view,86499,1004,computers.notebook,nike,1148.45,100409,d2a72e33-d12a-4e97-baef-5438727a8afc
2024-02-19T14:02:16.000000,view,86499,1004,computers.notebook,nike,1148.45,100409,d2a72e33-d12a-4e97-baef-5438727a8afc
2024-02-19T14:07:32.000000,view,83499,1005,apparel.shoes,apple,196.11,100933,5cd8a8bf-fb12-4920-bda9-6d856df2debb
2024-02-19T14:09:22.000000,view,83499,1005,apparel.shoes,apple,196.11,100933,5cd8a8bf-fb12-4920-bda9-6d856df2debb
2024-02-19T14:10:12.000000,view,83499,1005,apparel.shoes,apple,196.11,100933,5cd8a8bf-fb12-4920-bda9-6d856df2debb
2024-02-19T14:10:25.000000,view,83499,1005,apparel.shoes,apple,196.11,100933,5cd8a8bf-fb12-4920-bda9-6d856df2debb
2024-02-19T14:24:39.000000,view,87828,1005,apparel.shoes,xiaomi,167.01,100506,d8d62f72-272c-44e6-b8ae-6c757804ae55
2024-02-19T14:25:21.000000,view,87828,1005,apparel.shoes,xiaomi,167.01,100506,d8d62f72-272c-44e6-b8ae-6c757804ae55
2024-02-19T15:00:00.000000,view,55373,1001,electronics.smartphone,bosch,578.96,100534,800f13b9-d6da-48c2-878d-f9218ac2f85e
2024-02-19T15:02:03.000000,view,55373,1001,electronics.smartphone,bosch,578.96,100534,800f13b9-d6da-48c2-878d-f9218ac2f85e
2024-02-19T15:02:51.000000,view,55373,1001,electronics.smartphone,bosch,578.96,100534,800f13b9-d6da-48c2-878d-f9218ac2f85e
2024-02-19T15:04:39.000000,view,55373,1001,electronics.smartphone,bosch,578.96,100534,800f13b9-d6da-48c2-878d-f9218ac2f85e
2024-02-19T15:11:11.000000,view,76338,1003,appliances.kitchen.refrigerators,nike,758.06,100883,e8877c57-d002-4422-9976-f70a38780b34
2024-02-19T15:13:30.000000,view,76338,1003,appliances.kitchen.refrigerators,nike,758.06,100883,e8877c57-d002-4422-9976-f70a38780b34
2024-02-19T15:14:55.000000,view,76338,1003,appliances.kitchen.refrigerators,nike,758.06,100883,e8877c57-d002-4422-9976-f70a38780b34
2024-02-19T16:25:07.000000,view,86414,1002,electronics.audio.headphone,asus,245.83,100881,0245ee69-f2a5-4ac1-ae8d-1522d2d7d47f
2024-02-19T16:26:31.000000,cart,86414,1002,electronics.audio.headphone,asus,245.83,100881,0245ee69-f2a5-4ac1-ae8d-1522d2d7d47f
2024-02-19T18:00:00.000000,view,61112,1001,electronics.smartphone,lg,1190.31,100362,24ab1d0d-7e05-4fa7-8368-4dd1cbc68d36
2024-02-19T18:00:00.000000,view,50938,1002,electronics.audio.headphone,samsung,64.31,100467,7f2f3b58-699e-4942-ac21-b511743bcbec
2024-02-19T18:00:00.000000,view,95577,1004,computers.notebook,xiaomi,2188.0,100688,8079d77b-f24d-45b7-89eb-e42173cfec6f
2024-02-19T18:00:00.000000,view,58387,1004,computers.notebook,nike,3143.65,100978,f3284140-b06d-4f75-a255-45a3aa769ec1
2024-02-19T18:00:36.000000,view,61112,1001,electronics.smartphone,lg,1190.31,100362,24ab1d0d-7e05-4fa7-8368-4dd1cbc68d36
2024-02-19T18:01:10.000000,cart,50938,1002,electronics.audio.headphone,samsung,64.31,100467,7f2f3b58-699e-4942-ac21-b511743bcbec
2024-02-19T18:01:58.000000,cart,61112,1001,electronics.smartphone,lg,1190.31,100362,24ab1d0d-7e05-4fa7-8368-4dd1cbc68d36
2024-02-19T18:02:06.000000,purchase,50938,1002,electronics.audio.headphone,samsung,64.31,100467,7f2f3b58-699e-4942-ac21-b511743bcbec
2024-02-19T18:02:41.000000,view,58387,1004,computers.notebook,nike,3143.65,100978,f3284140-b06d-4f75-a255-45a3aa769ec1
2024-02-19T18:02:56.000000,view,95577,1004,computers.notebook,xiaomi,2188.0,100688,8079d77b-f24d-45b7-89eb-e42173cfec6f
2024-02-19T18:03:31.000000,purchase,61112,1001,electronics.smartphone,lg,1190.31,100362,24ab1d0d-7e05-4fa7-8368-4dd1cbc68d36
2024-02-19T18:05:25.000000,view,95577,1004,computers.notebook,xiaomi,2188.0,100688,8079d77b-f24d-45b7-89eb-e42173cfec6f
2024-02-19T18:07:22.000000,view,95577,1004,computers.notebook,xiaomi,2188.0,100688,8079d77b-f24d-45b7-89eb-e42173cfec6f
2024-02-19T18:09:02.000000,cart,95577,1004,computers.notebook,xiaomi,2188.0,100688,8079d77b-f24d-45b7-89eb-e42173cfec6f
2024-02-19T19:00:00.000000,view,60479,1005,apparel.shoes,asus,100.59,100205,a9ef3ab8-ce9b-44e4-80e3-f6d0b625418c
2024-02-19T19:00:21.000000,view,60479,1005,apparel.shoes,asus,100.59,100205,a9ef3ab8-ce9b-44e4-80e3-f6d0b625418c
2024-02-19T19:01:14.000000,view,60479,1005,apparel.shoes,asus,100.59,100205,a9ef3ab8-ce9b-44e4-80e3-f6d0b625418c
2024-02-19T19:02:42.000000,view,75445,1001,electronics.smartphone,samsung,692.78,100838,48f836a1-d653-4227-86b7-cdb3d8ba2c7d
2024-02-19T19:02:49.000000,view,60479,1005,apparel.shoes,asus,100.59,100205,a9ef3ab8-ce9b-44e4-80e3-f6d0b625418c
2024-02-19T19:06:22.000000,view,71305,1003,appliances.kitchen.refrigerators,xiaomi,1781.02,100171,1d3e6fde-48e7-4458-97bf-463492852ca3
2024-02-19T19:06:56.000000,view,73004,1003,appliances.kitchen.refrigerators,xiaomi,1865.49,100354,27dec027-b1b4-4d51-879f-0a83646b4fc8
2024-02-19T19:08:26.000000,view,71305,1003,appliances.kitchen.refrigerators,xiaomi,1781.02,100171,1d3e6fde-48e7-4458-97bf-463492852ca3
2024-02-19T19:08:27.000000,view,73004,1003,appliances.kitchen.refrigerators,xiaomi,1865.49,100354,27dec027-b1b4-4d51-879f-0a83646b4fc8
2024-02-19T19:08:49.000000,cart,73004,1003,appliances.kitchen.refrigerators,xiaomi,1865.49,100354,27dec027-b1b4-4d51-879f-0a83646b4fc8
2024-02-19T19:08:56.000000,view,71305,1003,appliances.kitchen.refrigerators,xiaomi,1781.02,100171,1d3e6fde-48e7-4458-97bf-463492852ca3
2024-02-19T19:09:04.000000,purchase,73004,1003,appliances.kitchen.refrigerators,xiaomi,1865.49,100354,27dec027-b1b4-4d51-879f-0a83646b4fc8
2024-02-19T19:10:43.000000,view,71305,1003,appliances.kitchen.refrigerators,xiaomi,1781.02,100171,1d3e6fde-48e7-4458-97bf-463492852ca3
2024-02-19T19:13:30.000000,cart,71305,1003,appliances.kitchen.refrigerators,xiaomi,1781.02,100171,1d3e6fde-48e7-4458-97bf-463492852ca3
2024-02-19T20:00:00.000000,view,54400,1005,apparel.shoes,bosch,98.84,100807,e0bf8d62-a47d-4464-8ef4-a5497038b902
2024-02-19T20:00:00.000000,view,75750,1006,auto.accessories,lg,54.53,100901,9b09b0d8-cdae-44fe-85e8-2e202198dbd3
2024-02-19T20:00:32.000000,view,54400,1005,apparel.shoes,bosch,98.84,100807,e0bf8d62-a47d-4464-8ef4-a5497038b902
2024-02-19T20:02:03.000000,view,75750,1006,auto.accessories,lg,54.53,100901,9b09b0d8-cdae-44fe-85e8-2e202198dbd3
2024-02-19T20:02:54.000000,view,54400,1005,apparel.shoes,bosch,98.84,100807,e0bf8d62-a47d-4464-8ef4-a5497038b902
2024-02-19T20:03:09.000000,view,75750,1006,auto.accessories,lg,54.53,100901,9b09b0d8-cdae-44fe-85e8-2e202198dbd3
2024-02-19T20:04:53.000000,view,75750,1006,auto.accessories,lg,54.53,100901,9b09b0d8-cdae-44fe-85e8-2e202198dbd3
2024-02-19T23:04:16.000000,view,75939,1001,electronics.smartphone,lg,400.64,100838,5c7c5cab-f05a-4907-981c-d198c0b204dc
2024-02-19T23:06:00.000000,cart,75939,1001,electronics.smartphone,lg,400.64,100838,5c7c5cab-f05a-4907-981c-d198c0b204dc
2024-02-20T00:13:05.000000,view,89551,1002,electronics.audio.headphone,apple,253.87,100933,130214e8-30f9-4482-9142-fd9ba7d8b3f5
2024-02-20T00:13:20.000000,view,89551,1002,electronics.audio.headphone,apple,253.87,100933,130214e8-30f9-4482-9142-fd9ba7d8b3f5
2024-02-20T00:16:45.000000,view,59978,1004,computers.notebook,samsung,2062.31,100511,a4dcacf1-bf43-4597-bb1a-debd1f845438
2024-02-20T00:18:03.000000,view,59978,1004,computers.notebook,samsung,2062.31,100511,a4dcacf1-bf43-4597-bb1a-debd1f845438
2024-02-20T00:20:35.000000,view,59978,1004,computers.notebook,samsung,2062.31,100511,a4dcacf1-bf43-4597-bb1a-debd1f845438
2024-02-20T02:04:09.000000,view,86041,1002,electronics.audio.headphone,xiaomi,49.95,100776,0c048efe-c4a6-47aa-9dc3-b785e9fbba59
2024-02-20T02:05:42.000000,cart,86041,1002,electronics.audio.headphone,xiaomi,49.95,100776,0c048efe-c4a6-47aa-9dc3-b785e9fbba59
2024-02-20T02:15:42.000000,view,79863,1006,auto.accessories,apple,36.07,100883,dd867d71-8e6d-46f6-9407-729b39985a83
2024-02-20T02:15:52.000000,view,78062,1005,apparel.shoes,lg,166.89,100873,085c6fda-f602-4e56-b96e-336933b7037c
2024-02-20T02:16:26.000000,view,79863,1006,auto.accessories,apple,36.07,100883,dd867d71-8e6d-46f6-9407-729b39985a83
2024-02-20T02:17:09.000000,view,78062,1005,apparel.shoes,lg,166.89,100873,085c6fda-f602-4e56-b96e-336933b7037c
2024-02-20T02:19:23.000000,view,79863,1006,auto.accessories,apple,36.07,100883,dd867d71-8e6d-46f6-9407-729b39985a83
2024-02-20T02:21:05.000000,view,79863,1006,auto.accessories,apple,36.07,100883,dd867d71-8e6d-46f6-9407-729b39985a83
2024-02-20T02:22:58.000000,cart,79863,1006,auto.accessories,apple,36.07,100883,dd867d71-8e6d-46f6-9407-729b39985a83
2024-02-20T02:23:46.000000,purchase,79863,1006,auto.accessories,apple,36.07,100883,dd867d71-8e6d-46f6-9407-729b39985a83
2024-02-20T05:21:54.000000,view,98123,1006,auto.accessories,samsung,105.71,100227,30d7bbaf-c756-44d0-82d0-77701cc8d364
2024-02-20T05:24:17.000000,view,98123,1006,auto.accessories,samsung,105.71,100227,30d7bbaf-c756-44d0-82d0-77701cc8d364
2024-02-20T09:06:28.000000,view,84533,1005,apparel.shoes,lg,146.74,100047,b61e14dc-fca9-465e-95ba-e495df54f88f
2024-02-20T09:07:34.000000,cart,84533,1005,apparel.shoes,lg,146.74,100047,b61e14dc-fca9-465e-95ba-e495df54f88f
2024-02-20T09:09:05.000000,purchase,84533,1005,apparel.shoes,lg,146.74,100047,b61e14dc-fca9-465e-95ba-e495df54f88f
2024-02-20T10:00:00.000000,view,77421,1002,electronics.audio.headphone,asus,156.52,100318,5c6f1ddc-a23c-46f0-8026-4b7f5360da56
2024-02-20T10:00:00.000000,view,83948,1001,electronics.smartphone,lg,633.23,100388,b1fd291b-9531-4410-bb35-ba1f7b997bcb
2024-02-20T10:00:31.000000,cart,83948,1001,electronics.smartphone,lg,633.23,100388,b1fd291b-9531-4410-bb35-ba1f7b997bcb
2024-02-20T10:02:09.000000,purchase,83948,1001,electronics.smartphone,lg,633.23,100388,b1fd291b-9531-4410-bb35-ba1f7b997bcb
2024-02-20T11:00:00.000000,view,96488,1002,electronics.audio.headphone,lg,203.1,100637,f565dcda-4986-4784-9a53-322d7a0bf188
2024-02-20T12:00:00.000000,view,60432,1006,auto.accessories,bosch,148.79,100336,64aa4f19-d53c-4249-9d64-e04252ab8f1e
2024-02-20T12:01:36.000000,view,60432,1006,auto.accessories,bosch,148.79,100336,64aa4f19-d53c-4249-9d64-e04252ab8f1e
2024-02-20T12:03:34.000000,view,60432,1006,auto.accessories,bosch,148.79,100336,64aa4f19-d53c-4249-9d64-e04252ab8f1e
2024-02-20T12:05:45.000000,view,60432,1006,auto.accessories,bosch,148.79,100336,64aa4f19-d53c-4249-9d64-e04252ab8f1e
2024-02-20T14:00:00.000000,view,82950,1005,apparel.shoes,bosch,101.17,100676,78c45a23-d821-4acb-98bb-a06b030c14b4
2024-02-20T14:00:00.000000,view,97087,1003,appliances.kitchen.refrigerators,bosch,1190.15,100843,5e460929-4b9e-42f6-bb84-3a0de68cfbeb
2024-02-20T14:01:59.000000,view,97087,1003,appliances.kitchen.refrigerators,bosch,1190.15,100843,5e460929-4b9e-42f6-bb84-3a0de68cfbeb
2024-02-20T14:02:00.000000,cart,82950,1005,apparel.shoes,bosch,101.17,100676,78c45a23-d821-4acb-98bb-a06b030c14b4
2024-02-20T14:02:50.000000,purchase,82950,1005,apparel.shoes,bosch,101.17,100676,78c45a23-d821-4acb-98bb-a06b030c14b4
2024-02-20T14:03:33.000000,cart,97087,1003,appliances.kitchen.refrigerators,bosch,1190.15,100843,5e460929-4b9e-42f6-bb84-3a0de68cfbeb
2024-02-20T15:00:00.000000,view,91144,1006,auto.accessories,xiaomi,70.92,100109,311a8c32-10b4-4e0c-ac52-6eae2bfe0118
2024-02-20T15:00:00.000000,view,61325,1006,auto.accessories,lg,62.78,100119,e836923d-f7b1-419b-aa3d-1691ff0ca7dd
2024-02-20T15:00:00.000000,view,51420,1003,appliances.kitchen.refrigerators,samsung,1394.11,100505,d1cf7e05-0a3d-42d9-82d0-e72b506ed20c
2024-02-20T15:00:29.000000,view,91144,1006,auto.accessories,xiaomi,70.92,100109,311a8c32-10b4-4e0c-ac52-6eae2bfe0118
2024-02-20T15:01:20.000000,view,61325,1006,auto.accessories,lg,62.78,100119,e836923d-f7b1-419b-aa3d-1691ff0ca7dd
2024-02-20T15:01:27.000000,view,51420,1003,appliances.kitchen.refrigerators,samsung,1394.11,100505,d1cf7e05-0a3d-42d9-82d0-e72b506ed20c
2024-02-20T15:02:52.000000,view,95258,1005,apparel.shoes,lg,93.01,100388,ef57ddf5-0c52-4e30-b0f8-d98d66705461
2024-02-20T15:03:21.000000,view,91144,1006,auto.accessories,xiaomi,70.92,100109,311a8c32-10b4-4e0c-ac52-6eae2bfe0118
2024-02-20T15:03:54.000000,view,91144,1006,auto.accessories,xiaomi,70.92,100109,311a8c32-10b4-4e0c-ac52-6eae2bfe0118
2024-02-20T15:03:57.000000,cart,51420,1003,appliances.kitchen.refrigerators,samsung,1394.11,100505,d1cf7e05-0a3d-42d9-82d0-e72b506ed20c
2024-02-20T15:04:36.000000,purchase,51420,1003,appliances.kitchen.refrigerators,samsung,1394.11,100505,d1cf7e05-0a3d-42d9-82d0-e72b506ed20c
2024-02-20T15:40:50.000000,view,98059,1001,electronics.smartphone,samsung,961.75,100643,a6dba4b5-c859-4c5d-807b-ae8f61a24f1e
2024-02-20T16:00:00.000000,view,87815,1004,computers.notebook,samsung,1488.52,100519,2e9f1e11-ecc5-4e8d-9e63-0f5a4860123e
2024-02-20T16:00:37.000000,view,87815,1004,computers.notebook,samsung,1488.52,100519,2e9f1e11-ecc5-4e8d-9e63-0f5a4860123e
2024-02-20T16:01:44.000000,view,87815,1004,computers.notebook,samsung,1488.52,100519,2e9f1e11-ecc5-4e8d-9e63-0f5a4860123e
2024-02-20T16:04:37.000000,view,87815,1004,computers.notebook,samsung,1488.52,100519,2e9f1e11-ecc5-4e8d-9e63-0f5a4860123e
2024-02-20T17:02:48.000000,view,51030,1006,auto.accessories,lg,15.89,100094,c43409d5-25a8-4ac5-bb40-befeb7853f3a
2024-02-20T17:03:01.000000,view,51030,1006,auto.accessories,lg,15.89,100094,c43409d5-25a8-4ac5-bb40-befeb7853f3a
2024-02-20T17:03:15.000000,view,51030,1006,auto.accessories,lg,15.89,100094,c43409d5-25a8-4ac5-bb40-befeb7853f3a
2024-02-20T17:05:40.000000,view,51030,1006,auto.accessories,lg,15.89,100094,c43409d5-25a8-4ac5-bb40-befeb7853f3a
2024-02-20T18:00:00.000000,view,57665,1005,apparel.shoes,nike,187.49,100831,1c352f0a-a495-4015-bafc-1d26afdd5952
2024-02-20T18:12:06.000000,view,96569,1006,auto.accessories,lg,122.15,100795,ba5442a8-09b7-4438-8e31-6706e6f4813f
2024-02-20T18:13:59.000000,view,96569,1006,auto.accessories,lg,122.15,100795,ba5442a8-09b7-4438-8e31-6706e6f4813f
2024-02-20T18:14:53.000000,cart,96569,1006,auto.accessories,lg,122.15,100795,ba5442a8-09b7-4438-8e31-6706e6f4813f
2024-02-20T18:16:13.000000,purchase,96569,1006,auto.accessories,lg,122.15,100795,ba5442a8-09b7-4438-8e31-6706e6f4813f
2024-02-20T19:00:00.000000,view,76832,1005,apparel.shoes,lg,171.73,100070,62fa65a6-d7f9-4d75-81dc-2338b039547c
2024-02-20T19:00:00.000000,view,62349,1001,electronics.smartphone,asus,331.93,100614,719b2628-10a3-46ec-b3e8-2d711b94b1f0
2024-02-20T19:00:00.000000,view,83208,1004,computers.notebook,xiaomi,1581.6,100635,75cb0970-5564-4cc6-bc52-d7246c419bbb
2024-02-20T19:00:33.000000,view,83208,1004,computers.notebook,xiaomi,1581.6,100635,75cb0970-5564-4cc6-bc52-d7246c419bbb
2024-02-20T19:02:06.000000,view,83208,1004,computers.notebook,xiaomi,1581.6,100635,75cb0970-5564-4cc6-bc52-d7246c419bbb
2024-02-20T20:04:03.000000,view,82433,1006,auto.accessories,asus,50.62,100843,d9629127-94a6-4dd2-bb60-2fd45e88ac3f
2024-02-20T20:05:54.000000,view,82433,1006,auto.accessories,asus,50.62,100843,d9629127-94a6-4dd2-bb60-2fd45e88ac3f
2024-02-20T20:08:24.000000,view,82433,1006,auto.accessories,asus,50.62,100843,d9629127-94a6-4dd2-bb60-2fd45e88ac3f
2024-02-20T20:08:35.000000,view,82433,1006,auto.accessories,asus,50.62,100843,d9629127-94a6-4dd2-bb60-2fd45e88ac3f
2024-02-20T21:07:09.000000,view,59223,1002,electronics.audio.headphone,lg,34.26,100763,625cd1d3-08f1-4761-a9be-577a5487a666
2024-02-20T21:07:32.000000,view,74420,1006,auto.accessories,apple,125.02,100142,9b3410de-40a5-49ac-ac34-966f7e6f2ca9
2024-02-20T21:08:11.000000,view,74420,1006,auto.accessories,apple,125.02,100142,9b3410de-40a5-49ac-ac34-966f7e6f2ca9
2024-02-20T21:09:27.000000,view,59223,1002,electronics.audio.headphone,lg,34.26,100763,625cd1d3-08f1-4761-a9be-577a5487a666
2024-02-20T21:09:54.000000,view,59223,1002,electronics.audio.headphone,lg,34.26,100763,625cd1d3-08f1-4761-a9be-577a5487a666
2024-02-20T21:12:11.000000,cart,59223,1002,electronics.audio.headphone,lg,34.26,100763,625cd1d3-08f1-4761-a9be-577a5487a666
2024-02-20T23:10:20.000000,view,95486,1002,electronics.audio.headphone,nike,156.52,100843,38e21da4-a5b0-4b39-8fae-735a13294a5e
2024-02-20T23:10:52.000000,view,95486,1002,electronics.audio.headphone,nike,156.52,100843,38e21da4-a5b0-4b39-8fae-735a13294a5e
2024-02-20T23:13:20.000000,view,95486,1002,electronics.audio.headphone,nike,156.52,100843,38e21da4-a5b0-4b39-8fae-735a13294a5e
2024-02-20T23:14:37.000000,view,95486,1002,electronics.audio.headphone,nike,156.52,100843,38e21da4-a5b0-4b39-8fae-735a13294a5e
2024-02-21T00:04:09.000000,view,67776,1006,auto.accessories,lg,134.84,100172,739c3e7d-36ab-4fb0-a2ab-c549eb44825f
2024-02-21T00:06:49.000000,view,67776,1006,auto.accessories,lg,134.84,100172,739c3e7d-36ab-4fb0-a2ab-c549eb44825f
2024-02-21T00:09:12.000000,view,67776,1006,auto.accessories,lg,134.84,100172,739c3e7d-36ab-4fb0-a2ab-c549eb44825f
2024-02-21T03:07:24.000000,view,94734,1005,apparel.shoes,asus,84.63,100543,528c9711-b98b-47aa-8a6e-bfa440876d66
2024-02-21T03:08:31.000000,view,94734,1005,apparel.shoes,asus,84.63,100543,528c9711-b98b-47aa-8a6e-bfa440876d66
2024-02-21T03:27:02.000000,view,58959,1003,appliances.kitchen.refrigerators,xiaomi,2299.01,100881,5d366767-f137-4d12-b74a-85e57d2c9df3
2024-02-21T03:29:47.000000,cart,58959,1003,appliances.kitchen.refrigerators,xiaomi,2299.01,100881,5d366767-f137-4d12-b74a-85e57d2c9df3
2024-02-21T03:30:57.000000,purchase,58959,1003,appliances.kitchen.refrigerators,xiaomi,2299.01,100881,5d366767-f137-4d12-b74a-85e57d2c9df3
2024-02-21T04:16:48.000000,view,69997,1002,electronics.audio.headphone,xiaomi,279.09,100795,2d6c801b-9275-49fb-b4c1-7f2ac8042162
2024-02-21T04:18:33.000000,view,69997,1002,electronics.audio.headphone,xiaomi,279.09,100795,2d6c801b-9275-49fb-b4c1-7f2ac8042162
2024-02-21T04:19:03.000000,view,69997,1002,electronics.audio.headphone,xiaomi,279.09,100795,2d6c801b-9275-49fb-b4c1-7f2ac8042162
2024-02-21T04:21:42.000000,cart,69997,1002,electronics.audio.headphone,xiaomi,279.09,100795,2d6c801b-9275-49fb-b4c1-7f2ac8042162
2024-02-21T04:23:08.000000,purchase,69997,1002,electronics.audio.headphone,xiaomi,279.09,100795,2d6c801b-9275-49fb-b4c1-7f2ac8042162
2024-02-21T06:13:01.000000,view,85688,1004,computers.notebook,apple,1096.91,100028,9aa2f81c-965e-4e76-93e9-26dacac22248
2024-02-21T06:14:19.000000,view,85688,1004,computers.notebook,apple,1096.91,100028,9aa2f81c-965e-4e76-93e9-26dacac22248
2024-02-21T06:15:05.000000,cart,85688,1004,computers.notebook,apple,1096.91,100028,9aa2f81c-965e-4e76-93e9-26dacac22248
2024-02-21T06:15:50.000000,view,63810,1004,computers.notebook,samsung,2966.25,100363,1a8d60bd-5168-46d7-926c-20195c11b965
2024-02-21T06:16:35.000000,cart,63810,1004,computers.notebook,samsung,2966.25,100363,1a8d60bd-5168-46d7-926c-20195c11b965
2024-02-21T07:19:48.000000,view,53572,1002,electronics.audio.headphone,nike,225.66,100873,df5663a5-df89-41ca-8a3e-a854c0536258
2024-02-21T07:21:01.000000,view,53572,1002,electronics.audio.headphone,nike,225.66,100873,df5663a5-df89-41ca-8a3e-a854c0536258
2024-02-21T07:23:02.000000,view,53572,1002,electronics.audio.headphone,nike,225.66,100873,df5663a5-df89-41ca-8a3e-a854c0536258
2024-02-21T08:36:27.000000,view,70980,1001,electronics.smartphone,asus,474.34,100334,86bdd2ff-749e-455f-9283-192a7ff12894
2024-02-21T10:00:00.000000,view,80428,1003,appliances.kitchen.refrigerators,nike,1848.58,100243,7b868842-de53-415c-8efd-c07a9ff7ec36
2024-02-21T10:00:00.000000,view,78670,1004,computers.notebook,xiaomi,3157.87,100623,10ee1784-3766-46cf-810f-d82038144e50
2024-02-21T10:00:48.000000,view,78670,1004,computers.notebook,xiaomi,3157.87,100623,10ee1784-3766-46cf-810f-d82038144e50
2024-02-21T10:01:18.000000,view,78670,1004,computers.notebook,xiaomi,3157.87,100623,10ee1784-3766-46cf-810f-d82038144e50
2024-02-21T10:02:50.000000,cart,80428,1003,appliances.kitchen.refrigerators,nike,1848.58,100243,7b868842-de53-415c-8efd-c07a9ff7ec36
2024-02-21T10:02:58.000000,view,78670,1004,computers.notebook,xiaomi,3157.87,100623,10ee1784-3766-46cf-810f-d82038144e50
2024-02-21T10:04:33.000000,purchase,80428,1003,appliances.kitchen.refrigerators,nike,1848.58,100243,7b868842-de53-415c-8efd-c07a9ff7ec36
2024-02-21T10:05:37.000000,cart,78670,1004,computers.notebook,xiaomi,3157.87,100623,10ee1784-3766-46cf-810f-d82038144e50
2024-02-21T10:06:12.000000,view,60188,1004,computers.notebook,xiaomi,1920.81,100776,6cd97552-a848-4f8b-bd9b-0cd92c430f4d
2024-02-21T10:06:53.000000,view,60188,1004,computers.notebook,xiaomi,1920.81,100776,6cd97552-a848-4f8b-bd9b-0cd92c430f4d
2024-02-21T10:08:24.000000,view,60188,1004,computers.notebook,xiaomi,1920.81,100776,6cd97552-a848-4f8b-bd9b-0cd92c430f4d
2024-02-21T10:10:34.000000,view,60188,1004,computers.notebook,xiaomi,1920.81,100776,6cd97552-a848-4f8b-bd9b-0cd92c430f4d
2024-02-21T12:00:00.000000,view,73186,1003,appliances.kitchen.refrigerators,asus,1172.86,100478,18701f64-9470-4f68-a6a9-fd8cb2816ea6
2024-02-21T12:00:00.000000,view,55965,1005,apparel.shoes,lg,179.96,100565,94543d49-55c0-4c40-b079-3fb8d72ce4dd
2024-02-21T12:00:00.000000,view,99665,1002,electronics.audio.headphone,samsung,58.07,100627,a8295fe7-914b-4fc6-8b0c-169881ccff06
2024-02-21T12:00:36.000000,view,73186,1003,appliances.kitchen.refrigerators,asus,1172.86,100478,18701f64-9470-4f68-a6a9-fd8cb2816ea6
2024-02-21T12:02:01.000000,view,73186,1003,appliances.kitchen.refrigerators,asus,1172.86,100478,18701f64-9470-4f68-a6a9-fd8cb2816ea6
2024-02-21T12:02:23.000000,view,99665,1002,electronics.audio.headphone,samsung,58.07,100627,a8295fe7-914b-4fc6-8b0c-169881ccff06
2024-02-21T12:04:44.000000,view,99665,1002,electronics.audio.headphone,samsung,58.07,100627,a8295fe7-914b-4fc6-8b0c-169881ccff06
2024-02-21T12:04:48.000000,view,73186,1003,appliances.kitchen.refrigerators,asus,1172.86,100478,18701f64-9470-4f68-a6a9-fd8cb2816ea6
2024-02-21T12:09:17.000000,view,62280,1005,apparel.shoes,lg,135.23,100212,12a1e0a4-312e-4a07-9457-d3e886357f00
2024-02-21T12:10:47.000000,view,62280,1005,apparel.shoes,lg,135.23,100212,12a1e0a4-312e-4a07-9457-d3e886357f00
2024-02-21T12:11:05.000000,view,62280,1005,apparel.shoes,lg,135.23,100212,12a1e0a4-312e-4a07-9457-d3e886357f00
2024-02-21T12:30:23.000000,view,75771,1001,electronics.smartphone,apple,680.72,100071,d249c5e8-4041-4543-a441-4fdac39c313c
2024-02-21T12:31:28.000000,view,75771,1001,electronics.smartphone,apple,680.72,100071,d249c5e8-4041-4543-a441-4fdac39c313c
2024-02-21T12:34:07.000000,cart,75771,1001,electronics.smartphone,apple,680.72,100071,d249c5e8-4041-4543-a441-4fdac39c313c
2024-02-21T12:34:28.000000,purchase,75771,1001,electronics.smartphone,apple,680.72,100071,d249c5e8-4041-4543-a441-4fdac39c313c
2024-02-21T13:00:00.000000,view,85775,1006,auto.accessories,asus,33.54,100235,74695d0b-de20-40b4-bea0-ba7863cf8bde
2024-02-21T13:00:21.000000,view,85775,1006,auto.accessories,asus,33.54,100235,74695d0b-de20-40b4-bea0-ba7863cf8bde
2024-02-21T13:03:02.000000,cart,85775,1006,auto.accessories,asus,33.54,100235,74695d0b-de20-40b4-bea0-ba7863cf8bde
2024-02-21T13:03:02.000000,view,79806,1004,computers.notebook,apple,1372.53,100368,93e44f1c-004a-48ff-a1fc-c24efe54da06
2024-02-21T13:03:25.000000,purchase,85775,1006,auto.accessories,asus,33.54,100235,74695d0b-de20-40b4-bea0-ba7863cf8bde
2024-02-21T13:03:53.000000,view,79806,1004,computers.notebook,apple,1372.53,100368,93e44f1c-004a-48ff-a1fc-c24efe54da06
2024-02-21T13:04:20.000000,view,79806,1004,computers.notebook,apple,1372.53,100368,93e44f1c-004a-48ff-a1fc-c24efe54da06
2024-02-21T13:23:51.000000,view,69271,1001,electronics.smartphone,apple,1051.97,100883,5e7f42d8-01d3-4978-8d8a-5c6e7f9cb2bf
2024-02-21T13:24:29.000000,view,69271,1001,electronics.smartphone,apple,1051.97,100883,5e7f42d8-01d3-4978-8d8a-5c6e7f9cb2bf
2024-02-21T13:25:35.000000,view,69271,1001,electronics.smartphone,apple,1051.97,100883,5e7f42d8-01d3-4978-8d8a-5c6e7f9cb2bf
2024-02-21T14:00:00.000000,view,54256,1006,auto.accessories,apple,41.05,100427,ac3b3db9-605e-4d4a-8edf-6e253b9ba294
2024-02-21T14:01:18.000000,view,54256,1006,auto.accessories,apple,41.05,100427,ac3b3db9-605e-4d4a-8edf-6e253b9ba294
2024-02-21T14:01:49.000000,cart,54256,1006,auto.accessories,apple,41.05,100427,ac3b3db9-605e-4d4a-8edf-6e253b9ba294
2024-02-21T14:02:09.000000,purchase,54256,1006,auto.accessories,apple,41.05,100427,ac3b3db9-605e-4d4a-8edf-6e253b9ba294
2024-02-21T15:22:36.000000,view,91938,1002,electronics.audio.headphone,samsung,215.64,100680,36d85e94-527c-4ea1-8459-23b5b568ced7
2024-02-21T15:23:44.000000,view,91938,1002,electronics.audio.headphone,samsung,215.64,100680,36d85e94-527c-4ea1-8459-23b5b568ced7
2024-02-21T15:26:31.000000,view,91938,1002,electronics.audio.headphone,samsung,215.64,100680,36d85e94-527c-4ea1-8459-23b5b568ced7
2024-02-21T15:27:29.000000,view,91938,1002,electronics.audio.headphone,samsung,215.64,100680,36d85e94-527c-4ea1-8459-23b5b568ced7
2024-02-21T16:00:00.000000,view,51580,1002,electronics.audio.headphone,apple,69.55,100526,eb1d635f-b166-45d7-aa7c-fb716f3dd6e8
2024-02-21T16:03:00.000000,view,51580,1002,electronics.audio.headphone,apple,69.55,100526,eb1d635f-b166-45d7-aa7c-fb716f3dd6e8
2024-02-21T17:00:00.000000,view,92866,1001,electronics.smartphone,lg,688.28,100314,03a445a7-74bf-4cb1-b7f1-375ddffb37f2
2024-02-21T17:01:51.000000,view,92866,1001,electronics.smartphone,lg,688.28,100314,03a445a7-74bf-4cb1-b7f1-375ddffb37f2
2024-02-21T17:02:59.000000,cart,92866,1001,electronics.smartphone,lg,688.28,100314,03a445a7-74bf-4cb1-b7f1-375ddffb37f2
2024-02-21T17:04:09.000000,view,63049,1001,electronics.smartphone,apple,357.72,100306,34bfeb1a-826f-4fde-8535-6197af9f4397
2024-02-21T17:04:49.000000,purchase,92866,1001,electronics.smartphone,lg,688.28,100314,03a445a7-74bf-4cb1-b7f1-375ddffb37f2
2024-02-21T17:05:15.000000,view,63049,1001,electronics.smartphone,apple,357.72,100306,34bfeb1a-826f-4fde-8535-6197af9f4397
2024-02-21T18:00:00.000000,view,81897,1005,apparel.shoes,nike,88.45,100279,96fd372a-b5f7-40e3-9ee2-5000629cb99d
2024-02-21T18:01:51.000000,view,81897,1005,apparel.shoes,nike,88.45,100279,96fd372a-b5f7-40e3-9ee2-5000629cb99d
2024-02-21T18:03:18.000000,view,81897,1005,apparel.shoes,nike,88.45,100279,96fd372a-b5f7-40e3-9ee2-5000629cb99d
2024-02-21T18:03:50.000000,cart,81897,1005,apparel.shoes,nike,88.45,100279,96fd372a-b5f7-40e3-9ee2-5000629cb99d
2024-02-21T18:04:06.000000,purchase,81897,1005,apparel.shoes,nike,88.45,100279,96fd372a-b5f7-40e3-9ee2-5000629cb99d
2024-02-21T18:42:57.000000,view,68281,1001,electronics.smartphone,xiaomi,1140.63,100643,16b523c0-2b75-4e60-a9da-ed43be603a11
2024-02-21T18:44:59.000000,view,68281,1001,electronics.smartphone,xiaomi,1140.63,100643,16b523c0-2b75-4e60-a9da-ed43be603a11
2024-02-21T18:45:28.000000,view,68281,1001,electronics.smartphone,xiaomi,1140.63,100643,16b523c0-2b75-4e60-a9da-ed43be603a11
2024-02-21T18:47:02.000000,view,68281,1001,electronics.smartphone,xiaomi,1140.63,100643,16b523c0-2b75-4e60-a9da-ed43be603a11
2024-02-21T20:00:00.000000,view,67079,1001,electronics.smartphone,asus,720.64,100153,26689646-1c7c-4afd-a076-9a0bf37bfa77
2024-02-21T20:00:00.000000,view,67832,1005,apparel.shoes,asus,157.02,100880,749e7ea9-8a5f-4da2-96be-8da9ddd070d0
2024-02-21T20:00:30.000000,cart,67832,1005,apparel.shoes,asus,157.02,100880,749e7ea9-8a5f-4da2-96be-8da9ddd070d0
2024-02-21T20:01:14.000000,purchase,67832,1005,apparel.shoes,asus,157.02,100880,749e7ea9-8a5f-4da2-96be-8da9ddd070d0
2024-02-21T20:02:57.000000,view,67079,1001,electronics.smartphone,asus,720.64,100153,26689646-1c7c-4afd-a076-9a0bf37bfa77
2024-02-21T20:03:06.000000,view,95727,1001,electronics.smartphone,asus,1103.67,100676,3a8638c8-fe42-42d5-a508-c9d23171af88
2024-02-21T20:03:45.000000,view,67079,1001,electronics.smartphone,asus,720.64,100153,26689646-1c7c-4afd-a076-9a0bf37bfa77
2024-02-21T20:05:28.000000,view,67079,1001,electronics.smartphone,asus,720.64,100153,26689646-1c7c-4afd-a076-9a0bf37bfa77
2024-02-21T20:05:54.000000,view,95727,1001,electronics.smartphone,asus,1103.67,100676,3a8638c8-fe42-42d5-a508-c9d23171af88
2024-02-21T20:07:18.000000,cart,67079,1001,electronics.smartphone,asus,720.64,100153,26689646-1c7c-4afd-a076-9a0bf37bfa77
2024-02-21T20:07:22.000000,view,95727,1001,electronics.smartphone,asus,1103.67,100676,3a8638c8-fe42-42d5-a508-c9d23171af88
2024-02-21T20:09:42.000000,cart,95727,1001,electronics.smartphone,asus,1103.67,100676,3a8638c8-fe42-42d5-a508-c9d23171af88
2024-02-21T20:10:40.000000,purchase,95727,1001,electronics.smartphone,asus,1103.67,100676,3a8638c8-fe42-42d5-a508-c9d23171af88
2024-02-21T20:29:52.000000,view,81043,1003,appliances.kitchen.refrigerators,bosch,1820.62,100680,00847c9b-3ae5-4ed1-b2cb-68104022fcd4
2024-02-21T20:31:32.000000,view,81043,1003,appliances.kitchen.refrigerators,bosch,1820.62,100680,00847c9b-3ae5-4ed1-b2cb-68104022fcd4
2024-02-21T20:32:39.000000,cart,81043,1003,appliances.kitchen.refrigerators,bosch,1820.62,100680,00847c9b-3ae5-4ed1-b2cb-68104022fcd4
2024-02-21T20:33:48.000000,purchase,81043,1003,appliances.kitchen.refrigerators,bosch,1820.62,100680,00847c9b-3ae5-4ed1-b2cb-68104022fcd4
2024-02-21T21:02:21.000000,view,81818,1001,electronics.smartphone,lg,158.06,100637,d64a7d2c-beff-47a1-b64b-c4c00e44d7da
2024-02-21T21:07:24.000000,view,68505,1006,auto.accessories,xiaomi,109.01,100336,a3c309eb-cee2-41f3-ace4-c883d5a5a4c0
2024-02-21T21:09:54.000000,view,68505,1006,auto.accessories,xiaomi,109.01,100336,a3c309eb-cee2-41f3-ace4-c883d5a5a4c0
2024-02-21T21:11:44.000000,cart,68505,1006,auto.accessories,xiaomi,109.01,100336,a3c309eb-cee2-41f3-ace4-c883d5a5a4c0
2024-02-21T22:05:03.000000,view,81530,1001,electronics.smartphone,samsung,831.05,100279,441109ec-bb84-42b8-9761-a060dbf6846d
2024-02-21T22:07:04.000000,view,81530,1001,electronics.smartphone,samsung,831.05,100279,441109ec-bb84-42b8-9761-a060dbf6846d
2024-02-22T01:47:17.000000,view,77661,1006,auto.accessories,lg,51.27,100643,c2011ff0-4def-4384-a519-fd937b905cdd
2024-02-22T02:00:24.000000,view,65387,1005,apparel.shoes,asus,50.55,100921,24a8cfe8-9483-4e6c-adec-00730877bc0f
2024-02-22T02:02:47.000000,view,65387,1005,apparel.shoes,asus,50.55,100921,24a8cfe8-9483-4e6c-adec-00730877bc0f
2024-02-22T02:03:26.000000,view,65387,1005,apparel.shoes,asus,50.55,100921,24a8cfe8-9483-4e6c-adec-00730877bc0f
2024-02-22T02:03:36.000000,view,65387,1005,apparel.shoes,asus,50.55,100921,24a8cfe8-9483-4e6c-adec-00730877bc0f
2024-02-22T02:07:00.000000,view,78218,1006,auto.accessories,nike,123.83,100094,4578c53a-3a9f-4231-9001-9646b8e662d7
2024-02-22T02:07:37.000000,view,78218,1006,auto.accessories,nike,123.83,100094,4578c53a-3a9f-4231-9001-9646b8e662d7
2024-02-22T03:13:07.000000,view,76973,1006,auto.accessories,samsung,57.06,100763,74157762-b60a-4af0-8078-8502acb4ab82
2024-02-22T03:14:45.000000,view,76973,1006,auto.accessories,samsung,57.06,100763,74157762-b60a-4af0-8078-8502acb4ab82
2024-02-22T03:16:51.000000,cart,76973,1006,auto.accessories,samsung,57.06,100763,74157762-b60a-4af0-8078-8502acb4ab82
2024-02-22T03:17:43.000000,purchase,76973,1006,auto.accessories,samsung,57.06,100763,74157762-b60a-4af0-8078-8502acb4ab82
2024-02-22T04:10:03.000000,view,81342,1006,auto.accessories,bosch,122.99,100142,b11917b0-45c6-41c9-a56f-e5d10a6120fa
2024-02-22T04:10:41.000000,view,81342,1006,auto.accessories,bosch,122.99,100142,b11917b0-45c6-41c9-a56f-e5d10a6120fa
2024-02-22T04:12:48.000000,view,93116,1003,appliances.kitchen.refrigerators,asus,954.6,100554,aa6d7173-65e8-40bf-b1fc-e74522fcf6c2
2024-02-22T04:13:08.000000,view,93116,1003,appliances.kitchen.refrigerators,asus,954.6,100554,aa6d7173-65e8-40bf-b1fc-e74522fcf6c2
2024-02-22T04:14:37.000000,view,93116,1003,appliances.kitchen.refrigerators,asus,954.6,100554,aa6d7173-65e8-40bf-b1fc-e74522fcf6c2
2024-02-22T04:16:34.000000,view,93116,1003,appliances.kitchen.refrigerators,asus,954.6,100554,aa6d7173-65e8-40bf-b1fc-e74522fcf6c2
2024-02-22T06:01:17.000000,view,82994,1004,computers.notebook,asus,1968.34,100614,9a20f0e5-dee4-4eec-8bc5-fdc94365bb8f
2024-02-22T06:02:56.000000,view,82994,1004,computers.notebook,asus,1968.34,100614,9a20f0e5-dee4-4eec-8bc5-fdc94365bb8f
2024-02-22T06:03:59.000000,view,82994,1004,computers.notebook,asus,1968.34,100614,9a20f0e5-dee4-4eec-8bc5-fdc94365bb8f
2024-02-22T06:04:41.000000,view,96320,1006,auto.accessories,nike,22.03,100161,8d214503-e6e0-4d6e-a34a-fe261eac2b89
2024-02-22T06:05:44.000000,view,82994,1004,computers.notebook,asus,1968.34,100614,9a20f0e5-dee4-4eec-8bc5-fdc94365bb8f
2024-02-22T06:07:33.000000,view,96320,1006,auto.accessories,nike,22.03,100161,8d214503-e6e0-4d6e-a34a-fe261eac2b89
2024-02-22T06:07:44.000000,view,96320,1006,auto.accessories,nike,22.03,100161,8d214503-e6e0-4d6e-a34a-fe261eac2b89
2024-02-22T06:08:17.000000,view,96320,1006,auto.accessories,nike,22.03,100161,8d214503-e6e0-4d6e-a34a-fe261eac2b89
2024-02-22T07:02:37.000000,view,71665,1005,apparel.shoes,asus,41.88,100707,84b5033a-a228-475d-9afc-d3f0dcf94552
2024-02-22T07:02:52.000000,view,71665,1005,apparel.shoes,asus,41.88,100707,84b5033a-a228-475d-9afc-d3f0dcf94552
2024-02-22T07:03:44.000000,view,71665,1005,apparel.shoes,asus,41.88,100707,84b5033a-a228-475d-9afc-d3f0dcf94552
2024-02-22T07:03:56.000000,view,71665,1005,apparel.shoes,asus,41.88,100707,84b5033a-a228-475d-9afc-d3f0dcf94552
2024-02-22T07:11:24.000000,view,88715,1001,electronics.smartphone,lg,656.81,100142,954c3bd2-b10f-476a-8503-1efd13ca2191
2024-02-22T07:12:20.000000,view,88715,1001,electronics.smartphone,lg,656.81,100142,954c3bd2-b10f-476a-8503-1efd13ca2191
2024-02-22T07:15:06.000000,view,88715,1001,electronics.smartphone,lg,656.81,100142,954c3bd2-b10f-476a-8503-1efd13ca2191
2024-02-22T07:16:53.000000,view,88715,1001,electronics.smartphone,lg,656.81,100142,954c3bd2-b10f-476a-8503-1efd13ca2191
2024-02-22T07:18:19.000000,view,74358,1006,auto.accessories,lg,22.3,100363,b9669342-ecb4-413f-a2e3-811aa91cc474
2024-02-22T10:00:00.000000,view,92328,1006,auto.accessories,nike,145.11,100086,c994d6fb-9b00-4e1d-a1b5-6a1ff26971ac
2024-02-22T10:00:00.000000,view,93031,1005,apparel.shoes,apple,50.08,100518,27de2ad8-3f50-43df-89cd-523d032c62a3
2024-02-22T10:01:22.000000,view,93031,1005,apparel.shoes,apple,50.08,100518,27de2ad8-3f50-43df-89cd-523d032c62a3
2024-02-22T10:01:47.000000,view,92328,1006,auto.accessories,nike,145.11,100086,c994d6fb-9b00-4e1d-a1b5-6a1ff26971ac
2024-02-22T10:03:34.000000,view,93031,1005,apparel.shoes,apple,50.08,100518,27de2ad8-3f50-43df-89cd-523d032c62a3
2024-02-22T10:03:51.000000,view,92328,1006,auto.accessories,nike,145.11,100086,c994d6fb-9b00-4e1d-a1b5-6a1ff26971ac
2024-02-22T10:05:37.000000,cart,92328,1006,auto.accessories,nike,145.11,100086,c994d6fb-9b00-4e1d-a1b5-6a1ff26971ac
2024-02-22T10:31:34.000000,view,78095,1003,appliances.kitchen.refrigerators,bosch,712.55,100881,acfdd0a3-5c71-46f1-aad9-72e3b131e017
2024-02-22T11:00:00.000000,view,61607,1003,appliances.kitchen.refrigerators,samsung,2454.41,100428,6a1f744b-6a5d-4638-83a1-d5979552aaa6
2024-02-22T11:00:00.000000,view,85223,1001,electronics.smartphone,samsung,743.61,100938,6ffa555d-e7e7-49a2-bcdb-ff540389934e
2024-02-22T11:02:02.000000,view,61607,1003,appliances.kitchen.refrigerators,samsung,2454.41,100428,6a1f744b-6a5d-4638-83a1-d5979552aaa6
2024-02-22T11:03:19.000000,view,61607,1003,appliances.kitchen.refrigerators,samsung,2454.41,100428,6a1f744b-6a5d-4638-83a1-d5979552aaa6
2024-02-22T12:08:46.000000,view,97466,1003,appliances.kitchen.refrigerators,lg,2480.89,100543,6695bb33-1f88-4dcf-bf7a-4957ea84e03d
2024-02-22T12:11:27.000000,cart,97466,1003,appliances.kitchen.refrigerators,lg,2480.89,100543,6695bb33-1f88-4dcf-bf7a-4957ea84e03d
2024-02-22T12:11:47.000000,view,55004,1002,electronics.audio.headphone,asus,274.1,100776,a9c3ed58-530a-46d6-b004-5c41992217a0
2024-02-22T12:12:14.000000,purchase,97466,1003,appliances.kitchen.refrigerators,lg,2480.89,100543,6695bb33-1f88-4dcf-bf7a-4957ea84e03d
2024-02-22T12:13:21.000000,view,55004,1002,electronics.audio.headphone,asus,274.1,100776,a9c3ed58-530a-46d6-b004-5c41992217a0
2024-02-22T12:13:56.000000,view,55004,1002,electronics.audio.headphone,asus,274.1,100776,a9c3ed58-530a-46d6-b004-5c41992217a0
2024-02-22T12:14:40.000000,view,55004,1002,electronics.audio.headphone,asus,274.1,100776,a9c3ed58-530a-46d6-b004-5c41992217a0
2024-02-22T12:18:27.000000,view,95955,1002,electronics.audio.headphone,asus,116.3,100763,5f0b5598-abcd-497a-a486-558670bd1a0d
2024-02-22T13:13:47.000000,view,97592,1002,electronics.audio.headphone,lg,231.84,100628,6724006f-1dbb-414a-bfb9-f3d5b1aaec5d
2024-02-22T13:16:47.000000,view,97592,1002,electronics.audio.headphone,lg,231.84,100628,6724006f-1dbb-414a-bfb9-f3d5b1aaec5d
2024-02-22T13:19:39.000000,view,97592,1002,electronics.audio.headphone,lg,231.84,100628,6724006f-1dbb-414a-bfb9-f3d5b1aaec5d
2024-02-22T13:20:01.000000,view,97592,1002,electronics.audio.headphone,lg,231.84,100628,6724006f-1dbb-414a-bfb9-f3d5b1aaec5d
2024-02-22T13:21:19.000000,cart,97592,1002,electronics.audio.headphone,lg,231.84,100628,6724006f-1dbb-414a-bfb9-f3d5b1aaec5d
2024-02-22T13:22:19.000000,purchase,97592,1002,electronics.audio.headphone,lg,231.84,100628,6724006f-1dbb-414a-bfb9-f3d5b1aaec5d
2024-02-22T14:00:00.000000,view,65029,1005,apparel.shoes,bosch,117.52,100965,9b64c5fe-75d7-430a-bbab-4b023d1bdd48
2024-02-22T14:00:21.000000,view,65029,1005,apparel.shoes,bosch,117.52,100965,9b64c5fe-75d7-430a-bbab-4b023d1bdd48
2024-02-22T14:01:05.000000,view,65029,1005,apparel.shoes,bosch,117.52,100965,9b64c5fe-75d7-430a-bbab-4b023d1bdd48
2024-02-22T15:00:00.000000,view,81201,1002,electronics.audio.headphone,nike,202.62,100026,52e0b002-cfc4-4b2c-81e6-bb4195a3bbc2
2024-02-22T15:00:00.000000,view,86988,1001,electronics.smartphone,bosch,497.95,100979,276880e2-248f-4ddf-beb8-1d810fcbe8dd
2024-02-22T15:00:42.000000,view,86988,1001,electronics.smartphone,bosch,497.95,100979,276880e2-248f-4ddf-beb8-1d810fcbe8dd
2024-02-22T15:02:04.000000,view,81201,1002,electronics.audio.headphone,nike,202.62,100026,52e0b002-cfc4-4b2c-81e6-bb4195a3bbc2
2024-02-22T15:02:18.000000,view,81201,1002,electronics.audio.headphone,nike,202.62,100026,52e0b002-cfc4-4b2c-81e6-bb4195a3bbc2
2024-02-22T15:02:51.000000,view,81201,1002,electronics.audio.headphone,nike,202.62,100026,52e0b002-cfc4-4b2c-81e6-bb4195a3bbc2
2024-02-22T15:04:16.000000,cart,81201,1002,electronics.audio.headphone,nike,202.62,100026,52e0b002-cfc4-4b2c-81e6-bb4195a3bbc2
2024-02-22T15:04:35.000000,view,95198,1002,electronics.audio.headphone,samsung,148.2,100518,dc0fd131-84f4-4c3b-83b0-a7c44a583374
2024-02-22T15:04:40.000000,view,85549,1006,auto.accessories,asus,92.66,100243,6897be39-2e0d-4521-8aaa-b108ff11edd4
2024-02-22T15:05:10.000000,view,85549,1006,auto.accessories,asus,92.66,100243,6897be39-2e0d-4521-8aaa-b108ff11edd4
2024-02-22T15:05:41.000000,view,80195,1002,electronics.audio.headphone,nike,95.93,100368,181d2731-4fb9-4e02-9385-c4b40294abb9
2024-02-22T15:05:59.000000,purchase,81201,1002,electronics.audio.headphone,nike,202.62,100026,52e0b002-cfc4-4b2c-81e6-bb4195a3bbc2
2024-02-22T15:06:56.000000,view,80195,1002,electronics.audio.headphone,nike,95.93,100368,181d2731-4fb9-4e02-9385-c4b40294abb9
2024-02-22T15:07:31.000000,cart,95198,1002,electronics.audio.headphone,samsung,148.2,100518,dc0fd131-84f4-4c3b-83b0-a7c44a583374
2024-02-22T15:08:59.000000,view,80195,1002,electronics.audio.headphone,nike,95.93,100368,181d2731-4fb9-4e02-9385-c4b40294abb9
2024-02-22T15:11:55.000000,view,80195,1002,electronics.audio.headphone,nike,95.93,100368,181d2731-4fb9-4e02-9385-c4b40294abb9
2024-02-22T16:00:00.000000,view,66446,1002,electronics.audio.headphone,lg,251.73,100502,e9f247da-ebd6-4e1f-a058-ead9d4f33d6c
2024-02-22T16:02:25.000000,view,66446,1002,electronics.audio.headphone,lg,251.73,100502,e9f247da-ebd6-4e1f-a058-ead9d4f33d6c
2024-02-22T16:05:54.000000,view,90404,1001,electronics.smartphone,lg,669.79,100839,732afa14-3ff9-4f3d-a547-696a3267402d
2024-02-22T16:07:48.000000,view,90404,1001,electronics.smartphone,lg,669.79,100839,732afa14-3ff9-4f3d-a547-696a3267402d
2024-02-22T16:09:35.000000,view,90404,1001,electronics.smartphone,lg,669.79,100839,732afa14-3ff9-4f3d-a547-696a3267402d
2024-02-22T16:09:48.000000,cart,90404,1001,electronics.smartphone,lg,669.79,100839,732afa14-3ff9-4f3d-a547-696a3267402d
2024-02-22T16:11:46.000000,purchase,90404,1001,electronics.smartphone,lg,669.79,100839,732afa14-3ff9-4f3d-a547-696a3267402d
2024-02-22T17:08:44.000000,view,53989,1005,apparel.shoes,lg,167.79,100614,1e29c8b1-320d-4c6c-9020-bf6a84b48aa9
2024-02-22T17:09:45.000000,cart,53989,1005,apparel.shoes,lg,167.79,100614,1e29c8b1-320d-4c6c-9020-bf6a84b48aa9
2024-02-22T17:10:38.000000,purchase,53989,1005,apparel.shoes,lg,167.79,100614,1e29c8b1-320d-4c6c-9020-bf6a84b48aa9
2024-02-22T18:00:00.000000,view,61892,1005,apparel.shoes,xiaomi,44.35,100291,c0c342d6-4b99-4d55-a640-f837b3bc647c
2024-02-22T18:01:26.000000,cart,61892,1005,apparel.shoes,xiaomi,44.35,100291,c0c342d6-4b99-4d55-a640-f837b3bc647c
2024-02-22T18:02:21.000000,purchase,61892,1005,apparel.shoes,xiaomi,44.35,100291,c0c342d6-4b99-4d55-a640-f837b3bc647c
2024-02-22T18:26:53.000000,view,89936,1006,auto.accessories,asus,47.0,100506,6682eb36-442b-4538-aac9-bff951191b0b
2024-02-22T18:29:08.000000,view,89936,1006,auto.accessories,asus,47.0,100506,6682eb36-442b-4538-aac9-bff951191b0b
2024-02-22T19:00:39.000000,view,57310,1006,auto.accessories,xiaomi,54.62,100006,3a9d2441-de35-4656-94ba-de043a8ee4f8
2024-02-22T19:02:45.000000,view,57310,1006,auto.accessories,xiaomi,54.62,100006,3a9d2441-de35-4656-94ba-de043a8ee4f8
2024-02-22T21:34:25.000000,view,56005,1004,computers.notebook,lg,3212.93,100680,e0dfebb7-105d-4684-be41-de3838bb3ca6
2024-02-22T21:34:46.000000,view,56005,1004,computers.notebook,lg,3212.93,100680,e0dfebb7-105d-4684-be41-de3838bb3ca6
2024-02-22T21:37:06.000000,view,56005,1004,computers.notebook,lg,3212.93,100680,e0dfebb7-105d-4684-be41-de3838bb3ca6
2024-02-22T21:38:03.000000,view,56005,1004,computers.notebook,lg,3212.93,100680,e0dfebb7-105d-4684-be41-de3838bb3ca6
2024-02-23T00:25:46.000000,view,61798,1004,computers.notebook,bosch,1208.1,100883,07b0eaf9-a5d6-4cf0-91a5-f16ac23b77dc
2024-02-23T00:26:22.000000,view,61798,1004,computers.notebook,bosch,1208.1,100883,07b0eaf9-a5d6-4cf0-91a5-f16ac23b77dc
2024-02-23T00:26:33.000000,view,61798,1004,computers.notebook,bosch,1208.1,100883,07b0eaf9-a5d6-4cf0-91a5-f16ac23b77dc
2024-02-23T00:26:43.000000,view,61798,1004,computers.notebook,bosch,1208.1,100883,07b0eaf9-a5d6-4cf0-91a5-f16ac23b77dc
2024-02-23T02:04:50.000000,view,71685,1006,auto.accessories,bosch,121.13,100501,87daf4e9-5a47-4a74-b6f0-7bb4d997e140
2024-02-23T02:07:36.000000,cart,71685,1006,auto.accessories,bosch,121.13,100501,87daf4e9-5a47-4a74-b6f0-7bb4d997e140
2024-02-23T02:09:21.000000,purchase,71685,1006,auto.accessories,bosch,121.13,100501,87daf4e9-5a47-4a74-b6f0-7bb4d997e140
2024-02-23T02:11:42.000000,view,77941,1003,appliances.kitchen.refrigerators,xiaomi,1427.23,100862,c33ac5f0-65e6-4e6f-9ecf-50cd0df1aca3
2024-02-23T02:13:37.000000,view,77941,1003,appliances.kitchen.refrigerators,xiaomi,1427.23,100862,c33ac5f0-65e6-4e6f-9ecf-50cd0df1aca3
2024-02-23T02:14:30.000000,view,82379,1004,computers.notebook,nike,3317.18,100933,c81a5ede-9419-4634-91a0-1a9ef99d7486
2024-02-23T02:15:48.000000,view,77941,1003,appliances.kitchen.refrigerators,xiaomi,1427.23,100862,c33ac5f0-65e6-4e6f-9ecf-50cd0df1aca3
2024-02-23T02:16:05.000000,view,82379,1004,computers.notebook,nike,3317.18,100933,c81a5ede-9419-4634-91a0-1a9ef99d7486
2024-02-23T02:16:23.000000,view,82379,1004,computers.notebook,nike,3317.18,100933,c81a5ede-9419-4634-91a0-1a9ef99d7486
2024-02-23T03:30:16.000000,view,96751,1003,appliances.kitchen.refrigerators,nike,789.2,100136,ad867434-c4fe-48b9-a5e4-4ef660f62a1f
2024-02-23T03:31:42.000000,view,99164,1001,electronics.smartphone,lg,305.77,100506,3595cbab-de76-4590-8795-1e1ddc2adae7
2024-02-23T03:31:57.000000,view,96751,1003,appliances.kitchen.refrigerators,nike,789.2,100136,ad867434-c4fe-48b9-a5e4-4ef660f62a1f
2024-02-23T03:32:12.000000,view,99164,1001,electronics.smartphone,lg,305.77,100506,3595cbab-de76-4590-8795-1e1ddc2adae7
2024-02-23T03:34:16.000000,view,96751,1003,appliances.kitchen.refrigerators,nike,789.2,100136,ad867434-c4fe-48b9-a5e4-4ef660f62a1f
2024-02-23T03:34:37.000000,view,99164,1001,electronics.smartphone,lg,305.77,100506,3595cbab-de76-4590-8795-1e1ddc2adae7
2024-02-23T03:35:42.000000,view,96751,1003,appliances.kitchen.refrigerators,nike,789.2,100136,ad867434-c4fe-48b9-a5e4-4ef660f62a1f
2024-02-23T05:17:07.000000,view,56181,1002,electronics.audio.headphone,apple,285.97,100554,6792f2d5-badc-4a02-831a-e9b853649e14
2024-02-23T06:18:25.000000,view,78001,1004,computers.notebook,nike,3356.71,100862,aab15a51-56d4-4d9a-861f-091bb22891f7
2024-02-23T07:01:36.000000,view,81590,1004,computers.notebook,bosch,2436.05,100880,2e4390c3-e5e6-4a1a-a93a-1767aedc76bb
2024-02-23T07:02:56.000000,view,81590,1004,computers.notebook,bosch,2436.05,100880,2e4390c3-e5e6-4a1a-a93a-1767aedc76bb
2024-02-23T07:09:12.000000,view,73613,1001,electronics.smartphone,samsung,1101.75,100631,b1e55a85-59c3-4ea5-948f-771ec7479776
2024-02-23T07:10:39.000000,view,73613,1001,electronics.smartphone,samsung,1101.75,100631,b1e55a85-59c3-4ea5-948f-771ec7479776
2024-02-23T07:12:55.000000,view,73613,1001,electronics.smartphone,samsung,1101.75,100631,b1e55a85-59c3-4ea5-948f-771ec7479776
2024-02-23T07:13:42.000000,cart,73613,1001,electronics.smartphone,samsung,1101.75,100631,b1e55a85-59c3-4ea5-948f-771ec7479776
2024-02-23T07:15:15.000000,purchase,73613,1001,electronics.smartphone,samsung,1101.75,100631,b1e55a85-59c3-4ea5-948f-771ec7479776
2024-02-23T08:00:00.000000,view,58075,1006,auto.accessories,asus,119.24,100144,1642b8e6-ebb0-42cb-a453-a2c2167b5147
2024-02-23T08:00:00.000000,view,64128,1003,appliances.kitchen.refrigerators,xiaomi,702.77,100288,03ad452f-4737-4b19-ad32-77e1b5af35f6
2024-02-23T08:00:00.000000,view,91978,1003,appliances.kitchen.refrigerators,lg,1590.84,100918,2233fb62-8274-4239-95d4-188391aa3274
2024-02-23T08:00:10.000000,view,64128,1003,appliances.kitchen.refrigerators,xiaomi,702.77,100288,03ad452f-4737-4b19-ad32-77e1b5af35f6
2024-02-23T08:00:51.000000,view,64128,1003,appliances.kitchen.refrigerators,xiaomi,702.77,100288,03ad452f-4737-4b19-ad32-77e1b5af35f6
2024-02-23T08:01:34.000000,cart,91978,1003,appliances.kitchen.refrigerators,lg,1590.84,100918,2233fb62-8274-4239-95d4-188391aa3274
2024-02-23T08:02:07.000000,view,58075,1006,auto.accessories,asus,119.24,100144,1642b8e6-ebb0-42cb-a453-a2c2167b5147
2024-02-23T08:03:18.000000,purchase,91978,1003,appliances.kitchen.refrigerators,lg,1590.84,100918,2233fb62-8274-4239-95d4-188391aa3274
2024-02-23T08:03:21.000000,view,64128,1003,appliances.kitchen.refrigerators,xiaomi,702.77,100288,03ad452f-4737-4b19-ad32-77e1b5af35f6
2024-02-23T08:05:00.000000,cart,64128,1003,appliances.kitchen.refrigerators,xiaomi,702.77,100288,03ad452f-4737-4b19-ad32-77e1b5af35f6
2024-02-23T08:05:05.000000,view,58075,1006,auto.accessories,asus,119.24,100144,1642b8e6-ebb0-42cb-a453-a2c2167b5147
2024-02-23T08:05:20.000000,purchase,64128,1003,appliances.kitchen.refrigerators,xiaomi,702.77,100288,03ad452f-4737-4b19-ad32-77e1b5af35f6
2024-02-23T08:07:45.000000,view,58075,1006,auto.accessories,asus,119.24,100144,1642b8e6-ebb0-42cb-a453-a2c2167b5147
2024-02-23T08:10:04.000000,cart,58075,1006,auto.accessories,asus,119.24,100144,1642b8e6-ebb0-42cb-a453-a2c2167b5147
2024-02-23T08:11:22.000000,purchase,58075,1006,auto.accessories,asus,119.24,100144,1642b8e6-ebb0-42cb-a453-a2c2167b5147
2024-02-23T09:00:00.000000,view,74454,1005,apparel.shoes,bosch,41.0,100648,35b4c64e-ffa1-4268-8d06-33541a3c3958
2024-02-23T10:00:00.000000,view,73018,1004,computers.notebook,lg,2092.67,100127,541882bc-6d77-433b-8e95-a7814f1cdc2e
2024-02-23T10:00:00.000000,view,56975,1006,auto.accessories,asus,77.76,100435,6ed65fae-f6e9-40cb-9f70-40ef38dc8bf3
2024-02-23T10:07:48.000000,view,67431,1006,auto.accessories,lg,128.05,100838,07bd73b1-6706-4c50-9fbd-22537abcbfa9
2024-02-23T11:16:17.000000,view,70526,1002,electronics.audio.headphone,apple,92.7,100151,6d14d04b-6399-4ec3-a6ee-8d35e234d429
2024-02-23T11:17:44.000000,view,57005,1004,computers.notebook,asus,1219.27,100554,8aae1b09-4235-4bef-941e-499948de226e
2024-02-23T11:18:14.000000,view,57005,1004,computers.notebook,asus,1219.27,100554,8aae1b09-4235-4bef-941e-499948de226e
2024-02-23T11:19:11.000000,view,70526,1002,electronics.audio.headphone,apple,92.7,100151,6d14d04b-6399-4ec3-a6ee-8d35e234d429
2024-02-23T11:19:49.000000,cart,57005,1004,computers.notebook,asus,1219.27,100554,8aae1b09-4235-4bef-941e-499948de226e
2024-02-23T11:21:12.000000,cart,70526,1002,electronics.audio.headphone,apple,92.7,100151,6d14d04b-6399-4ec3-a6ee-8d35e234d429
2024-02-23T11:22:13.000000,purchase,70526,1002,electronics.audio.headphone,apple,92.7,100151,6d14d04b-6399-4ec3-a6ee-8d35e234d429
2024-02-23T12:00:00.000000,view,61263,1001,electronics.smartphone,xiaomi,991.39,100050,63abdf29-b752-48dd-8315-0081a4661e23
2024-02-23T12:00:00.000000,view,74893,1003,appliances.kitchen.refrigerators,samsung,1553.54,100092,034f655a-b0d6-4fe3-870a-8e5cd30f092c
2024-02-23T12:01:42.000000,view,61263,1001,electronics.smartphone,xiaomi,991.39,100050,63abdf29-b752-48dd-8315-0081a4661e23
2024-02-23T12:02:14.000000,view,61263,1001,electronics.smartphone,xiaomi,991.39,100050,63abdf29-b752-48dd-8315-0081a4661e23
2024-02-23T12:02:17.000000,view,74893,1003,appliances.kitchen.refrigerators,samsung,1553.54,100092,034f655a-b0d6-4fe3-870a-8e5cd30f092c
2024-02-23T12:04:15.000000,view,61263,1001,electronics.smartphone,xiaomi,991.39,100050,63abdf29-b752-48dd-8315-0081a4661e23
2024-02-23T12:04:52.000000,cart,61263,1001,electronics.smartphone,xiaomi,991.39,100050,63abdf29-b752-48dd-8315-0081a4661e23
2024-02-23T12:06:22.000000,purchase,61263,1001,electronics.smartphone,xiaomi,991.39,100050,63abdf29-b752-48dd-8315-0081a4661e23
2024-02-23T14:00:00.000000,view,69282,1001,electronics.smartphone,lg,905.94,100418,3a294dac-ac39-4064-93aa-259f29159ba7
2024-02-23T14:00:00.000000,view,92407,1001,electronics.smartphone,xiaomi,977.54,100474,aeb01497-d1d9-42b5-9e5b-fcf42ed22fdd
2024-02-23T14:00:00.000000,view,75456,1004,computers.notebook,lg,1836.9,100496,5d79cac8-8025-4b3d-b50f-a4b4881a3eca
2024-02-23T14:01:33.000000,view,75456,1004,computers.notebook,lg,1836.9,100496,5d79cac8-8025-4b3d-b50f-a4b4881a3eca
2024-02-23T14:02:23.000000,view,69282,1001,electronics.smartphone,lg,905.94,100418,3a294dac-ac39-4064-93aa-259f29159ba7
2024-02-23T14:02:36.000000,view,92407,1001,electronics.smartphone,xiaomi,977.54,100474,aeb01497-d1d9-42b5-9e5b-fcf42ed22fdd
2024-02-23T14:03:55.000000,view,69282,1001,electronics.smartphone,lg,905.94,100418,3a294dac-ac39-4064-93aa-259f29159ba7
2024-02-23T14:04:33.000000,view,75456,1004,computers.notebook,lg,1836.9,100496,5d79cac8-8025-4b3d-b50f-a4b4881a3eca
2024-02-23T14:04:59.000000,view,92407,1001,electronics.smartphone,xiaomi,977.54,100474,aeb01497-d1d9-42b5-9e5b-fcf42ed22fdd
2024-02-23T14:05:18.000000,view,92407,1001,electronics.smartphone,xiaomi,977.54,100474,aeb01497-d1d9-42b5-9e5b-fcf42ed22fdd
2024-02-23T14:06:25.000000,cart,75456,1004,computers.notebook,lg,1836.9,100496,5d79cac8-8025-4b3d-b50f-a4b4881a3eca
2024-02-23T14:07:47.000000,purchase,75456,1004,computers.notebook,lg,1836.9,100496,5d79cac8-8025-4b3d-b50f-a4b4881a3eca
2024-02-23T15:00:00.000000,view,94090,1005,apparel.shoes,lg,169.11,100085,6992c6f8-a61b-4053-b060-cc29bfd38d84
2024-02-23T15:01:51.000000,cart,94090,1005,apparel.shoes,lg,169.11,100085,6992c6f8-a61b-4053-b060-cc29bfd38d84
2024-02-23T15:02:56.000000,view,89336,1006,auto.accessories,lg,16.71,100938,ab906e9d-7cde-46d8-b3c7-63df33d90f9c
2024-02-23T15:05:51.000000,view,89336,1006,auto.accessories,lg,16.71,100938,ab906e9d-7cde-46d8-b3c7-63df33d90f9c
2024-02-23T15:08:05.000000,view,89336,1006,auto.accessories,lg,16.71,100938,ab906e9d-7cde-46d8-b3c7-63df33d90f9c
2024-02-23T15:12:14.000000,view,83314,1005,apparel.shoes,lg,164.97,100144,4694eca5-6282-46e8-8d31-7597399aa1c0
2024-02-23T15:14:52.000000,view,83314,1005,apparel.shoes,lg,164.97,100144,4694eca5-6282-46e8-8d31-7597399aa1c0
2024-02-23T15:22:31.000000,view,57372,1005,apparel.shoes,lg,96.74,100628,bd48aca5-0208-41be-9b12-85308750ae46
2024-02-23T16:03:32.000000,view,93098,1003,appliances.kitchen.refrigerators,samsung,2229.19,100818,9dc5a1cd-6245-43d6-a565-fc748c90943e
2024-02-23T16:05:26.000000,view,93098,1003,appliances.kitchen.refrigerators,samsung,2229.19,100818,9dc5a1cd-6245-43d6-a565-fc748c90943e
2024-02-23T16:05:41.000000,view,54677,1006,auto.accessories,xiaomi,97.63,100707,a2f390d1-7e4a-4ad3-9f8f-86206919441b
2024-02-23T16:06:39.000000,view,54677,1006,auto.accessories,xiaomi,97.63,100707,a2f390d1-7e4a-4ad3-9f8f-86206919441b
2024-02-23T16:08:08.000000,cart,93098,1003,appliances.kitchen.refrigerators,samsung,2229.19,100818,9dc5a1cd-6245-43d6-a565-fc748c90943e
2024-02-23T16:08:43.000000,view,54677,1006,auto.accessories,xiaomi,97.63,100707,a2f390d1-7e4a-4ad3-9f8f-86206919441b
2024-02-23T16:11:00.000000,cart,54677,1006,auto.accessories,xiaomi,97.63,100707,a2f390d1-7e4a-4ad3-9f8f-86206919441b
2024-02-23T17:00:00.000000,view,56923,1003,appliances.kitchen.refrigerators,nike,1761.32,100445,2e235a03-a7f3-4dfb-838a-d74f83125466
2024-02-23T17:00:00.000000,view,81981,1004,computers.notebook,samsung,3232.95,100950,3d670d31-ea38-4f84-9622-605242a74f43
2024-02-23T17:02:18.000000,view,56923,1003,appliances.kitchen.refrigerators,nike,1761.32,100445,2e235a03-a7f3-4dfb-838a-d74f83125466
2024-02-23T17:04:45.000000,view,56923,1003,appliances.kitchen.refrigerators,nike,1761.32,100445,2e235a03-a7f3-4dfb-838a-d74f83125466
2024-02-23T17:07:11.000000,cart,56923,1003,appliances.kitchen.refrigerators,nike,1761.32,100445,2e235a03-a7f3-4dfb-838a-d74f83125466
2024-02-23T17:08:17.000000,purchase,56923,1003,appliances.kitchen.refrigerators,nike,1761.32,100445,2e235a03-a7f3-4dfb-838a-d74f83125466
2024-02-23T18:00:00.000000,view,98029,1001,electronics.smartphone,samsung,497.83,100325,b7c1f6aa-67fd-4c44-98da-ceb54fb7ffe5
2024-02-23T18:01:02.000000,view,98029,1001,electronics.smartphone,samsung,497.83,100325,b7c1f6aa-67fd-4c44-98da-ceb54fb7ffe5
2024-02-23T18:03:30.000000,cart,98029,1001,electronics.smartphone,samsung,497.83,100325,b7c1f6aa-67fd-4c44-98da-ceb54fb7ffe5
2024-02-23T19:00:00.000000,view,98476,1005,apparel.shoes,samsung,91.13,100904,8624c7e8-83f1-4fcd-9163-4e8c648b272c
2024-02-23T20:08:34.000000,view,66295,1004,computers.notebook,xiaomi,427.76,100818,ecdc3eb9-679f-46d5-955c-a2a5f1285a61
2024-02-23T20:11:09.000000,view,66295,1004,computers.notebook,xiaomi,427.76,100818,ecdc3eb9-679f-46d5-955c-a2a5f1285a61
2024-02-23T20:13:14.000000,view,66295,1004,computers.notebook,xiaomi,427.76,100818,ecdc3eb9-679f-46d5-955c-a2a5f1285a61
2024-02-23T20:29:21.000000,view,99413,1002,electronics.audio.headphone,nike,156.11,100667,453b7736-629d-43e1-8fd8-c91c1342d3fa
2024-02-23T20:29:44.000000,cart,99413,1002,electronics.audio.headphone,nike,156.11,100667,453b7736-629d-43e1-8fd8-c91c1342d3fa
2024-02-23T22:15:46.000000,view,89725,1006,auto.accessories,asus,134.16,100144,6577ddc3-2230-495f-aa2a-86f0400cee78
2024-02-23T22:17:43.000000,view,89725,1006,auto.accessories,asus,134.16,100144,6577ddc3-2230-495f-aa2a-86f0400cee78
2024-02-23T22:20:28.000000,view,89725,1006,auto.accessories,asus,134.16,100144,6577ddc3-2230-495f-aa2a-86f0400cee78
2024-02-23T22:21:41.000000,view,89725,1006,auto.accessories,asus,134.16,100144,6577ddc3-2230-495f-aa2a-86f0400cee78
2024-02-23T22:23:01.000000,cart,89725,1006,auto.accessories,asus,134.16,100144,6577ddc3-2230-495f-aa2a-86f0400cee78
2024-02-24T00:11:31.000000,view,52317,1005,apparel.shoes,nike,95.34,100397,54e7c014-d4a5-43e6-997f-29977ed5c217
2024-02-24T03:00:42.000000,view,83905,1004,computers.notebook,nike,1468.0,100070,a0a59470-372a-47f3-8aed-c7f02cf9af57
2024-02-24T03:01:25.000000,view,83905,1004,computers.notebook,nike,1468.0,100070,a0a59470-372a-47f3-8aed-c7f02cf9af57
2024-02-24T03:08:58.000000,view,65172,1004,computers.notebook,bosch,2618.26,100518,0568da07-13fd-4468-9dca-1e1d672dec6e
2024-02-24T03:10:21.000000,cart,65172,1004,computers.notebook,bosch,2618.26,100518,0568da07-13fd-4468-9dca-1e1d672dec6e
2024-02-24T03:11:52.000000,purchase,65172,1004,computers.notebook,bosch,2618.26,100518,0568da07-13fd-4468-9dca-1e1d672dec6e
2024-02-24T09:00:00.000000,view,83183,1006,auto.accessories,xiaomi,23.96,100271,57942544-c37d-4506-8bcf-699f25d4345c
2024-02-24T09:00:00.000000,view,94331,1003,appliances.kitchen.refrigerators,lg,793.31,100275,5b05b352-4043-48bf-a0d6-1a5463df14a0
2024-02-24T09:02:16.000000,view,94331,1003,appliances.kitchen.refrigerators,lg,793.31,100275,5b05b352-4043-48bf-a0d6-1a5463df14a0
2024-02-24T09:02:44.000000,view,83183,1006,auto.accessories,xiaomi,23.96,100271,57942544-c37d-4506-8bcf-699f25d4345c
2024-02-24T09:05:14.000000,view,83183,1006,auto.accessories,xiaomi,23.96,100271,57942544-c37d-4506-8bcf-699f25d4345c
2024-02-24T09:06:47.000000,view,83183,1006,auto.accessories,xiaomi,23.96,100271,57942544-c37d-4506-8bcf-699f25d4345c
2024-02-24T09:29:36.000000,view,94060,1005,apparel.shoes,apple,83.51,100883,8f3bf6a8-446a-47ca-abdf-190aa6f2df9f
2024-02-24T09:31:50.000000,cart,94060,1005,apparel.shoes,apple,83.51,100883,8f3bf6a8-446a-47ca-abdf-190aa6f2df9f
2024-02-24T09:32:23.000000,purchase,94060,1005,apparel.shoes,apple,83.51,100883,8f3bf6a8-446a-47ca-abdf-190aa6f2df9f
2024-02-24T10:00:00.000000,view,52775,1003,appliances.kitchen.refrigerators,lg,1898.99,100065,5aa84b18-a8f8-4ee1-85ac-c38c748ea9ba
2024-02-24T10:00:00.000000,view,73821,1005,apparel.shoes,lg,78.27,100925,cb2fc1c8-55e2-4891-befd-3cc7a0c8fcdd
2024-02-24T10:00:16.000000,view,73821,1005,apparel.shoes,lg,78.27,100925,cb2fc1c8-55e2-4891-befd-3cc7a0c8fcdd
2024-02-24T10:01:49.000000,view,73821,1005,apparel.shoes,lg,78.27,100925,cb2fc1c8-55e2-4891-befd-3cc7a0c8fcdd
2024-02-24T10:02:47.000000,view,52775,1003,appliances.kitchen.refrigerators,lg,1898.99,100065,5aa84b18-a8f8-4ee1-85ac-c38c748ea9ba
2024-02-24T10:04:48.000000,view,52775,1003,appliances.kitchen.refrigerators,lg,1898.99,100065,5aa84b18-a8f8-4ee1-85ac-c38c748ea9ba
2024-02-24T11:00:00.000000,view,88453,1003,appliances.kitchen.refrigerators,nike,2035.7,100769,39aaad8b-310b-4afb-be80-e9c46ba6d932
2024-02-24T11:00:00.000000,view,63846,1006,auto.accessories,xiaomi,99.9,100967,a357eb92-8ac1-4fdd-86d5-4d66099531e6
2024-02-24T11:00:26.000000,view,88453,1003,appliances.kitchen.refrigerators,nike,2035.7,100769,39aaad8b-310b-4afb-be80-e9c46ba6d932
2024-02-24T11:01:53.000000,view,63846,1006,auto.accessories,xiaomi,99.9,100967,a357eb92-8ac1-4fdd-86d5-4d66099531e6
2024-02-24T11:03:27.000000,view,52013,1004,computers.notebook,apple,1962.15,100918,3b6d2807-4ff0-44bb-8f0e-9b1ee35c092f
2024-02-24T11:04:13.000000,view,63846,1006,auto.accessories,xiaomi,99.9,100967,a357eb92-8ac1-4fdd-86d5-4d66099531e6
2024-02-24T11:05:19.000000,view,52013,1004,computers.notebook,apple,1962.15,100918,3b6d2807-4ff0-44bb-8f0e-9b1ee35c092f
2024-02-24T11:06:56.000000,cart,63846,1006,auto.accessories,xiaomi,99.9,100967,a357eb92-8ac1-4fdd-86d5-4d66099531e6
2024-02-24T12:00:00.000000,view,88272,1002,electronics.audio.headphone,samsung,257.65,100146,5e60e69c-4e44-4c6a-b5b6-49b5e4e99ad9
2024-02-24T12:09:31.000000,view,99835,1003,appliances.kitchen.refrigerators,nike,2336.6,100955,1df52242-1ce8-45ef-aa85-50658e8066b9
2024-02-24T12:11:23.000000,view,99835,1003,appliances.kitchen.refrigerators,nike,2336.6,100955,1df52242-1ce8-45ef-aa85-50658e8066b9
2024-02-24T12:13:43.000000,view,99835,1003,appliances.kitchen.refrigerators,nike,2336.6,100955,1df52242-1ce8-45ef-aa85-50658e8066b9
2024-02-24T12:14:09.000000,view,99835,1003,appliances.kitchen.refrigerators,nike,2336.6,100955,1df52242-1ce8-45ef-aa85-50658e8066b9
2024-02-24T15:00:00.000000,view,62972,1002,electronics.audio.headphone,xiaomi,242.41,100993,5d1d1d3c-0b9c-4d9a-85ad-5d28c581017a
2024-02-24T15:01:11.000000,view,62972,1002,electronics.audio.headphone,xiaomi,242.41,100993,5d1d1d3c-0b9c-4d9a-85ad-5d28c581017a
2024-02-24T15:02:55.000000,view,62972,1002,electronics.audio.headphone,xiaomi,242.41,100993,5d1d1d3c-0b9c-4d9a-85ad-5d28c581017a
2024-02-24T15:04:36.000000,view,62972,1002,electronics.audio.headphone,xiaomi,242.41,100993,5d1d1d3c-0b9c-4d9a-85ad-5d28c581017a
2024-02-24T16:00:00.000000,view,54340,1002,electronics.audio.headphone,apple,69.93,100542,b57b5bb4-0d8a-4f69-9a68-80b014375779
2024-02-24T16:06:01.000000,view,74727,1003,appliances.kitchen.refrigerators,bosch,1345.5,100288,85732cb7-5b64-46b6-91a2-3d96d6a0eb57
2024-02-24T16:06:46.000000,view,74727,1003,appliances.kitchen.refrigerators,bosch,1345.5,100288,85732cb7-5b64-46b6-91a2-3d96d6a0eb57
2024-02-24T16:07:00.000000,view,58705,1004,computers.notebook,samsung,2055.33,100993,83b4a6f4-5e1b-4d81-8c9f-861eb44ff354
2024-02-24T16:08:19.000000,view,58705,1004,computers.notebook,samsung,2055.33,100993,83b4a6f4-5e1b-4d81-8c9f-861eb44ff354
2024-02-24T16:15:41.000000,view,58149,1003,appliances.kitchen.refrigerators,lg,1331.14,100028,5da82b69-4938-4795-93a6-9107badc3315
2024-02-24T16:17:34.000000,view,58149,1003,appliances.kitchen.refrigerators,lg,1331.14,100028,5da82b69-4938-4795-93a6-9107badc3315
2024-02-24T16:18:53.000000,view,58149,1003,appliances.kitchen.refrigerators,lg,1331.14,100028,5da82b69-4938-4795-93a6-9107badc3315
2024-02-24T17:00:00.000000,view,83392,1002,electronics.audio.headphone,samsung,160.72,100005,f691b7e6-562c-4279-b158-496998b757eb
2024-02-24T17:00:38.000000,cart,83392,1002,electronics.audio.headphone,samsung,160.72,100005,f691b7e6-562c-4279-b158-496998b757eb
2024-02-24T17:01:45.000000,view,51634,1004,computers.notebook,asus,2876.98,100213,63170977-c4dc-420a-a8ac-f851d89fd7ab
2024-02-24T17:02:43.000000,view,51634,1004,computers.notebook,asus,2876.98,100213,63170977-c4dc-420a-a8ac-f851d89fd7ab
2024-02-24T17:05:22.000000,view,95308,1005,apparel.shoes,bosch,82.45,100880,dad8b798-2e2d-4f17-8f7b-addf9c36e9b1
2024-02-24T18:06:22.000000,view,53773,1001,electronics.smartphone,apple,1178.81,100623,949fa6f8-55bb-4419-ab46-acd2f7caaf10
2024-02-24T18:08:18.000000,view,53773,1001,electronics.smartphone,apple,1178.81,100623,949fa6f8-55bb-4419-ab46-acd2f7caaf10
2024-02-24T18:10:16.000000,view,53773,1001,electronics.smartphone,apple,1178.81,100623,949fa6f8-55bb-4419-ab46-acd2f7caaf10
2024-02-24T18:10:51.000000,view,53773,1001,electronics.smartphone,apple,1178.81,100623,949fa6f8-55bb-4419-ab46-acd2f7caaf10
2024-02-24T18:21:38.000000,view,84527,1006,auto.accessories,samsung,135.55,100398,a50cc2fe-56f3-4ca0-883f-9557f36808e3
2024-02-24T18:24:06.000000,view,84527,1006,auto.accessories,samsung,135.55,100398,a50cc2fe-56f3-4ca0-883f-9557f36808e3
2024-02-24T18:26:24.000000,view,84527,1006,auto.accessories,samsung,135.55,100398,a50cc2fe-56f3-4ca0-883f-9557f36808e3
2024-02-24T18:27:00.000000,cart,84527,1006,auto.accessories,samsung,135.55,100398,a50cc2fe-56f3-4ca0-883f-9557f36808e3
2024-02-24T18:32:54.000000,view,57976,1006,auto.accessories,apple,62.41,100883,f191bab0-5487-4213-9559-fee3b2bd5aab
2024-02-24T18:33:39.000000,view,57976,1006,auto.accessories,apple,62.41,100883,f191bab0-5487-4213-9559-fee3b2bd5aab
2024-02-24T18:34:47.000000,cart,57976,1006,auto.accessories,apple,62.41,100883,f191bab0-5487-4213-9559-fee3b2bd5aab
2024-02-24T18:35:20.000000,purchase,57976,1006,auto.accessories,apple,62.41,100883,f191bab0-5487-4213-9559-fee3b2bd5aab
2024-02-24T19:00:00.000000,view,75211,1003,appliances.kitchen.refrigerators,samsung,2177.34,100034,b7d41287-1ffb-4f1c-8868-de9b133f2f14
2024-02-24T19:01:10.000000,cart,75211,1003,appliances.kitchen.refrigerators,samsung,2177.34,100034,b7d41287-1ffb-4f1c-8868-de9b133f2f14
2024-02-24T19:02:13.000000,view,73889,1006,auto.accessories,nike,41.5,100917,7cefd215-f36f-4ff2-a3d6-592f291ef54c
2024-02-24T19:05:02.000000,view,73889,1006,auto.accessories,nike,41.5,100917,7cefd215-f36f-4ff2-a3d6-592f291ef54c
2024-02-24T19:06:03.000000,view,73889,1006,auto.accessories,nike,41.5,100917,7cefd215-f36f-4ff2-a3d6-592f291ef54c
2024-02-24T19:06:59.000000,view,73889,1006,auto.accessories,nike,41.5,100917,7cefd215-f36f-4ff2-a3d6-592f291ef54c
2024-02-24T19:23:04.000000,view,73510,1004,computers.notebook,lg,2801.78,100151,77aca05c-00f7-4e28-9dc1-0b1843a3ed73
2024-02-24T19:25:35.000000,view,73510,1004,computers.notebook,lg,2801.78,100151,77aca05c-00f7-4e28-9dc1-0b1843a3ed73
2024-02-24T19:26:12.000000,view,73510,1004,computers.notebook,lg,2801.78,100151,77aca05c-00f7-4e28-9dc1-0b1843a3ed73
2024-02-24T19:27:06.000000,view,73510,1004,computers.notebook,lg,2801.78,100151,77aca05c-00f7-4e28-9dc1-0b1843a3ed73
2024-02-24T19:36:00.000000,view,80870,1005,apparel.shoes,xiaomi,92.28,100883,5744ee49-08f8-4a8f-806e-8bf3a1bc9d65
2024-02-24T19:38:24.000000,view,80870,1005,apparel.shoes,xiaomi,92.28,100883,5744ee49-08f8-4a8f-806e-8bf3a1bc9d65
2024-02-24T19:39:23.000000,cart,80870,1005,apparel.shoes,xiaomi,92.28,100883,5744ee49-08f8-4a8f-806e-8bf3a1bc9d65
2024-02-24T21:02:26.000000,view,98944,1002,electronics.audio.headphone,nike,256.58,100427,c7ca9403-d47a-42f3-833e-1d475e55c699
2024-02-24T21:03:55.000000,cart,98944,1002,electronics.audio.headphone,nike,256.58,100427,c7ca9403-d47a-42f3-833e-1d475e55c699
2024-02-24T21:04:54.000000,purchase,98944,1002,electronics.audio.headphone,nike,256.58,100427,c7ca9403-d47a-42f3-833e-1d475e55c699
2024-02-24T22:07:07.000000,view,50646,1002,electronics.audio.headphone,xiaomi,51.94,100341,d4921285-018a-4e53-8ad8-b9a992a4f186
2024-02-24T22:08:53.000000,view,50646,1002,electronics.audio.headphone,xiaomi,51.94,100341,d4921285-018a-4e53-8ad8-b9a992a4f186
2024-02-24T22:12:40.000000,view,79984,1006,auto.accessories,xiaomi,103.38,100336,3c4d29f4-d40a-4544-9411-2668a76a7527
2024-02-24T22:14:43.000000,view,79984,1006,auto.accessories,xiaomi,103.38,100336,3c4d29f4-d40a-4544-9411-2668a76a7527
2024-02-24T22:16:56.000000,cart,79984,1006,auto.accessories,xiaomi,103.38,100336,3c4d29f4-d40a-4544-9411-2668a76a7527
2024-02-24T22:17:29.000000,purchase,79984,1006,auto.accessories,xiaomi,103.38,100336,3c4d29f4-d40a-4544-9411-2668a76a7527
2024-02-24T23:02:02.000000,view,60852,1003,appliances.kitchen.refrigerators,asus,1186.28,100585,1aa2b4f4-7d1d-4957-b4ac-d938bac62a46
2024-02-24T23:04:51.000000,view,60852,1003,appliances.kitchen.refrigerators,asus,1186.28,100585,1aa2b4f4-7d1d-4957-b4ac-d938bac62a46
2024-02-24T23:07:27.000000,view,60852,1003,appliances.kitchen.refrigerators,asus,1186.28,100585,1aa2b4f4-7d1d-4957-b4ac-d938bac62a46
2024-02-24T23:09:13.000000,view,60852,1003,appliances.kitchen.refrigerators,asus,1186.28,100585,1aa2b4f4-7d1d-4957-b4ac-d938bac62a46
2024-02-24T23:12:11.000000,cart,60852,1003,appliances.kitchen.refrigerators,asus,1186.28,100585,1aa2b4f4-7d1d-4957-b4ac-d938bac62a46
2024-02-24T23:13:00.000000,view,68607,1005,apparel.shoes,asus,74.2,100284,cdb2d33c-fe1c-450c-b43d-46f4f6a74e8a
2024-02-24T23:15:23.000000,view,68607,1005,apparel.shoes,asus,74.2,100284,cdb2d33c-fe1c-450c-b43d-46f4f6a74e8a
2024-02-24T23:17:00.000000,view,68607,1005,apparel.shoes,asus,74.2,100284,cdb2d33c-fe1c-450c-b43d-46f4f6a74e8a
2024-02-24T23:19:52.000000,cart,68607,1005,apparel.shoes,asus,74.2,100284,cdb2d33c-fe1c-450c-b43d-46f4f6a74e8a
2024-02-25T00:09:54.000000,view,80371,1003,appliances.kitchen.refrigerators,bosch,625.96,100279,ce12d4e8-2138-493c-a51a-a61fa9cb75e1
2024-02-25T00:10:09.000000,view,80371,1003,appliances.kitchen.refrigerators,bosch,625.96,100279,ce12d4e8-2138-493c-a51a-a61fa9cb75e1
2024-02-25T00:10:48.000000,view,80371,1003,appliances.kitchen.refrigerators,bosch,625.96,100279,ce12d4e8-2138-493c-a51a-a61fa9cb75e1
2024-02-25T00:11:40.000000,view,80371,1003,appliances.kitchen.refrigerators,bosch,625.96,100279,ce12d4e8-2138-493c-a51a-a61fa9cb75e1
2024-02-25T01:08:32.000000,view,99324,1001,electronics.smartphone,asus,325.49,100255,19c56cfa-774e-40bc-82bb-af8c6b40edfe
2024-02-25T01:10:02.000000,view,99324,1001,electronics.smartphone,asus,325.49,100255,19c56cfa-774e-40bc-82bb-af8c6b40edfe
2024-02-25T01:11:29.000000,view,99324,1001,electronics.smartphone,asus,325.49,100255,19c56cfa-774e-40bc-82bb-af8c6b40edfe
2024-02-25T01:23:59.000000,view,89487,1002,electronics.audio.headphone,lg,217.5,100144,e33f2f0b-4417-4f84-9b10-457a2255a8a7
2024-02-25T01:26:29.000000,view,89487,1002,electronics.audio.headphone,lg,217.5,100144,e33f2f0b-4417-4f84-9b10-457a2255a8a7
2024-02-25T01:27:59.000000,view,89487,1002,electronics.audio.headphone,lg,217.5,100144,e33f2f0b-4417-4f84-9b10-457a2255a8a7
2024-02-25T02:05:08.000000,view,80238,1004,computers.notebook,nike,1456.04,100314,59843f9a-e5f3-4eaf-b5d4-e826a3293a13
2024-02-25T02:11:10.000000,view,74988,1003,appliances.kitchen.refrigerators,asus,1173.56,100676,4903c8da-1a6a-4fdd-bcc7-cc0ecab01f31
2024-02-25T02:12:06.000000,view,74988,1003,appliances.kitchen.refrigerators,asus,1173.56,100676,4903c8da-1a6a-4fdd-bcc7-cc0ecab01f31
2024-02-25T02:12:44.000000,view,74988,1003,appliances.kitchen.refrigerators,asus,1173.56,100676,4903c8da-1a6a-4fdd-bcc7-cc0ecab01f31
2024-02-25T02:13:55.000000,view,74988,1003,appliances.kitchen.refrigerators,asus,1173.56,100676,4903c8da-1a6a-4fdd-bcc7-cc0ecab01f31
2024-02-25T03:05:05.000000,view,92185,1002,electronics.audio.headphone,asus,295.16,100921,b1293783-0d83-48fe-bddb-aa0b752a017d
2024-02-25T03:06:40.000000,view,92185,1002,electronics.audio.headphone,asus,295.16,100921,b1293783-0d83-48fe-bddb-aa0b752a017d
2024-02-25T03:08:01.000000,cart,92185,1002,electronics.audio.headphone,asus,295.16,100921,b1293783-0d83-48fe-bddb-aa0b752a017d
2024-02-25T03:12:44.000000,view,60483,1006,auto.accessories,samsung,142.93,100707,8abe9504-32fe-45a4-b097-49afe4abf886
2024-02-25T03:14:40.000000,view,60483,1006,auto.accessories,samsung,142.93,100707,8abe9504-32fe-45a4-b097-49afe4abf886
2024-02-25T03:15:49.000000,view,60483,1006,auto.accessories,samsung,142.93,100707,8abe9504-32fe-45a4-b097-49afe4abf886
2024-02-25T03:17:07.000000,cart,60483,1006,auto.accessories,samsung,142.93,100707,8abe9504-32fe-45a4-b097-49afe4abf886
2024-02-25T03:18:25.000000,purchase,60483,1006,auto.accessories,samsung,142.93,100707,8abe9504-32fe-45a4-b097-49afe4abf886
2024-02-25T04:04:30.000000,view,86522,1004,computers.notebook,lg,2042.97,100089,9a5d5680-7808-4592-a475-eaa2fa9dcac3
2024-02-25T04:05:42.000000,view,86522,1004,computers.notebook,lg,2042.97,100089,9a5d5680-7808-4592-a475-eaa2fa9dcac3
2024-02-25T04:06:57.000000,view,86522,1004,computers.notebook,lg,2042.97,100089,9a5d5680-7808-4592-a475-eaa2fa9dcac3
2024-02-25T04:07:59.000000,view,86522,1004,computers.notebook,lg,2042.97,100089,9a5d5680-7808-4592-a475-eaa2fa9dcac3
2024-02-25T06:12:49.000000,view,74331,1003,appliances.kitchen.refrigerators,nike,1897.64,100518,1bee0665-207a-4278-bcda-1eb0d929c577
2024-02-25T06:14:21.000000,view,74331,1003,appliances.kitchen.refrigerators,nike,1897.64,100518,1bee0665-207a-4278-bcda-1eb0d929c577
2024-02-25T06:15:43.000000,view,76036,1003,appliances.kitchen.refrigerators,apple,2360.46,100592,556e06cb-5e83-414a-892c-582e7065e476
2024-02-25T06:16:10.000000,view,76036,1003,appliances.kitchen.refrigerators,apple,2360.46,100592,556e06cb-5e83-414a-892c-582e7065e476
2024-02-25T06:17:09.000000,view,76036,1003,appliances.kitchen.refrigerators,apple,2360.46,100592,556e06cb-5e83-414a-892c-582e7065e476
2024-02-25T06:17:14.000000,cart,74331,1003,appliances.kitchen.refrigerators,nike,1897.64,100518,1bee0665-207a-4278-bcda-1eb0d929c577
2024-02-25T06:18:09.000000,cart,76036,1003,appliances.kitchen.refrigerators,apple,2360.46,100592,556e06cb-5e83-414a-892c-582e7065e476
2024-02-25T06:18:53.000000,purchase,76036,1003,appliances.kitchen.refrigerators,apple,2360.46,100592,556e06cb-5e83-414a-892c-582e7065e476
2024-02-25T08:00:00.000000,view,80752,1006,auto.accessories,samsung,61.42,100280,fa0b3dc2-0b9b-409f-85e0-13a030df6a84
2024-02-25T08:02:19.000000,view,80752,1006,auto.accessories,samsung,61.42,100280,fa0b3dc2-0b9b-409f-85e0-13a030df6a84
2024-02-25T08:09:04.000000,view,64533,1001,electronics.smartphone,xiaomi,539.38,100161,74566e84-b2a3-4c08-bf36-45401d8f5d7c
2024-02-25T09:00:00.000000,view,83467,1003,appliances.kitchen.refrigerators,samsung,1943.08,100100,59e792cb-c395-4e78-8d6e-10524996c5e1
2024-02-25T09:00:00.000000,view,60978,1004,computers.notebook,samsung,989.45,100553,77ee2fe5-fcf4-4f18-b0fd-172b73aaf5c0
2024-02-25T09:02:04.000000,view,83467,1003,appliances.kitchen.refrigerators,samsung,1943.08,100100,59e792cb-c395-4e78-8d6e-10524996c5e1
2024-02-25T09:02:40.000000,view,60978,1004,computers.notebook,samsung,989.45,100553,77ee2fe5-fcf4-4f18-b0fd-172b73aaf5c0
2024-02-25T09:03:07.000000,view,60978,1004,computers.notebook,samsung,989.45,100553,77ee2fe5-fcf4-4f18-b0fd-172b73aaf5c0
2024-02-25T09:03:49.000000,cart,83467,1003,appliances.kitchen.refrigerators,samsung,1943.08,100100,59e792cb-c395-4e78-8d6e-10524996c5e1
2024-02-25T09:04:15.000000,view,60978,1004,computers.notebook,samsung,989.45,100553,77ee2fe5-fcf4-4f18-b0fd-172b73aaf5c0
2024-02-25T11:00:00.000000,view,74174,1002,electronics.audio.headphone,nike,249.44,100375,79c5bca1-4957-4038-a05e-ce3e5d41d779
2024-02-25T11:00:23.000000,cart,74174,1002,electronics.audio.headphone,nike,249.44,100375,79c5bca1-4957-4038-a05e-ce3e5d41d779
2024-02-25T11:02:18.000000,purchase,74174,1002,electronics.audio.headphone,nike,249.44,100375,79c5bca1-4957-4038-a05e-ce3e5d41d779
2024-02-25T12:00:00.000000,view,99909,1003,appliances.kitchen.refrigerators,asus,2338.78,100273,a2509e1f-5c23-4cfc-90a5-205150ddecbe
2024-02-25T12:00:00.000000,view,79605,1001,electronics.smartphone,samsung,365.13,100593,2227c301-330a-457a-96e4-6479f0f4c391
2024-02-25T12:00:00.000000,view,73552,1006,auto.accessories,nike,144.13,100884,c306e42a-3b10-4e7e-8c1a-4b204f5c5490
2024-02-25T12:00:36.000000,view,79605,1001,electronics.smartphone,samsung,365.13,100593,2227c301-330a-457a-96e4-6479f0f4c391
2024-02-25T12:02:01.000000,view,99909,1003,appliances.kitchen.refrigerators,asus,2338.78,100273,a2509e1f-5c23-4cfc-90a5-205150ddecbe
2024-02-25T12:02:27.000000,view,79605,1001,electronics.smartphone,samsung,365.13,100593,2227c301-330a-457a-96e4-6479f0f4c391
2024-02-25T12:02:53.000000,view,99909,1003,appliances.kitchen.refrigerators,asus,2338.78,100273,a2509e1f-5c23-4cfc-90a5-205150ddecbe
2024-02-25T13:00:00.000000,view,50650,1005,apparel.shoes,lg,129.75,100369,6f037d91-c32d-4fc3-914e-6850a42522e6
2024-02-25T13:00:29.000000,view,50650,1005,apparel.shoes,lg,129.75,100369,6f037d91-c32d-4fc3-914e-6850a42522e6
2024-02-25T15:00:00.000000,view,86594,1006,auto.accessories,asus,80.2,100835,3f2701ee-1c24-46e9-8109-35c7e29bbf48
2024-02-25T15:02:42.000000,cart,86594,1006,auto.accessories,asus,80.2,100835,3f2701ee-1c24-46e9-8109-35c7e29bbf48
2024-02-25T16:12:28.000000,view,60043,1002,electronics.audio.headphone,lg,279.66,100543,4c115e86-4de1-42c7-bdca-953c842f2fbb
2024-02-25T16:14:23.000000,view,60043,1002,electronics.audio.headphone,lg,279.66,100543,4c115e86-4de1-42c7-bdca-953c842f2fbb
2024-02-25T16:16:15.000000,view,60043,1002,electronics.audio.headphone,lg,279.66,100543,4c115e86-4de1-42c7-bdca-953c842f2fbb
2024-02-25T17:00:00.000000,view,92419,1005,apparel.shoes,asus,112.62,100687,942af6ca-575e-4a25-83de-fa6d0e0536f6
2024-02-25T17:00:00.000000,view,99656,1004,computers.notebook,samsung,2769.89,100825,8045fbcb-2f30-4ff4-8bbb-ef3c7577d728
2024-02-25T17:00:11.000000,view,99656,1004,computers.notebook,samsung,2769.89,100825,8045fbcb-2f30-4ff4-8bbb-ef3c7577d728
2024-02-25T17:01:40.000000,view,99656,1004,computers.notebook,samsung,2769.89,100825,8045fbcb-2f30-4ff4-8bbb-ef3c7577d728
2024-02-25T17:03:52.000000,view,79469,1006,auto.accessories,asus,126.98,100428,7769a2da-23e7-4834-8516-aeedaa3f41bc
2024-02-25T17:04:11.000000,view,79469,1006,auto.accessories,asus,126.98,100428,7769a2da-23e7-4834-8516-aeedaa3f41bc
2024-02-25T17:06:50.000000,cart,79469,1006,auto.accessories,asus,126.98,100428,7769a2da-23e7-4834-8516-aeedaa3f41bc
2024-02-25T17:21:15.000000,view,93691,1003,appliances.kitchen.refrigerators,lg,1626.96,100263,527caa13-324c-4b7a-93a2-ec8b879397d1
2024-02-25T17:23:29.000000,view,93691,1003,appliances.kitchen.refrigerators,lg,1626.96,100263,527caa13-324c-4b7a-93a2-ec8b879397d1
2024-02-25T17:25:49.000000,view,93691,1003,appliances.kitchen.refrigerators,lg,1626.96,100263,527caa13-324c-4b7a-93a2-ec8b879397d1
2024-02-25T17:27:10.000000,view,93691,1003,appliances.kitchen.refrigerators,lg,1626.96,100263,527caa13-324c-4b7a-93a2-ec8b879397d1
2024-02-25T18:00:00.000000,view,87546,1005,apparel.shoes,lg,100.53,100588,80d6ff1d-31b8-4466-99fd-69457eadc717
2024-02-25T18:02:51.000000,view,87546,1005,apparel.shoes,lg,100.53,100588,80d6ff1d-31b8-4466-99fd-69457eadc717
2024-02-25T18:03:19.000000,view,87546,1005,apparel.shoes,lg,100.53,100588,80d6ff1d-31b8-4466-99fd-69457eadc717
2024-02-25T18:04:24.000000,view,87546,1005,apparel.shoes,lg,100.53,100588,80d6ff1d-31b8-4466-99fd-69457eadc717
2024-02-25T18:09:13.000000,view,71089,1004,computers.notebook,samsung,1169.62,100117,af5405f3-2684-4cde-b12e-6e599dc9eaf1
2024-02-25T18:10:32.000000,view,71089,1004,computers.notebook,samsung,1169.62,100117,af5405f3-2684-4cde-b12e-6e599dc9eaf1
2024-02-25T18:11:01.000000,view,71089,1004,computers.notebook,samsung,1169.62,100117,af5405f3-2684-4cde-b12e-6e599dc9eaf1
2024-02-25T18:13:37.000000,cart,71089,1004,computers.notebook,samsung,1169.62,100117,af5405f3-2684-4cde-b12e-6e599dc9eaf1
2024-02-25T18:19:31.000000,view,99523,1004,computers.notebook,nike,759.46,100915,1e76b502-81f7-41bb-854b-1f77aeb93eca
2024-02-25T18:20:16.000000,view,99523,1004,computers.notebook,nike,759.46,100915,1e76b502-81f7-41bb-854b-1f77aeb93eca
2024-02-25T18:21:47.000000,view,99523,1004,computers.notebook,nike,759.46,100915,1e76b502-81f7-41bb-854b-1f77aeb93eca
2024-02-25T19:00:00.000000,view,85758,1002,electronics.audio.headphone,asus,83.83,100186,309ab046-1973-44a4-9d02-b00c046f905c
2024-02-25T19:00:00.000000,view,88189,1003,appliances.kitchen.refrigerators,apple,317.86,100223,674b4b6f-20c5-428b-97d6-92ececba8255
2024-02-25T19:00:42.000000,view,88189,1003,appliances.kitchen.refrigerators,apple,317.86,100223,674b4b6f-20c5-428b-97d6-92ececba8255
2024-02-25T19:01:42.000000,view,85758,1002,electronics.audio.headphone,asus,83.83,100186,309ab046-1973-44a4-9d02-b00c046f905c
2024-02-25T19:02:07.000000,view,88189,1003,appliances.kitchen.refrigerators,apple,317.86,100223,674b4b6f-20c5-428b-97d6-92ececba8255
2024-02-25T19:02:32.000000,view,88189,1003,appliances.kitchen.refrigerators,apple,317.86,100223,674b4b6f-20c5-428b-97d6-92ececba8255
2024-02-25T19:03:47.000000,view,85758,1002,electronics.audio.headphone,asus,83.83,100186,309ab046-1973-44a4-9d02-b00c046f905c
2024-02-25T20:00:00.000000,view,76894,1001,electronics.smartphone,lg,896.22,100495,1b6193ac-9a6a-4e62-9391-10033f887e03
2024-02-25T20:00:00.000000,view,64313,1005,apparel.shoes,asus,191.1,100694,7c4ccbab-4b6f-4881-b2c7-aa21dd021516
2024-02-25T20:00:00.000000,view,82252,1005,apparel.shoes,asus,124.93,100977,dee5dd0a-dcb1-4fc7-b3c1-33dc39f99d74
2024-02-25T20:01:42.000000,view,64313,1005,apparel.shoes,asus,191.1,100694,7c4ccbab-4b6f-4881-b2c7-aa21dd021516
2024-02-25T20:01:47.000000,view,82252,1005,apparel.shoes,asus,124.93,100977,dee5dd0a-dcb1-4fc7-b3c1-33dc39f99d74
2024-02-25T20:01:52.000000,view,76894,1001,electronics.smartphone,lg,896.22,100495,1b6193ac-9a6a-4e62-9391-10033f887e03
2024-02-25T20:03:25.000000,view,82252,1005,apparel.shoes,asus,124.93,100977,dee5dd0a-dcb1-4fc7-b3c1-33dc39f99d74
2024-02-25T20:04:13.000000,view,64313,1005,apparel.shoes,asus,191.1,100694,7c4ccbab-4b6f-4881-b2c7-aa21dd021516
2024-02-25T20:05:23.000000,view,82252,1005,apparel.shoes,asus,124.93,100977,dee5dd0a-dcb1-4fc7-b3c1-33dc39f99d74
2024-02-25T20:05:39.000000,cart,64313,1005,apparel.shoes,asus,191.1,100694,7c4ccbab-4b6f-4881-b2c7-aa21dd021516
2024-02-25T20:07:23.000000,purchase,64313,1005,apparel.shoes,asus,191.1,100694,7c4ccbab-4b6f-4881-b2c7-aa21dd021516
2024-02-25T20:18:11.000000,view,70860,1006,auto.accessories,samsung,66.75,100956,f9699aee-e429-4c44-b03b-1a965a01364b
2024-02-25T20:19:07.000000,view,70860,1006,auto.accessories,samsung,66.75,100956,f9699aee-e429-4c44-b03b-1a965a01364b
2024-02-25T20:21:44.000000,view,70860,1006,auto.accessories,samsung,66.75,100956,f9699aee-e429-4c44-b03b-1a965a01364b
2024-02-25T20:40:55.000000,view,52556,1003,appliances.kitchen.refrigerators,apple,1897.84,100883,9fb25a38-4157-42be-90c1-ac2718ebc612
2024-02-25T20:43:00.000000,view,52556,1003,appliances.kitchen.refrigerators,apple,1897.84,100883,9fb25a38-4157-42be-90c1-ac2718ebc612
2024-02-25T20:45:44.000000,view,52556,1003,appliances.kitchen.refrigerators,apple,1897.84,100883,9fb25a38-4157-42be-90c1-ac2718ebc612
2024-02-25T20:46:23.000000,cart,52556,1003,appliances.kitchen.refrigerators,apple,1897.84,100883,9fb25a38-4157-42be-90c1-ac2718ebc612
2024-02-25T20:48:18.000000,purchase,52556,1003,appliances.kitchen.refrigerators,apple,1897.84,100883,9fb25a38-4157-42be-90c1-ac2718ebc612
2024-02-25T21:25:08.000000,view,75512,1002,electronics.audio.headphone,lg,153.08,100968,4a0f9975-cb55-48f9-97ba-5c82f0a3363d
2024-02-25T21:26:30.000000,view,75512,1002,electronics.audio.headphone,lg,153.08,100968,4a0f9975-cb55-48f9-97ba-5c82f0a3363d
2024-02-25T21:26:46.000000,view,75512,1002,electronics.audio.headphone,lg,153.08,100968,4a0f9975-cb55-48f9-97ba-5c82f0a3363d
2024-02-25T21:28:03.000000,view,75512,1002,electronics.audio.headphone,lg,153.08,100968,4a0f9975-cb55-48f9-97ba-5c82f0a3363d
2024-02-25T21:28:51.000000,cart,75512,1002,electronics.audio.headphone,lg,153.08,100968,4a0f9975-cb55-48f9-97ba-5c82f0a3363d
2024-02-25T21:30:07.000000,purchase,75512,1002,electronics.audio.headphone,lg,153.08,100968,4a0f9975-cb55-48f9-97ba-5c82f0a3363d
2024-02-25T22:05:49.000000,view,87363,1004,computers.notebook,xiaomi,621.89,100900,70a035d3-a590-44ab-9c1b-0f0c8c016271
2024-02-25T22:06:52.000000,view,87363,1004,computers.notebook,xiaomi,621.89,100900,70a035d3-a590-44ab-9c1b-0f0c8c016271
2024-02-25T22:09:16.000000,view,87363,1004,computers.notebook,xiaomi,621.89,100900,70a035d3-a590-44ab-9c1b-0f0c8c016271
2024-02-25T22:10:01.000000,cart,87363,1004,computers.notebook,xiaomi,621.89,100900,70a035d3-a590-44ab-9c1b-0f0c8c016271
2024-02-25T22:14:36.000000,view,78101,1004,computers.notebook,samsung,1803.75,100955,da160f41-98ba-497a-b753-e2fc3a2c5076
2024-02-25T22:14:56.000000,view,76275,1005,apparel.shoes,apple,51.03,100117,8d8b3225-419e-4a71-83b0-f854b2e2f821
2024-02-25T22:15:20.000000,view,78101,1004,computers.notebook,samsung,1803.75,100955,da160f41-98ba-497a-b753-e2fc3a2c5076
2024-02-25T22:16:00.000000,view,78101,1004,computers.notebook,samsung,1803.75,100955,da160f41-98ba-497a-b753-e2fc3a2c5076
2024-02-25T22:16:18.000000,view,76275,1005,apparel.shoes,apple,51.03,100117,8d8b3225-419e-4a71-83b0-f854b2e2f821
2024-02-25T22:17:47.000000,view,76275,1005,apparel.shoes,apple,51.03,100117,8d8b3225-419e-4a71-83b0-f854b2e2f821
2024-02-25T22:18:12.000000,view,78101,1004,computers.notebook,samsung,1803.75,100955,da160f41-98ba-497a-b753-e2fc3a2c5076
2024-02-25T22:19:20.000000,view,76275,1005,apparel.shoes,apple,51.03,100117,8d8b3225-419e-4a71-83b0-f854b2e2f821
2024-02-25T22:21:10.000000,cart,78101,1004,computers.notebook,samsung,1803.75,100955,da160f41-98ba-497a-b753-e2fc3a2c5076
2024-02-25T22:27:57.000000,view,65127,1004,computers.notebook,lg,2347.95,100263,17f62a4e-f043-49a8-80ef-d379f318f72d
2024-02-25T22:28:14.000000,view,65127,1004,computers.notebook,lg,2347.95,100263,17f62a4e-f043-49a8-80ef-d379f318f72d
2024-02-25T23:06:46.000000,view,72528,1005,apparel.shoes,asus,108.08,100026,22de3966-c83f-4ac4-9457-6a6184ac106e
2024-02-25T23:06:51.000000,view,68371,1005,apparel.shoes,samsung,54.7,100647,a95c6202-d7c6-438f-ab7b-3dcd954a0738
2024-02-25T23:07:36.000000,view,68371,1005,apparel.shoes,samsung,54.7,100647,a95c6202-d7c6-438f-ab7b-3dcd954a0738
2024-02-25T23:08:26.000000,view,72528,1005,apparel.shoes,asus,108.08,100026,22de3966-c83f-4ac4-9457-6a6184ac106e
2024-02-25T23:09:37.000000,view,68371,1005,apparel.shoes,samsung,54.7,100647,a95c6202-d7c6-438f-ab7b-3dcd954a0738
2024-02-25T23:10:32.000000,view,72528,1005,apparel.shoes,asus,108.08,100026,22de3966-c83f-4ac4-9457-6a6184ac106e
2024-02-25T23:10:55.000000,view,68371,1005,apparel.shoes,samsung,54.7,100647,a95c6202-d7c6-438f-ab7b-3dcd954a0738
2024-02-25T23:11:50.000000,cart,68371,1005,apparel.shoes,samsung,54.7,100647,a95c6202-d7c6-438f-ab7b-3dcd954a0738
2024-02-25T23:11:51.000000,cart,72528,1005,apparel.shoes,asus,108.08,100026,22de3966-c83f-4ac4-9457-6a6184ac106e
2024-02-25T23:12:35.000000,purchase,72528,1005,apparel.shoes,asus,108.08,100026,22de3966-c83f-4ac4-9457-6a6184ac106e
2024-02-26T00:03:29.000000,view,98281,1006,auto.accessories,nike,113.97,100369,b1b58db5-416f-4aea-bb27-bc39a22c8139
2024-02-26T02:19:52.000000,view,69917,1003,appliances.kitchen.refrigerators,asus,1927.07,100117,983ed24d-afb2-4117-8f2f-d394caf39c06
2024-02-26T02:21:11.000000,view,98138,1001,electronics.smartphone,lg,488.44,100028,9464b6c6-4f25-4e5f-b5b9-c1f5ae602f95
2024-02-26T02:21:27.000000,view,98138,1001,electronics.smartphone,lg,488.44,100028,9464b6c6-4f25-4e5f-b5b9-c1f5ae602f95
2024-02-26T02:22:00.000000,view,98138,1001,electronics.smartphone,lg,488.44,100028,9464b6c6-4f25-4e5f-b5b9-c1f5ae602f95
2024-02-26T02:22:00.000000,view,69917,1003,appliances.kitchen.refrigerators,asus,1927.07,100117,983ed24d-afb2-4117-8f2f-d394caf39c06
2024-02-26T07:04:48.000000,view,83340,1004,computers.notebook,xiaomi,747.18,100463,766dcd0b-c9ca-4910-82c8-1ca66d5f5428
2024-02-26T07:05:02.000000,view,83340,1004,computers.notebook,xiaomi,747.18,100463,766dcd0b-c9ca-4910-82c8-1ca66d5f5428
2024-02-26T07:05:13.000000,view,83340,1004,computers.notebook,xiaomi,747.18,100463,766dcd0b-c9ca-4910-82c8-1ca66d5f5428
2024-02-26T07:07:00.000000,view,83340,1004,computers.notebook,xiaomi,747.18,100463,766dcd0b-c9ca-4910-82c8-1ca66d5f5428
2024-02-26T07:30:34.000000,view,63088,1004,computers.notebook,xiaomi,1323.95,100968,8362fa08-e60b-4037-9dbf-afde9ab23718
2024-02-26T08:00:00.000000,view,65566,1006,auto.accessories,nike,145.89,100058,53652a9f-5009-45c1-a4a3-855ab87e9e32
2024-02-26T08:00:00.000000,view,67942,1002,electronics.audio.headphone,nike,32.25,100479,6f41d979-e21d-4330-b12c-7b8e8c7c2420
2024-02-26T08:01:06.000000,view,67942,1002,electronics.audio.headphone,nike,32.25,100479,6f41d979-e21d-4330-b12c-7b8e8c7c2420
2024-02-26T08:02:04.000000,view,65566,1006,auto.accessories,nike,145.89,100058,53652a9f-5009-45c1-a4a3-855ab87e9e32
2024-02-26T08:03:13.000000,view,65566,1006,auto.accessories,nike,145.89,100058,53652a9f-5009-45c1-a4a3-855ab87e9e32
2024-02-26T08:05:39.000000,cart,65566,1006,auto.accessories,nike,145.89,100058,53652a9f-5009-45c1-a4a3-855ab87e9e32
2024-02-26T08:12:29.000000,view,79459,1004,computers.notebook,apple,2214.2,100279,c824b372-ffd5-4ae5-9975-f63fa1a05734
2024-02-26T08:13:54.000000,view,79459,1004,computers.notebook,apple,2214.2,100279,c824b372-ffd5-4ae5-9975-f63fa1a05734
2024-02-26T09:00:00.000000,view,50427,1002,electronics.audio.headphone,lg,112.78,100456,bf8b3427-d863-4c03-9df7-16fbfbe57c49
2024-02-26T09:00:00.000000,view,82770,1002,electronics.audio.headphone,apple,152.56,100778,4213d0b9-ad2c-45d9-ae7e-3067c40bcc81
2024-02-26T09:01:48.000000,view,82770,1002,electronics.audio.headphone,apple,152.56,100778,4213d0b9-ad2c-45d9-ae7e-3067c40bcc81
2024-02-26T09:02:16.000000,view,50427,1002,electronics.audio.headphone,lg,112.78,100456,bf8b3427-d863-4c03-9df7-16fbfbe57c49
2024-02-26T09:03:05.000000,view,82770,1002,electronics.audio.headphone,apple,152.56,100778,4213d0b9-ad2c-45d9-ae7e-3067c40bcc81
2024-02-26T09:03:07.000000,view,50427,1002,electronics.audio.headphone,lg,112.78,100456,bf8b3427-d863-4c03-9df7-16fbfbe57c49
2024-02-26T09:04:02.000000,view,50427,1002,electronics.audio.headphone,lg,112.78,100456,bf8b3427-d863-4c03-9df7-16fbfbe57c49
2024-02-26T11:00:00.000000,view,85347,1002,electronics.audio.headphone,bosch,91.83,100595,0b73bd7b-1f5f-4490-b3cf-2c5364788ae6
2024-02-26T11:02:21.000000,cart,85347,1002,electronics.audio.headphone,bosch,91.83,100595,0b73bd7b-1f5f-4490-b3cf-2c5364788ae6
2024-02-26T11:30:30.000000,view,94997,1006,auto.accessories,xiaomi,61.61,100144,1f29ce7b-eda9-4ed5-af8b-841bb059b8a0
2024-02-26T11:33:26.000000,view,94997,1006,auto.accessories,xiaomi,61.61,100144,1f29ce7b-eda9-4ed5-af8b-841bb059b8a0
2024-02-26T12:00:00.000000,view,52460,1003,appliances.kitchen.refrigerators,samsung,964.62,100697,ef919438-d0c5-48b0-8e1d-d8e1f51a2797
2024-02-26T12:00:24.000000,view,52460,1003,appliances.kitchen.refrigerators,samsung,964.62,100697,ef919438-d0c5-48b0-8e1d-d8e1f51a2797
2024-02-26T12:01:13.000000,view,52460,1003,appliances.kitchen.refrigerators,samsung,964.62,100697,ef919438-d0c5-48b0-8e1d-d8e1f51a2797
2024-02-26T12:17:51.000000,view,94083,1003,appliances.kitchen.refrigerators,samsung,1953.65,100518,93765c28-bab6-4fd5-a25f-46daf0a120d8
2024-02-26T12:20:19.000000,view,94083,1003,appliances.kitchen.refrigerators,samsung,1953.65,100518,93765c28-bab6-4fd5-a25f-46daf0a120d8
2024-02-26T12:22:13.000000,view,94083,1003,appliances.kitchen.refrigerators,samsung,1953.65,100518,93765c28-bab6-4fd5-a25f-46daf0a120d8
2024-02-26T12:23:55.000000,view,94083,1003,appliances.kitchen.refrigerators,samsung,1953.65,100518,93765c28-bab6-4fd5-a25f-46daf0a120d8
2024-02-26T12:25:55.000000,cart,94083,1003,appliances.kitchen.refrigerators,samsung,1953.65,100518,93765c28-bab6-4fd5-a25f-46daf0a120d8
2024-02-26T13:00:00.000000,view,57998,1001,electronics.smartphone,apple,663.68,100337,a73cea73-da09-4a1c-8d62-d0eeff35ecc6
2024-02-26T13:00:15.000000,view,57998,1001,electronics.smartphone,apple,663.68,100337,a73cea73-da09-4a1c-8d62-d0eeff35ecc6
2024-02-26T13:15:01.000000,view,68084,1003,appliances.kitchen.refrigerators,lg,735.12,100507,02b08e8e-227a-42b7-8970-57e9d871c40b
2024-02-26T13:16:23.000000,view,68084,1003,appliances.kitchen.refrigerators,lg,735.12,100507,02b08e8e-227a-42b7-8970-57e9d871c40b
2024-02-26T13:17:14.000000,view,68084,1003,appliances.kitchen.refrigerators,lg,735.12,100507,02b08e8e-227a-42b7-8970-57e9d871c40b
2024-02-26T13:19:54.000000,view,68084,1003,appliances.kitchen.refrigerators,lg,735.12,100507,02b08e8e-227a-42b7-8970-57e9d871c40b
2024-02-26T13:20:36.000000,cart,68084,1003,appliances.kitchen.refrigerators,lg,735.12,100507,02b08e8e-227a-42b7-8970-57e9d871c40b
2024-02-26T13:20:53.000000,purchase,68084,1003,appliances.kitchen.refrigerators,lg,735.12,100507,02b08e8e-227a-42b7-8970-57e9d871c40b
2024-02-26T14:00:00.000000,view,89974,1004,computers.notebook,asus,1476.86,100701,9292361e-75d7-4243-aff7-e138648e5789
2024-02-26T14:01:13.000000,view,89974,1004,computers.notebook,asus,1476.86,100701,9292361e-75d7-4243-aff7-e138648e5789
2024-02-26T14:01:37.000000,view,89974,1004,computers.notebook,asus,1476.86,100701,9292361e-75d7-4243-aff7-e138648e5789
2024-02-26T14:02:31.000000,cart,89974,1004,computers.notebook,asus,1476.86,100701,9292361e-75d7-4243-aff7-e138648e5789
2024-02-26T14:03:33.000000,purchase,89974,1004,computers.notebook,asus,1476.86,100701,9292361e-75d7-4243-aff7-e138648e5789
2024-02-26T14:06:38.000000,view,78749,1004,computers.notebook,samsung,1794.91,100314,4ce1b379-1772-448b-aa70-ead106e643fb
2024-02-26T14:08:23.000000,cart,78749,1004,computers.notebook,samsung,1794.91,100314,4ce1b379-1772-448b-aa70-ead106e643fb
2024-02-26T14:08:54.000000,purchase,78749,1004,computers.notebook,samsung,1794.91,100314,4ce1b379-1772-448b-aa70-ead106e643fb
2024-02-26T15:00:00.000000,view,76109,1001,electronics.smartphone,xiaomi,1019.72,100450,623a2239-6b41-4441-8637-91a2b5c4eb7e
2024-02-26T15:01:43.000000,cart,76109,1001,electronics.smartphone,xiaomi,1019.72,100450,623a2239-6b41-4441-8637-91a2b5c4eb7e
2024-02-26T15:04:23.000000,view,93084,1005,apparel.shoes,bosch,141.86,100273,2efaaf02-325b-4db9-9b02-bf405cfc4344
2024-02-26T15:04:46.000000,view,93084,1005,apparel.shoes,bosch,141.86,100273,2efaaf02-325b-4db9-9b02-bf405cfc4344
2024-02-26T15:05:44.000000,view,93084,1005,apparel.shoes,bosch,141.86,100273,2efaaf02-325b-4db9-9b02-bf405cfc4344
2024-02-26T15:06:32.000000,view,93084,1005,apparel.shoes,bosch,141.86,100273,2efaaf02-325b-4db9-9b02-bf405cfc4344
2024-02-26T15:06:55.000000,cart,93084,1005,apparel.shoes,bosch,141.86,100273,2efaaf02-325b-4db9-9b02-bf405cfc4344
2024-02-26T15:07:14.000000,purchase,93084,1005,apparel.shoes,bosch,141.86,100273,2efaaf02-325b-4db9-9b02-bf405cfc4344
2024-02-26T15:16:28.000000,view,77943,1003,appliances.kitchen.refrigerators,lg,468.3,100969,1ab85b6b-8c67-4c77-a4fd-874c2a34c37d
2024-02-26T15:18:38.000000,view,77943,1003,appliances.kitchen.refrigerators,lg,468.3,100969,1ab85b6b-8c67-4c77-a4fd-874c2a34c37d
2024-02-26T15:20:42.000000,view,77943,1003,appliances.kitchen.refrigerators,lg,468.3,100969,1ab85b6b-8c67-4c77-a4fd-874c2a34c37d
2024-02-26T16:02:06.000000,view,95900,1004,computers.notebook,xiaomi,597.66,100085,62060db4-f02a-4a5e-9b2b-9395c6cef890
2024-02-26T18:00:00.000000,view,52220,1006,auto.accessories,lg,51.99,100270,db5658b1-8319-4356-8f18-3b722a8d5dfb
2024-02-26T18:00:00.000000,view,89407,1004,computers.notebook,bosch,1509.69,100295,b6a0d675-1c44-4199-96de-1131713d8b5d
2024-02-26T18:00:12.000000,view,89407,1004,computers.notebook,bosch,1509.69,100295,b6a0d675-1c44-4199-96de-1131713d8b5d
2024-02-26T18:24:47.000000,view,94183,1004,computers.notebook,xiaomi,3170.66,100628,05218a6e-336b-4e0f-b9d2-275f7da7fc93
2024-02-26T18:26:22.000000,view,94183,1004,computers.notebook,xiaomi,3170.66,100628,05218a6e-336b-4e0f-b9d2-275f7da7fc93
2024-02-26T18:28:08.000000,cart,94183,1004,computers.notebook,xiaomi,3170.66,100628,05218a6e-336b-4e0f-b9d2-275f7da7fc93
2024-02-26T19:02:34.000000,view,82148,1002,electronics.audio.headphone,lg,270.63,100687,0cac025e-fb59-4d51-8e54-23d50035eb4b
2024-02-26T19:03:04.000000,view,82148,1002,electronics.audio.headphone,lg,270.63,100687,0cac025e-fb59-4d51-8e54-23d50035eb4b
2024-02-26T20:00:00.000000,view,74048,1002,electronics.audio.headphone,asus,134.46,100066,9e347444-50c5-4ab7-b36d-ebd77643d80a
2024-02-26T20:00:00.000000,view,58180,1004,computers.notebook,asus,665.16,100301,b26a1829-2a75-4da2-8570-7a5610b1c8b8
2024-02-26T20:00:00.000000,view,91610,1005,apparel.shoes,bosch,138.31,100455,4df680cf-830e-4467-a719-d9219be4259c
2024-02-26T20:00:10.000000,view,91610,1005,apparel.shoes,bosch,138.31,100455,4df680cf-830e-4467-a719-d9219be4259c
2024-02-26T20:00:18.000000,cart,58180,1004,computers.notebook,asus,665.16,100301,b26a1829-2a75-4da2-8570-7a5610b1c8b8
2024-02-26T20:01:13.000000,view,74048,1002,electronics.audio.headphone,asus,134.46,100066,9e347444-50c5-4ab7-b36d-ebd77643d80a
2024-02-26T20:01:24.000000,view,91610,1005,apparel.shoes,bosch,138.31,100455,4df680cf-830e-4467-a719-d9219be4259c
2024-02-26T20:01:52.000000,view,74048,1002,electronics.audio.headphone,asus,134.46,100066,9e347444-50c5-4ab7-b36d-ebd77643d80a
2024-02-26T20:02:01.000000,purchase,58180,1004,computers.notebook,asus,665.16,100301,b26a1829-2a75-4da2-8570-7a5610b1c8b8
2024-02-26T20:03:18.000000,view,91610,1005,apparel.shoes,bosch,138.31,100455,4df680cf-830e-4467-a719-d9219be4259c
2024-02-26T20:06:01.000000,cart,91610,1005,apparel.shoes,bosch,138.31,100455,4df680cf-830e-4467-a719-d9219be4259c
2024-02-26T20:07:36.000000,purchase,91610,1005,apparel.shoes,bosch,138.31,100455,4df680cf-830e-4467-a719-d9219be4259c
2024-02-26T20:08:00.000000,view,53847,1001,electronics.smartphone,samsung,995.77,100838,a4196ba4-7cad-4fac-9781-2b8315ca70fd
2024-02-26T20:10:53.000000,view,53847,1001,electronics.smartphone,samsung,995.77,100838,a4196ba4-7cad-4fac-9781-2b8315ca70fd
2024-02-26T20:11:10.000000,cart,53847,1001,electronics.smartphone,samsung,995.77,100838,a4196ba4-7cad-4fac-9781-2b8315ca70fd
2024-02-26T20:11:42.000000,purchase,53847,1001,electronics.smartphone,samsung,995.77,100838,a4196ba4-7cad-4fac-9781-2b8315ca70fd
2024-02-26T20:18:12.000000,view,81534,1002,electronics.audio.headphone,asus,285.84,100543,ec712984-2894-46f8-8586-32c0e77a1de9
2024-02-26T21:02:12.000000,view,79575,1002,electronics.audio.headphone,samsung,45.27,100127,d77087da-cace-4242-aff9-29ce3cf9e12e
2024-02-26T21:03:37.000000,cart,79575,1002,electronics.audio.headphone,samsung,45.27,100127,d77087da-cace-4242-aff9-29ce3cf9e12e
2024-02-26T21:07:10.000000,view,64158,1006,auto.accessories,apple,91.54,100474,34927e89-8517-46e9-bef2-0e52ed32db11
2024-02-27T00:04:25.000000,view,97971,1004,computers.notebook,samsung,632.51,100127,ef0c13b5-9a57-42c4-9a21-284d34990cc8
2024-02-27T00:04:45.000000,view,76252,1002,electronics.audio.headphone,bosch,127.37,100118,6af3bec3-c86e-4bc1-94a9-6b2535c2906f
2024-02-27T01:02:42.000000,view,91862,1002,electronics.audio.headphone,apple,86.33,100305,711f88cd-0485-4e4d-b1dd-8d262828f66e
2024-02-27T01:04:51.000000,view,91862,1002,electronics.audio.headphone,apple,86.33,100305,711f88cd-0485-4e4d-b1dd-8d262828f66e
2024-02-27T01:07:40.000000,cart,91862,1002,electronics.audio.headphone,apple,86.33,100305,711f88cd-0485-4e4d-b1dd-8d262828f66e
2024-02-27T02:02:46.000000,view,51911,1001,electronics.smartphone,bosch,426.85,100669,659689d7-170b-4d68-a64d-6a1ab5b059f9
2024-02-27T02:03:13.000000,view,51911,1001,electronics.smartphone,bosch,426.85,100669,659689d7-170b-4d68-a64d-6a1ab5b059f9
2024-02-27T02:06:01.000000,view,51911,1001,electronics.smartphone,bosch,426.85,100669,659689d7-170b-4d68-a64d-6a1ab5b059f9
2024-02-27T02:07:50.000000,cart,51911,1001,electronics.smartphone,bosch,426.85,100669,659689d7-170b-4d68-a64d-6a1ab5b059f9
2024-02-27T02:13:27.000000,view,58484,1005,apparel.shoes,lg,83.28,100397,8ebd64a5-2d1b-48c7-a4d0-bc3c77378bd3
2024-02-27T02:14:03.000000,cart,58484,1005,apparel.shoes,lg,83.28,100397,8ebd64a5-2d1b-48c7-a4d0-bc3c77378bd3
2024-02-27T02:15:22.000000,purchase,58484,1005,apparel.shoes,lg,83.28,100397,8ebd64a5-2d1b-48c7-a4d0-bc3c77378bd3
2024-02-27T03:19:42.000000,view,77146,1004,computers.notebook,samsung,1866.84,100543,bf232097-032d-4d85-b447-092829f58fa3
2024-02-27T03:22:29.000000,view,50071,1004,computers.notebook,samsung,2818.72,100915,a118ae47-8e2e-42c4-8f1c-abbc5ff904ea
2024-02-27T04:10:01.000000,view,79925,1001,electronics.smartphone,nike,1041.9,100474,fb921246-bfab-4337-9d70-c4714a062509
2024-02-27T04:11:42.000000,view,79925,1001,electronics.smartphone,nike,1041.9,100474,fb921246-bfab-4337-9d70-c4714a062509
2024-02-27T04:13:20.000000,view,79925,1001,electronics.smartphone,nike,1041.9,100474,fb921246-bfab-4337-9d70-c4714a062509
2024-02-27T05:22:41.000000,view,59277,1001,electronics.smartphone,bosch,902.14,100915,16f87d7c-686b-47b9-9e5d-334756fbd128
2024-02-27T05:23:27.000000,view,59277,1001,electronics.smartphone,bosch,902.14,100915,16f87d7c-686b-47b9-9e5d-334756fbd128
2024-02-27T05:24:26.000000,view,59277,1001,electronics.smartphone,bosch,902.14,100915,16f87d7c-686b-47b9-9e5d-334756fbd128
2024-02-27T06:23:44.000000,view,99838,1006,auto.accessories,asus,122.46,100117,5b57b926-4f78-430f-b92f-d8ccbaa000b8
2024-02-27T06:23:55.000000,view,99838,1006,auto.accessories,asus,122.46,100117,5b57b926-4f78-430f-b92f-d8ccbaa000b8
2024-02-27T06:25:49.000000,cart,99838,1006,auto.accessories,asus,122.46,100117,5b57b926-4f78-430f-b92f-d8ccbaa000b8
2024-02-27T06:27:13.000000,purchase,99838,1006,auto.accessories,asus,122.46,100117,5b57b926-4f78-430f-b92f-d8ccbaa000b8
2024-02-27T07:21:17.000000,view,75974,1004,computers.notebook,lg,2224.11,100543,693e15b5-4b4a-42bb-923a-dab336c6945b
2024-02-27T07:23:17.000000,view,75974,1004,computers.notebook,lg,2224.11,100543,693e15b5-4b4a-42bb-923a-dab336c6945b
2024-02-27T07:24:27.000000,view,75974,1004,computers.notebook,lg,2224.11,100543,693e15b5-4b4a-42bb-923a-dab336c6945b
2024-02-27T07:25:50.000000,view,75974,1004,computers.notebook,lg,2224.11,100543,693e15b5-4b4a-42bb-923a-dab336c6945b
2024-02-27T07:30:26.000000,view,93416,1002,electronics.audio.headphone,samsung,285.02,100667,287899fa-c07d-43ee-94bf-a86b44aefb12
2024-02-27T07:31:40.000000,cart,93416,1002,electronics.audio.headphone,samsung,285.02,100667,287899fa-c07d-43ee-94bf-a86b44aefb12
2024-02-27T07:32:30.000000,purchase,93416,1002,electronics.audio.headphone,samsung,285.02,100667,287899fa-c07d-43ee-94bf-a86b44aefb12
2024-02-27T08:00:00.000000,view,70866,1006,auto.accessories,apple,94.4,100503,44bdcb16-397c-4b9c-af98-ec4d0a811c24
2024-02-27T08:02:45.000000,view,70866,1006,auto.accessories,apple,94.4,100503,44bdcb16-397c-4b9c-af98-ec4d0a811c24
2024-02-27T08:03:11.000000,view,70866,1006,auto.accessories,apple,94.4,100503,44bdcb16-397c-4b9c-af98-ec4d0a811c24
2024-02-27T08:05:46.000000,cart,70866,1006,auto.accessories,apple,94.4,100503,44bdcb16-397c-4b9c-af98-ec4d0a811c24
2024-02-27T08:06:41.000000,purchase,70866,1006,auto.accessories,apple,94.4,100503,44bdcb16-397c-4b9c-af98-ec4d0a811c24
2024-02-27T09:13:22.000000,view,53499,1001,electronics.smartphone,lg,1001.72,100647,88875007-6620-4990-accd-a9ac470ad7e5
2024-02-27T09:15:05.000000,view,53499,1001,electronics.smartphone,lg,1001.72,100647,88875007-6620-4990-accd-a9ac470ad7e5
2024-02-27T09:16:23.000000,view,53499,1001,electronics.smartphone,lg,1001.72,100647,88875007-6620-4990-accd-a9ac470ad7e5
2024-02-27T09:17:06.000000,cart,53499,1001,electronics.smartphone,lg,1001.72,100647,88875007-6620-4990-accd-a9ac470ad7e5
2024-02-27T09:18:31.000000,purchase,53499,1001,electronics.smartphone,lg,1001.72,100647,88875007-6620-4990-accd-a9ac470ad7e5
2024-02-27T10:27:02.000000,view,88892,1005,apparel.shoes,xiaomi,100.3,100543,e9d506dc-52f7-4939-ac9b-d9008e0493c8
2024-02-27T10:27:37.000000,cart,88892,1005,apparel.shoes,xiaomi,100.3,100543,e9d506dc-52f7-4939-ac9b-d9008e0493c8
2024-02-27T11:00:00.000000,view,81249,1003,appliances.kitchen.refrigerators,bosch,2419.72,100558,05358b3e-5abb-4748-a9b6-86e7f1071192
2024-02-27T11:00:51.000000,view,81249,1003,appliances.kitchen.refrigerators,bosch,2419.72,100558,05358b3e-5abb-4748-a9b6-86e7f1071192
2024-02-27T11:03:03.000000,view,81249,1003,appliances.kitchen.refrigerators,bosch,2419.72,100558,05358b3e-5abb-4748-a9b6-86e7f1071192
2024-02-27T12:00:00.000000,view,53334,1005,apparel.shoes,lg,71.91,100497,a73b15c9-b022-49f8-8c5d-a03727fd1bd2
2024-02-27T12:00:00.000000,view,74399,1003,appliances.kitchen.refrigerators,lg,1840.15,100997,d7fb3039-b1eb-435e-bf07-f87d7708eb02
2024-02-27T12:01:45.000000,view,74399,1003,appliances.kitchen.refrigerators,lg,1840.15,100997,d7fb3039-b1eb-435e-bf07-f87d7708eb02
2024-02-27T12:02:31.000000,view,53334,1005,apparel.shoes,lg,71.91,100497,a73b15c9-b022-49f8-8c5d-a03727fd1bd2
2024-02-27T12:03:16.000000,cart,74399,1003,appliances.kitchen.refrigerators,lg,1840.15,100997,d7fb3039-b1eb-435e-bf07-f87d7708eb02
2024-02-27T12:03:21.000000,view,53334,1005,apparel.shoes,lg,71.91,100497,a73b15c9-b022-49f8-8c5d-a03727fd1bd2
2024-02-27T12:03:40.000000,purchase,74399,1003,appliances.kitchen.refrigerators,lg,1840.15,100997,d7fb3039-b1eb-435e-bf07-f87d7708eb02
2024-02-27T12:06:19.000000,cart,53334,1005,apparel.shoes,lg,71.91,100497,a73b15c9-b022-49f8-8c5d-a03727fd1bd2
2024-02-27T12:07:40.000000,purchase,53334,1005,apparel.shoes,lg,71.91,100497,a73b15c9-b022-49f8-8c5d-a03727fd1bd2
2024-02-27T14:00:00.000000,view,62573,1001,electronics.smartphone,xiaomi,865.9,100782,244e8a20-80f0-4ee0-8fc9-2c9673651ba1
2024-02-27T14:01:55.000000,view,62573,1001,electronics.smartphone,xiaomi,865.9,100782,244e8a20-80f0-4ee0-8fc9-2c9673651ba1
2024-02-27T14:04:00.000000,view,62573,1001,electronics.smartphone,xiaomi,865.9,100782,244e8a20-80f0-4ee0-8fc9-2c9673651ba1
2024-02-27T14:16:29.000000,view,91314,1001,electronics.smartphone,apple,1040.01,100279,c134cdb4-d1af-4988-ae8f-7967cf4b1e34
2024-02-27T14:18:25.000000,view,91314,1001,electronics.smartphone,apple,1040.01,100279,c134cdb4-d1af-4988-ae8f-7967cf4b1e34
2024-02-27T14:20:41.000000,view,91314,1001,electronics.smartphone,apple,1040.01,100279,c134cdb4-d1af-4988-ae8f-7967cf4b1e34
2024-02-27T14:23:19.000000,view,91314,1001,electronics.smartphone,apple,1040.01,100279,c134cdb4-d1af-4988-ae8f-7967cf4b1e34
2024-02-27T15:00:00.000000,view,82606,1003,appliances.kitchen.refrigerators,bosch,997.44,100312,49fab699-a9ad-479e-9f01-1a36aac009fc
2024-02-27T15:00:16.000000,view,82606,1003,appliances.kitchen.refrigerators,bosch,997.44,100312,49fab699-a9ad-479e-9f01-1a36aac009fc
2024-02-27T15:01:11.000000,view,82606,1003,appliances.kitchen.refrigerators,bosch,997.44,100312,49fab699-a9ad-479e-9f01-1a36aac009fc
2024-02-27T15:03:14.000000,view,82606,1003,appliances.kitchen.refrigerators,bosch,997.44,100312,49fab699-a9ad-479e-9f01-1a36aac009fc
2024-02-27T15:04:09.000000,view,75203,1006,auto.accessories,lg,44.55,100558,dacbb2c7-c8c9-4bb9-aeac-3df9644805dd
2024-02-27T15:04:23.000000,cart,82606,1003,appliances.kitchen.refrigerators,bosch,997.44,100312,49fab699-a9ad-479e-9f01-1a36aac009fc
2024-02-27T15:04:47.000000,purchase,82606,1003,appliances.kitchen.refrigerators,bosch,997.44,100312,49fab699-a9ad-479e-9f01-1a36aac009fc
2024-02-27T15:04:47.000000,view,75203,1006,auto.accessories,lg,44.55,100558,dacbb2c7-c8c9-4bb9-aeac-3df9644805dd
2024-02-27T16:00:00.000000,view,91907,1004,computers.notebook,xiaomi,1835.47,100924,8b4966fc-052d-419d-8b50-5235cfd2150a
2024-02-27T16:02:50.000000,cart,91907,1004,computers.notebook,xiaomi,1835.47,100924,8b4966fc-052d-419d-8b50-5235cfd2150a
2024-02-27T16:08:13.000000,view,93712,1004,computers.notebook,asus,934.26,100497,33718adf-275b-42cf-a40a-3a53814ce20c
2024-02-27T16:11:07.000000,view,93712,1004,computers.notebook,asus,934.26,100497,33718adf-275b-42cf-a40a-3a53814ce20c
2024-02-27T17:00:00.000000,view,62985,1003,appliances.kitchen.refrigerators,bosch,1868.38,100217,a2e091f5-01ef-4e05-963a-86a5cdc8a367
2024-02-27T17:03:03.000000,view,67203,1001,electronics.smartphone,samsung,945.84,100450,1b29155c-754f-44b5-92bf-03b81bd395af
2024-02-27T17:03:56.000000,cart,67203,1001,electronics.smartphone,samsung,945.84,100450,1b29155c-754f-44b5-92bf-03b81bd395af
2024-02-27T17:04:03.000000,view,99169,1002,electronics.audio.headphone,asus,148.65,100595,931d05a6-ad11-4451-b753-a88c7c500eee
2024-02-27T17:05:35.000000,purchase,67203,1001,electronics.smartphone,samsung,945.84,100450,1b29155c-754f-44b5-92bf-03b81bd395af
2024-02-27T18:00:00.000000,view,64327,1001,electronics.smartphone,apple,932.99,100370,350ab547-1b90-495c-8546-6e581eb9dd25
2024-02-27T18:01:57.000000,view,64327,1001,electronics.smartphone,apple,932.99,100370,350ab547-1b90-495c-8546-6e581eb9dd25
2024-02-27T18:26:42.000000,view,79541,1006,auto.accessories,lg,116.75,100518,9ae456dc-0e95-46a3-8935-2ce2f455fcfa
2024-02-27T18:27:02.000000,view,79541,1006,auto.accessories,lg,116.75,100518,9ae456dc-0e95-46a3-8935-2ce2f455fcfa
2024-02-27T19:12:20.000000,view,57633,1001,electronics.smartphone,bosch,203.11,100623,2ab9e7a4-b72c-4c55-8bba-a2c9fcbfd55a
2024-02-27T19:15:20.000000,view,57633,1001,electronics.smartphone,bosch,203.11,100623,2ab9e7a4-b72c-4c55-8bba-a2c9fcbfd55a
2024-02-27T19:17:29.000000,view,57633,1001,electronics.smartphone,bosch,203.11,100623,2ab9e7a4-b72c-4c55-8bba-a2c9fcbfd55a
2024-02-27T19:18:10.000000,view,57633,1001,electronics.smartphone,bosch,203.11,100623,2ab9e7a4-b72c-4c55-8bba-a2c9fcbfd55a
2024-02-27T19:19:24.000000,cart,57633,1001,electronics.smartphone,bosch,203.11,100623,2ab9e7a4-b72c-4c55-8bba-a2c9fcbfd55a
2024-02-27T20:00:00.000000,view,79622,1005,apparel.shoes,apple,120.61,100042,accd4243-ccac-4956-81e3-e5bbfdc2e27b
2024-02-27T20:07:31.000000,view,83063,1006,auto.accessories,apple,122.99,100519,61a641ed-0dda-419a-920d-1818c6920af6
2024-02-27T20:08:17.000000,view,83063,1006,auto.accessories,apple,122.99,100519,61a641ed-0dda-419a-920d-1818c6920af6
2024-02-27T20:08:45.000000,view,83063,1006,auto.accessories,apple,122.99,100519,61a641ed-0dda-419a-920d-1818c6920af6
2024-02-27T20:10:13.000000,view,83063,1006,auto.accessories,apple,122.99,100519,61a641ed-0dda-419a-920d-1818c6920af6
2024-02-27T20:26:23.000000,view,83482,1002,electronics.audio.headphone,lg,78.59,100468,bc718ebe-2712-4b3c-ba86-c8f66d12b345
2024-02-27T20:26:37.000000,view,83482,1002,electronics.audio.headphone,lg,78.59,100468,bc718ebe-2712-4b3c-ba86-c8f66d12b345
2024-02-27T23:28:07.000000,view,58987,1001,electronics.smartphone,samsung,1033.5,100398,9aea7f48-2592-4365-ba7e-9767ed36bd6d
2024-02-27T23:29:35.000000,view,58987,1001,electronics.smartphone,samsung,1033.5,100398,9aea7f48-2592-4365-ba7e-9767ed36bd6d
2024-02-27T23:32:06.000000,cart,58987,1001,electronics.smartphone,samsung,1033.5,100398,9aea7f48-2592-4365-ba7e-9767ed36bd6d
2024-02-28T00:07:41.000000,view,96099,1002,electronics.audio.headphone,asus,28.65,100917,2ae05a73-1a06-4762-bb6e-7681aa9f68cf
2024-02-28T01:08:13.000000,view,67314,1006,auto.accessories,xiaomi,132.08,100455,746181bb-affc-41a8-b46a-6a15f5ba9fe8
2024-02-28T01:09:50.000000,view,67314,1006,auto.accessories,xiaomi,132.08,100455,746181bb-affc-41a8-b46a-6a15f5ba9fe8
2024-02-28T01:15:49.000000,view,60744,1005,apparel.shoes,samsung,44.09,100843,218e1b8f-8f42-4bbe-9c0e-c5a9d8e14283
2024-02-28T01:17:49.000000,view,60744,1005,apparel.shoes,samsung,44.09,100843,218e1b8f-8f42-4bbe-9c0e-c5a9d8e14283
2024-02-28T01:20:04.000000,view,60744,1005,apparel.shoes,samsung,44.09,100843,218e1b8f-8f42-4bbe-9c0e-c5a9d8e14283
2024-02-28T01:21:15.000000,cart,60744,1005,apparel.shoes,samsung,44.09,100843,218e1b8f-8f42-4bbe-9c0e-c5a9d8e14283
2024-02-28T01:23:14.000000,purchase,60744,1005,apparel.shoes,samsung,44.09,100843,218e1b8f-8f42-4bbe-9c0e-c5a9d8e14283
2024-02-28T02:22:58.000000,view,72029,1001,electronics.smartphone,bosch,524.72,100559,89e45505-90c4-4a61-944d-b05849d1f80b
2024-02-28T02:25:24.000000,view,72029,1001,electronics.smartphone,bosch,524.72,100559,89e45505-90c4-4a61-944d-b05849d1f80b
2024-02-28T04:20:10.000000,view,69919,1002,electronics.audio.headphone,bosch,224.79,100284,9cd6d269-597d-4249-952f-d831b8573ca9
2024-02-28T08:12:03.000000,view,80151,1002,electronics.audio.headphone,bosch,233.17,100838,801d198d-2bb1-4611-bdf2-66ead1fce40b
2024-02-28T08:14:45.000000,view,80151,1002,electronics.audio.headphone,bosch,233.17,100838,801d198d-2bb1-4611-bdf2-66ead1fce40b
2024-02-28T08:16:28.000000,view,80151,1002,electronics.audio.headphone,bosch,233.17,100838,801d198d-2bb1-4611-bdf2-66ead1fce40b
2024-02-28T08:17:37.000000,view,80151,1002,electronics.audio.headphone,bosch,233.17,100838,801d198d-2bb1-4611-bdf2-66ead1fce40b
2024-02-28T09:00:00.000000,view,96626,1006,auto.accessories,nike,122.53,100204,8e7ff789-3289-4acc-b2ce-2464fc691133
2024-02-28T09:00:00.000000,view,95430,1004,computers.notebook,apple,2243.57,100646,22f89a53-b086-4f25-8b3c-85e76015b0c7
2024-02-28T09:00:15.000000,view,95430,1004,computers.notebook,apple,2243.57,100646,22f89a53-b086-4f25-8b3c-85e76015b0c7
2024-02-28T09:00:33.000000,cart,96626,1006,auto.accessories,nike,122.53,100204,8e7ff789-3289-4acc-b2ce-2464fc691133
2024-02-28T09:00:47.000000,cart,95430,1004,computers.notebook,apple,2243.57,100646,22f89a53-b086-4f25-8b3c-85e76015b0c7
2024-02-28T09:05:28.000000,view,80343,1001,electronics.smartphone,asus,242.57,100427,27758e88-a34c-4216-9523-db4aea4d8432
2024-02-28T10:00:00.000000,view,63461,1003,appliances.kitchen.refrigerators,xiaomi,1593.85,100785,d5c1a779-4476-4a9d-9069-5f84a211d50b
2024-02-28T10:02:49.000000,view,63461,1003,appliances.kitchen.refrigerators,xiaomi,1593.85,100785,d5c1a779-4476-4a9d-9069-5f84a211d50b
2024-02-28T10:05:39.000000,view,63461,1003,appliances.kitchen.refrigerators,xiaomi,1593.85,100785,d5c1a779-4476-4a9d-9069-5f84a211d50b
2024-02-28T10:08:19.000000,cart,63461,1003,appliances.kitchen.refrigerators,xiaomi,1593.85,100785,d5c1a779-4476-4a9d-9069-5f84a211d50b
2024-02-28T10:18:54.000000,view,83147,1003,appliances.kitchen.refrigerators,lg,578.12,100647,f654ed1a-8cf4-4bd3-8ee3-b40c03067be3
2024-02-28T10:19:36.000000,view,83147,1003,appliances.kitchen.refrigerators,lg,578.12,100647,f654ed1a-8cf4-4bd3-8ee3-b40c03067be3
2024-02-28T12:00:00.000000,view,67039,1003,appliances.kitchen.refrigerators,samsung,798.92,100247,3e41e2af-9f48-49ff-86e6-7e4b58394d29
2024-02-28T12:00:00.000000,view,94480,1006,auto.accessories,nike,82.24,100678,7433234d-c2d3-49e0-872d-f02f41694beb
2024-02-28T12:01:23.000000,view,67039,1003,appliances.kitchen.refrigerators,samsung,798.92,100247,3e41e2af-9f48-49ff-86e6-7e4b58394d29
2024-02-28T12:01:45.000000,view,67039,1003,appliances.kitchen.refrigerators,samsung,798.92,100247,3e41e2af-9f48-49ff-86e6-7e4b58394d29
2024-02-28T12:02:17.000000,cart,94480,1006,auto.accessories,nike,82.24,100678,7433234d-c2d3-49e0-872d-f02f41694beb
2024-02-28T12:02:32.000000,cart,67039,1003,appliances.kitchen.refrigerators,samsung,798.92,100247,3e41e2af-9f48-49ff-86e6-7e4b58394d29
2024-02-28T14:00:00.000000,view,57965,1003,appliances.kitchen.refrigerators,apple,2209.37,100438,c8d13133-e11b-4092-b412-e8523478a45e
2024-02-28T14:01:43.000000,view,57965,1003,appliances.kitchen.refrigerators,apple,2209.37,100438,c8d13133-e11b-4092-b412-e8523478a45e
2024-02-28T14:02:05.000000,view,57965,1003,appliances.kitchen.refrigerators,apple,2209.37,100438,c8d13133-e11b-4092-b412-e8523478a45e
2024-02-28T14:04:48.000000,view,57965,1003,appliances.kitchen.refrigerators,apple,2209.37,100438,c8d13133-e11b-4092-b412-e8523478a45e
2024-02-28T14:06:32.000000,cart,57965,1003,appliances.kitchen.refrigerators,apple,2209.37,100438,c8d13133-e11b-4092-b412-e8523478a45e
2024-02-28T15:00:00.000000,view,98019,1001,electronics.smartphone,bosch,247.8,100110,2f568cf5-cbe7-4ecc-9ea4-c3253dbd7243
2024-02-28T15:02:52.000000,view,98019,1001,electronics.smartphone,bosch,247.8,100110,2f568cf5-cbe7-4ecc-9ea4-c3253dbd7243
2024-02-28T15:05:52.000000,view,98019,1001,electronics.smartphone,bosch,247.8,100110,2f568cf5-cbe7-4ecc-9ea4-c3253dbd7243
2024-02-28T15:07:33.000000,view,98019,1001,electronics.smartphone,bosch,247.8,100110,2f568cf5-cbe7-4ecc-9ea4-c3253dbd7243
2024-02-28T15:27:07.000000,view,90349,1005,apparel.shoes,xiaomi,118.94,100976,25a4170c-1957-44c1-8757-208937bbd0bd
2024-02-28T15:28:22.000000,view,90349,1005,apparel.shoes,xiaomi,118.94,100976,25a4170c-1957-44c1-8757-208937bbd0bd
2024-02-28T16:00:00.000000,view,83308,1002,electronics.audio.headphone,asus,230.23,100030,af3d11f0-1309-4f4a-a07a-ed5cfccf12c2
2024-02-28T16:00:27.000000,view,83308,1002,electronics.audio.headphone,asus,230.23,100030,af3d11f0-1309-4f4a-a07a-ed5cfccf12c2
2024-02-28T16:25:51.000000,view,98421,1001,electronics.smartphone,xiaomi,841.58,100915,688e0b9e-f7eb-4b50-b19d-3a16ab7b89df
2024-02-28T16:28:01.000000,view,98421,1001,electronics.smartphone,xiaomi,841.58,100915,688e0b9e-f7eb-4b50-b19d-3a16ab7b89df
2024-02-28T16:28:35.000000,view,98421,1001,electronics.smartphone,xiaomi,841.58,100915,688e0b9e-f7eb-4b50-b19d-3a16ab7b89df
2024-02-28T16:31:23.000000,view,98421,1001,electronics.smartphone,xiaomi,841.58,100915,688e0b9e-f7eb-4b50-b19d-3a16ab7b89df
2024-02-28T18:00:00.000000,view,51339,1005,apparel.shoes,lg,86.41,100809,643df8e9-8211-463a-855b-3ac9082e1461
2024-02-28T18:01:43.000000,view,51339,1005,apparel.shoes,lg,86.41,100809,643df8e9-8211-463a-855b-3ac9082e1461
2024-02-28T19:06:24.000000,view,61097,1006,auto.accessories,apple,121.48,100427,cad1df9b-f6fc-48b9-a6c8-b023c66d912d
2024-02-28T19:09:17.000000,view,61097,1006,auto.accessories,apple,121.48,100427,cad1df9b-f6fc-48b9-a6c8-b023c66d912d
2024-02-28T20:21:19.000000,view,53262,1001,electronics.smartphone,nike,216.54,100647,22a2e2d5-309f-4fa6-99ef-a0ddf74e2b5d
2024-02-28T20:22:25.000000,view,53262,1001,electronics.smartphone,nike,216.54,100647,22a2e2d5-309f-4fa6-99ef-a0ddf74e2b5d
2024-02-28T20:24:02.000000,view,53262,1001,electronics.smartphone,nike,216.54,100647,22a2e2d5-309f-4fa6-99ef-a0ddf74e2b5d
2024-02-28T20:25:56.000000,view,53262,1001,electronics.smartphone,nike,216.54,100647,22a2e2d5-309f-4fa6-99ef-a0ddf74e2b5d
2024-02-29T00:04:57.000000,view,92182,1005,apparel.shoes,asus,52.51,100312,8bbefe61-a55e-4be0-a089-6b5e52b14128
2024-02-29T00:06:05.000000,view,92182,1005,apparel.shoes,asus,52.51,100312,8bbefe61-a55e-4be0-a089-6b5e52b14128
2024-02-29T00:06:40.000000,view,92182,1005,apparel.shoes,asus,52.51,100312,8bbefe61-a55e-4be0-a089-6b5e52b14128
2024-02-29T00:07:20.000000,cart,92182,1005,apparel.shoes,asus,52.51,100312,8bbefe61-a55e-4be0-a089-6b5e52b14128
2024-02-29T00:11:24.000000,view,56329,1005,apparel.shoes,nike,192.25,100519,19c6f2f3-527d-412d-bc37-1adb2da7274d
2024-02-29T00:11:40.000000,view,56329,1005,apparel.shoes,nike,192.25,100519,19c6f2f3-527d-412d-bc37-1adb2da7274d
2024-02-29T00:11:54.000000,cart,56329,1005,apparel.shoes,nike,192.25,100519,19c6f2f3-527d-412d-bc37-1adb2da7274d
2024-02-29T00:12:24.000000,purchase,56329,1005,apparel.shoes,nike,192.25,100519,19c6f2f3-527d-412d-bc37-1adb2da7274d
2024-02-29T09:00:00.000000,view,96544,1006,auto.accessories,nike,118.48,100218,cd60c1af-2ad7-4462-9c62-18df985c7c45
2024-02-29T09:01:09.000000,view,96544,1006,auto.accessories,nike,118.48,100218,cd60c1af-2ad7-4462-9c62-18df985c7c45
2024-02-29T09:02:16.000000,view,96544,1006,auto.accessories,nike,118.48,100218,cd60c1af-2ad7-4462-9c62-18df985c7c45
2024-02-29T09:03:02.000000,view,96544,1006,auto.accessories,nike,118.48,100218,cd60c1af-2ad7-4462-9c62-18df985c7c45
2024-02-29T09:05:49.000000,cart,96544,1006,auto.accessories,nike,118.48,100218,cd60c1af-2ad7-4462-9c62-18df985c7c45
2024-02-29T09:06:50.000000,purchase,96544,1006,auto.accessories,nike,118.48,100218,cd60c1af-2ad7-4462-9c62-18df985c7c45
2024-02-29T10:00:00.000000,view,95216,1005,apparel.shoes,apple,122.72,100203,a9019f72-2d60-4118-a580-8fc89e95a9b7
2024-02-29T10:00:00.000000,view,75583,1006,auto.accessories,nike,144.57,100281,a01d17fc-2795-4e69-b50d-ed25b3b4bc7f
2024-02-29T10:00:00.000000,view,96274,1004,computers.notebook,nike,1225.28,100804,0aebe325-d9b9-4b68-8dbc-dbad7397f791
2024-02-29T10:02:08.000000,view,95216,1005,apparel.shoes,apple,122.72,100203,a9019f72-2d60-4118-a580-8fc89e95a9b7
2024-02-29T10:02:10.000000,view,75583,1006,auto.accessories,nike,144.57,100281,a01d17fc-2795-4e69-b50d-ed25b3b4bc7f
2024-02-29T10:03:01.000000,view,75583,1006,auto.accessories,nike,144.57,100281,a01d17fc-2795-4e69-b50d-ed25b3b4bc7f
2024-02-29T10:05:50.000000,cart,75583,1006,auto.accessories,nike,144.57,100281,a01d17fc-2795-4e69-b50d-ed25b3b4bc7f
2024-02-29T11:04:28.000000,view,91804,1004,computers.notebook,xiaomi,2529.57,100456,ce231c50-f45c-4869-8adf-f0dec2d35777
2024-02-29T11:05:27.000000,view,91804,1004,computers.notebook,xiaomi,2529.57,100456,ce231c50-f45c-4869-8adf-f0dec2d35777
2024-02-29T11:26:59.000000,view,54998,1001,electronics.smartphone,nike,258.35,100559,74570bff-43ec-4b92-b843-38d9fa90c4ff
2024-02-29T11:28:08.000000,view,54998,1001,electronics.smartphone,nike,258.35,100559,74570bff-43ec-4b92-b843-38d9fa90c4ff
2024-02-29T13:00:00.000000,view,70187,1004,computers.notebook,samsung,3363.24,100221,cdd5d0bf-9814-455d-947e-59e0f28cc55b
2024-02-29T13:00:00.000000,view,85088,1002,electronics.audio.headphone,xiaomi,264.85,100741,8342673e-8b33-443b-aa6b-a82064207754
2024-02-29T13:01:54.000000,view,85088,1002,electronics.audio.headphone,xiaomi,264.85,100741,8342673e-8b33-443b-aa6b-a82064207754
2024-02-29T13:02:43.000000,cart,70187,1004,computers.notebook,samsung,3363.24,100221,cdd5d0bf-9814-455d-947e-59e0f28cc55b
2024-02-29T13:03:11.000000,view,85088,1002,electronics.audio.headphone,xiaomi,264.85,100741,8342673e-8b33-443b-aa6b-a82064207754
2024-02-29T13:20:35.000000,view,53128,1003,appliances.kitchen.refrigerators,apple,1964.43,100284,577ad5d3-ec37-48d2-88f8-05bad8072a46
2024-02-29T13:22:39.000000,cart,53128,1003,appliances.kitchen.refrigerators,apple,1964.43,100284,577ad5d3-ec37-48d2-88f8-05bad8072a46
2024-02-29T13:24:28.000000,purchase,53128,1003,appliances.kitchen.refrigerators,apple,1964.43,100284,577ad5d3-ec37-48d2-88f8-05bad8072a46
2024-02-29T14:00:00.000000,view,59739,1004,computers.notebook,xiaomi,3450.98,100276,b15e8b28-6fe5-46a3-9f60-a937ee588a7f
2024-02-29T14:00:00.000000,view,62740,1004,computers.notebook,bosch,1629.69,100321,119dc2df-0ce6-444f-8a59-1713c760ad7b
2024-02-29T14:00:00.000000,view,98572,1006,auto.accessories,nike,68.43,100371,f9aaa4a4-3e76-4be5-8c3a-246d72e53e93
2024-02-29T14:01:07.000000,view,98572,1006,auto.accessories,nike,68.43,100371,f9aaa4a4-3e76-4be5-8c3a-246d72e53e93
2024-02-29T14:01:13.000000,view,59739,1004,computers.notebook,xiaomi,3450.98,100276,b15e8b28-6fe5-46a3-9f60-a937ee588a7f
2024-02-29T14:01:14.000000,cart,62740,1004,computers.notebook,bosch,1629.69,100321,119dc2df-0ce6-444f-8a59-1713c760ad7b
2024-02-29T14:01:46.000000,purchase,62740,1004,computers.notebook,bosch,1629.69,100321,119dc2df-0ce6-444f-8a59-1713c760ad7b
2024-02-29T14:03:26.000000,view,98572,1006,auto.accessories,nike,68.43,100371,f9aaa4a4-3e76-4be5-8c3a-246d72e53e93
2024-02-29T14:03:36.000000,view,59739,1004,computers.notebook,xiaomi,3450.98,100276,b15e8b28-6fe5-46a3-9f60-a937ee588a7f
2024-02-29T14:04:48.000000,cart,98572,1006,auto.accessories,nike,68.43,100371,f9aaa4a4-3e76-4be5-8c3a-246d72e53e93
2024-02-29T14:05:35.000000,cart,59739,1004,computers.notebook,xiaomi,3450.98,100276,b15e8b28-6fe5-46a3-9f60-a937ee588a7f
2024-02-29T14:06:27.000000,purchase,98572,1006,auto.accessories,nike,68.43,100371,f9aaa4a4-3e76-4be5-8c3a-246d72e53e93
2024-02-29T15:00:00.000000,view,68414,1003,appliances.kitchen.refrigerators,lg,1180.51,100799,aa7500c9-fda3-4b76-9ec7-ae03782b5ee7
2024-02-29T15:00:00.000000,view,73724,1004,computers.notebook,asus,1877.49,100801,c93acebc-34bc-41f9-9331-187c3f0ad04d
2024-02-29T15:00:00.000000,view,77642,1005,apparel.shoes,apple,145.82,101000,8a52b090-a574-46ba-a257-e8c556191add
2024-02-29T15:00:18.000000,view,73724,1004,computers.notebook,asus,1877.49,100801,c93acebc-34bc-41f9-9331-187c3f0ad04d
2024-02-29T15:00:24.000000,view,68414,1003,appliances.kitchen.refrigerators,lg,1180.51,100799,aa7500c9-fda3-4b76-9ec7-ae03782b5ee7
2024-02-29T15:02:01.000000,view,77642,1005,apparel.shoes,apple,145.82,101000,8a52b090-a574-46ba-a257-e8c556191add
2024-02-29T15:02:16.000000,view,73724,1004,computers.notebook,asus,1877.49,100801,c93acebc-34bc-41f9-9331-187c3f0ad04d
2024-02-29T15:02:35.000000,view,68414,1003,appliances.kitchen.refrigerators,lg,1180.51,100799,aa7500c9-fda3-4b76-9ec7-ae03782b5ee7
2024-02-29T15:02:38.000000,view,77642,1005,apparel.shoes,apple,145.82,101000,8a52b090-a574-46ba-a257-e8c556191add
2024-02-29T15:03:19.000000,view,73724,1004,computers.notebook,asus,1877.49,100801,c93acebc-34bc-41f9-9331-187c3f0ad04d
2024-02-29T15:04:36.000000,view,68414,1003,appliances.kitchen.refrigerators,lg,1180.51,100799,aa7500c9-fda3-4b76-9ec7-ae03782b5ee7
2024-02-29T15:05:07.000000,view,77642,1005,apparel.shoes,apple,145.82,101000,8a52b090-a574-46ba-a257-e8c556191add
2024-02-29T15:05:19.000000,cart,68414,1003,appliances.kitchen.refrigerators,lg,1180.51,100799,aa7500c9-fda3-4b76-9ec7-ae03782b5ee7
2024-02-29T16:00:00.000000,view,73569,1003,appliances.kitchen.refrigerators,xiaomi,1428.2,100091,382c9c4a-f726-49cf-8dd7-f2688abbe22c
2024-02-29T16:02:09.000000,view,73569,1003,appliances.kitchen.refrigerators,xiaomi,1428.2,100091,382c9c4a-f726-49cf-8dd7-f2688abbe22c
2024-02-29T16:02:44.000000,view,73569,1003,appliances.kitchen.refrigerators,xiaomi,1428.2,100091,382c9c4a-f726-49cf-8dd7-f2688abbe22c
2024-02-29T16:04:33.000000,view,54552,1003,appliances.kitchen.refrigerators,lg,1341.44,100801,bc4cc88c-a10e-4e15-9b9e-921da94f7af2
2024-02-29T16:04:54.000000,view,73569,1003,appliances.kitchen.refrigerators,xiaomi,1428.2,100091,382c9c4a-f726-49cf-8dd7-f2688abbe22c
2024-02-29T16:05:08.000000,view,54552,1003,appliances.kitchen.refrigerators,lg,1341.44,100801,bc4cc88c-a10e-4e15-9b9e-921da94f7af2
2024-02-29T16:07:28.000000,view,54552,1003,appliances.kitchen.refrigerators,lg,1341.44,100801,bc4cc88c-a10e-4e15-9b9e-921da94f7af2
2024-02-29T16:07:58.000000,view,73854,1005,apparel.shoes,nike,182.08,100243,dfd537b0-248c-4027-9286-4c078f661327
2024-02-29T16:09:46.000000,cart,73854,1005,apparel.shoes,nike,182.08,100243,dfd537b0-248c-4027-9286-4c078f661327
2024-02-29T16:11:20.000000,purchase,73854,1005,apparel.shoes,nike,182.08,100243,dfd537b0-248c-4027-9286-4c078f661327
2024-02-29T17:34:21.000000,view,99858,1006,auto.accessories,apple,62.55,100144,c478698b-f386-47d6-9351-24e5dcdac189
2024-02-29T17:37:00.000000,view,99858,1006,auto.accessories,apple,62.55,100144,c478698b-f386-47d6-9351-24e5dcdac189
2024-02-29T17:39:36.000000,view,99858,1006,auto.accessories,apple,62.55,100144,c478698b-f386-47d6-9351-24e5dcdac189
2024-02-29T17:42:36.000000,view,99858,1006,auto.accessories,apple,62.55,100144,c478698b-f386-47d6-9351-24e5dcdac189
2024-02-29T18:00:00.000000,view,58313,1004,computers.notebook,asus,1560.52,100794,a5b6cdca-fa2e-4f4d-a8aa-6ff3f14ac938
2024-02-29T18:00:43.000000,view,58313,1004,computers.notebook,asus,1560.52,100794,a5b6cdca-fa2e-4f4d-a8aa-6ff3f14ac938
2024-02-29T18:01:32.000000,view,58313,1004,computers.notebook,asus,1560.52,100794,a5b6cdca-fa2e-4f4d-a8aa-6ff3f14ac938
2024-02-29T19:00:00.000000,view,89707,1003,appliances.kitchen.refrigerators,samsung,1635.94,100022,39ca0699-4139-433e-8225-873b8a7e2bee
2024-02-29T19:00:00.000000,view,59160,1004,computers.notebook,apple,540.58,100037,cbaa5c38-f642-4b16-8fb7-392789c297e2
2024-02-29T20:00:00.000000,view,98724,1003,appliances.kitchen.refrigerators,asus,2364.14,100184,ecf5e491-f3c0-4720-a8a1-a2caeb601c90
2024-02-29T20:00:00.000000,view,89735,1001,electronics.smartphone,lg,703.47,100913,9895ca64-11e3-46c7-83e5-f5d6193154af
2024-02-29T20:01:44.000000,view,98724,1003,appliances.kitchen.refrigerators,asus,2364.14,100184,ecf5e491-f3c0-4720-a8a1-a2caeb601c90
2024-02-29T20:02:08.000000,view,98724,1003,appliances.kitchen.refrigerators,asus,2364.14,100184,ecf5e491-f3c0-4720-a8a1-a2caeb601c90
2024-02-29T20:02:13.000000,view,89735,1001,electronics.smartphone,lg,703.47,100913,9895ca64-11e3-46c7-83e5-f5d6193154af
2024-02-29T20:02:31.000000,view,86639,1005,apparel.shoes,asus,172.97,100646,2056fc58-d0cb-4a4d-886e-84bfad9e1db3
2024-02-29T20:04:18.000000,view,86639,1005,apparel.shoes,asus,172.97,100646,2056fc58-d0cb-4a4d-886e-84bfad9e1db3
2024-02-29T20:04:31.000000,cart,86639,1005,apparel.shoes,asus,172.97,100646,2056fc58-d0cb-4a4d-886e-84bfad9e1db3
2024-02-29T20:04:55.000000,view,98724,1003,appliances.kitchen.refrigerators,asus,2364.14,100184,ecf5e491-f3c0-4720-a8a1-a2caeb601c90
2024-02-29T20:15:49.000000,view,72371,1005,apparel.shoes,apple,97.96,100776,65c6017e-9ab3-4e77-af9c-e847fe3c7315
2024-02-29T20:17:35.000000,view,72371,1005,apparel.shoes,apple,97.96,100776,65c6017e-9ab3-4e77-af9c-e847fe3c7315
2024-02-29T20:20:28.000000,cart,72371,1005,apparel.shoes,apple,97.96,100776,65c6017e-9ab3-4e77-af9c-e847fe3c7315
2024-02-29T21:02:22.000000,view,96072,1001,electronics.smartphone,lg,713.91,100965,b5543f1e-0e28-4679-a5bf-d54e36431da4
2024-02-29T21:03:56.000000,view,96072,1001,electronics.smartphone,lg,713.91,100965,b5543f1e-0e28-4679-a5bf-d54e36431da4
2024-02-29T21:06:00.000000,cart,96072,1001,electronics.smartphone,lg,713.91,100965,b5543f1e-0e28-4679-a5bf-d54e36431da4
2024-02-29T22:11:51.000000,view,63192,1004,computers.notebook,bosch,1595.54,100689,0943fc85-287f-442a-a66b-77753f9f6f35
2024-02-29T22:13:50.000000,view,63192,1004,computers.notebook,bosch,1595.54,100689,0943fc85-287f-442a-a66b-77753f9f6f35
2024-02-29T22:14:08.000000,view,63192,1004,computers.notebook,bosch,1595.54,100689,0943fc85-287f-442a-a66b-77753f9f6f35
2024-02-29T23:06:43.000000,view,83692,1004,computers.notebook,xiaomi,1015.74,100927,fc733136-47ad-4612-ad99-7e6d5ff0c68a
2024-02-29T23:09:02.000000,view,83692,1004,computers.notebook,xiaomi,1015.74,100927,fc733136-47ad-4612-ad99-7e6d5ff0c68a
2024-02-29T23:10:02.000000,view,83692,1004,computers.notebook,xiaomi,1015.74,100927,fc733136-47ad-4612-ad99-7e6d5ff0c68a
2024-03-01T00:03:38.000000,view,96261,1001,electronics.smartphone,samsung,410.38,100809,b3d390c3-a0a2-46b5-b43f-49754f5b96d6
2024-03-01T00:05:36.000000,view,96261,1001,electronics.smartphone,samsung,410.38,100809,b3d390c3-a0a2-46b5-b43f-49754f5b96d6
2024-03-01T00:08:17.000000,view,96261,1001,electronics.smartphone,samsung,410.38,100809,b3d390c3-a0a2-46b5-b43f-49754f5b96d6
2024-03-01T00:10:37.000000,cart,96261,1001,electronics.smartphone,samsung,410.38,100809,b3d390c3-a0a2-46b5-b43f-49754f5b96d6
2024-03-01T00:10:55.000000,purchase,96261,1001,electronics.smartphone,samsung,410.38,100809,b3d390c3-a0a2-46b5-b43f-49754f5b96d6
2024-03-01T00:27:16.000000,view,80802,1002,electronics.audio.headphone,xiaomi,297.77,100647,5f7df01c-9fa0-4906-958f-8daf64618089
2024-03-01T00:29:49.000000,view,80802,1002,electronics.audio.headphone,xiaomi,297.77,100647,5f7df01c-9fa0-4906-958f-8daf64618089
2024-03-01T00:32:35.000000,cart,80802,1002,electronics.audio.headphone,xiaomi,297.77,100647,5f7df01c-9fa0-4906-958f-8daf64618089
2024-03-01T02:14:18.000000,view,93212,1005,apparel.shoes,nike,72.41,100420,2ac6c0b1-5b82-4b3d-b71d-0af1b1c89070
2024-03-01T02:14:54.000000,view,93212,1005,apparel.shoes,nike,72.41,100420,2ac6c0b1-5b82-4b3d-b71d-0af1b1c89070
2024-03-01T02:15:59.000000,cart,93212,1005,apparel.shoes,nike,72.41,100420,2ac6c0b1-5b82-4b3d-b71d-0af1b1c89070
2024-03-01T02:22:40.000000,view,81906,1004,computers.notebook,asus,2473.68,100969,2767901e-d9b0-4680-9c98-caaecf6b65b1
2024-03-01T02:24:48.000000,view,81906,1004,computers.notebook,asus,2473.68,100969,2767901e-d9b0-4680-9c98-caaecf6b65b1
2024-03-01T02:27:27.000000,view,81906,1004,computers.notebook,asus,2473.68,100969,2767901e-d9b0-4680-9c98-caaecf6b65b1
2024-03-01T02:29:22.000000,cart,81906,1004,computers.notebook,asus,2473.68,100969,2767901e-d9b0-4680-9c98-caaecf6b65b1
2024-03-01T05:02:49.000000,view,83905,1004,computers.notebook,lg,3431.07,100913,55edf479-ee1d-4457-9d02-724fef0a2fa8
2024-03-01T05:15:23.000000,view,70626,1002,electronics.audio.headphone,xiaomi,217.23,100689,ca6f9934-99b2-40b7-82a3-370a8563fc6f
2024-03-01T05:16:23.000000,view,70626,1002,electronics.audio.headphone,xiaomi,217.23,100689,ca6f9934-99b2-40b7-82a3-370a8563fc6f
2024-03-01T05:16:42.000000,view,70626,1002,electronics.audio.headphone,xiaomi,217.23,100689,ca6f9934-99b2-40b7-82a3-370a8563fc6f
2024-03-01T05:19:22.000000,view,70626,1002,electronics.audio.headphone,xiaomi,217.23,100689,ca6f9934-99b2-40b7-82a3-370a8563fc6f
2024-03-01T05:30:02.000000,view,76093,1006,auto.accessories,nike,39.53,100628,09d71a32-082e-453b-a768-73f1dfbedbd8
2024-03-01T07:28:11.000000,view,99737,1003,appliances.kitchen.refrigerators,apple,1746.07,100117,3c381bdc-888b-4874-9f3a-b9b7f7b91f6b
2024-03-01T07:28:47.000000,view,99737,1003,appliances.kitchen.refrigerators,apple,1746.07,100117,3c381bdc-888b-4874-9f3a-b9b7f7b91f6b
2024-03-01T07:29:49.000000,view,99737,1003,appliances.kitchen.refrigerators,apple,1746.07,100117,3c381bdc-888b-4874-9f3a-b9b7f7b91f6b
2024-03-01T08:00:00.000000,view,89459,1002,electronics.audio.headphone,lg,260.41,100573,524c3a13-1820-4053-a03c-abd3cccd8cc5
2024-03-01T08:02:48.000000,view,89459,1002,electronics.audio.headphone,lg,260.41,100573,524c3a13-1820-4053-a03c-abd3cccd8cc5
2024-03-01T08:04:28.000000,view,89459,1002,electronics.audio.headphone,lg,260.41,100573,524c3a13-1820-4053-a03c-abd3cccd8cc5
2024-03-01T08:04:42.000000,view,89459,1002,electronics.audio.headphone,lg,260.41,100573,524c3a13-1820-4053-a03c-abd3cccd8cc5
2024-03-01T08:06:01.000000,view,78267,1006,auto.accessories,apple,142.23,100127,f4c63458-32bd-4967-b73d-470aac809c03
2024-03-01T08:08:46.000000,view,78267,1006,auto.accessories,apple,142.23,100127,f4c63458-32bd-4967-b73d-470aac809c03
2024-03-01T08:10:47.000000,cart,78267,1006,auto.accessories,apple,142.23,100127,f4c63458-32bd-4967-b73d-470aac809c03
2024-03-01T08:11:14.000000,purchase,78267,1006,auto.accessories,apple,142.23,100127,f4c63458-32bd-4967-b73d-470aac809c03
2024-03-01T09:00:00.000000,view,78475,1006,auto.accessories,asus,62.23,100916,a4b21222-4590-415c-8b99-05627e7db2c9
2024-03-01T09:01:53.000000,view,78475,1006,auto.accessories,asus,62.23,100916,a4b21222-4590-415c-8b99-05627e7db2c9
2024-03-01T09:03:59.000000,view,78475,1006,auto.accessories,asus,62.23,100916,a4b21222-4590-415c-8b99-05627e7db2c9
2024-03-01T09:05:53.000000,view,78475,1006,auto.accessories,asus,62.23,100916,a4b21222-4590-415c-8b99-05627e7db2c9
2024-03-01T09:07:18.000000,cart,78475,1006,auto.accessories,asus,62.23,100916,a4b21222-4590-415c-8b99-05627e7db2c9
2024-03-01T10:00:00.000000,view,62997,1006,auto.accessories,samsung,74.79,100609,aae25144-c3ba-46ae-a8f9-dfd5c627e655
2024-03-01T10:00:00.000000,view,89041,1002,electronics.audio.headphone,nike,266.76,100772,82b60162-4001-45ca-864c-192ae491e78e
2024-03-01T10:01:14.000000,view,89041,1002,electronics.audio.headphone,nike,266.76,100772,82b60162-4001-45ca-864c-192ae491e78e
2024-03-01T10:02:34.000000,view,62997,1006,auto.accessories,samsung,74.79,100609,aae25144-c3ba-46ae-a8f9-dfd5c627e655
2024-03-01T10:03:27.000000,view,89041,1002,electronics.audio.headphone,nike,266.76,100772,82b60162-4001-45ca-864c-192ae491e78e
2024-03-01T10:05:42.000000,view,89041,1002,electronics.audio.headphone,nike,266.76,100772,82b60162-4001-45ca-864c-192ae491e78e
2024-03-01T11:00:00.000000,view,58183,1003,appliances.kitchen.refrigerators,bosch,1490.77,100471,beb1f847-edae-41cc-aeac-bd6fd57e409f
2024-03-01T11:00:00.000000,view,91504,1006,auto.accessories,samsung,145.94,100729,96f3e8d7-00d8-48c4-a3e6-b60a1baf0395
2024-03-01T11:00:49.000000,view,58183,1003,appliances.kitchen.refrigerators,bosch,1490.77,100471,beb1f847-edae-41cc-aeac-bd6fd57e409f
2024-03-01T11:00:50.000000,view,91504,1006,auto.accessories,samsung,145.94,100729,96f3e8d7-00d8-48c4-a3e6-b60a1baf0395
2024-03-01T11:01:17.000000,view,58183,1003,appliances.kitchen.refrigerators,bosch,1490.77,100471,beb1f847-edae-41cc-aeac-bd6fd57e409f
2024-03-01T11:02:48.000000,view,91504,1006,auto.accessories,samsung,145.94,100729,96f3e8d7-00d8-48c4-a3e6-b60a1baf0395
2024-03-01T11:02:54.000000,view,58183,1003,appliances.kitchen.refrigerators,bosch,1490.77,100471,beb1f847-edae-41cc-aeac-bd6fd57e409f
2024-03-01T11:04:07.000000,view,91504,1006,auto.accessories,samsung,145.94,100729,96f3e8d7-00d8-48c4-a3e6-b60a1baf0395
2024-03-01T11:17:57.000000,view,58194,1002,electronics.audio.headphone,bosch,276.45,100933,af823ac6-70c0-4452-88b9-451c1ec97e3f
2024-03-01T11:19:59.000000,view,58194,1002,electronics.audio.headphone,bosch,276.45,100933,af823ac6-70c0-4452-88b9-451c1ec97e3f
2024-03-01T11:21:07.000000,view,58194,1002,electronics.audio.headphone,bosch,276.45,100933,af823ac6-70c0-4452-88b9-451c1ec97e3f
2024-03-01T11:21:42.000000,view,58194,1002,electronics.audio.headphone,bosch,276.45,100933,af823ac6-70c0-4452-88b9-451c1ec97e3f
2024-03-01T12:00:00.000000,view,58777,1001,electronics.smartphone,lg,1076.58,100072,dd381374-0c70-4fe8-a56c-03864865a2c0
2024-03-01T12:00:00.000000,view,62113,1001,electronics.smartphone,lg,414.88,100355,ffce0436-16b3-427a-b8a0-fe5747440956
2024-03-01T12:01:43.000000,view,62113,1001,electronics.smartphone,lg,414.88,100355,ffce0436-16b3-427a-b8a0-fe5747440956
2024-03-01T12:01:53.000000,view,58777,1001,electronics.smartphone,lg,1076.58,100072,dd381374-0c70-4fe8-a56c-03864865a2c0
2024-03-01T12:03:18.000000,view,62113,1001,electronics.smartphone,lg,414.88,100355,ffce0436-16b3-427a-b8a0-fe5747440956
2024-03-01T12:03:36.000000,view,58777,1001,electronics.smartphone,lg,1076.58,100072,dd381374-0c70-4fe8-a56c-03864865a2c0
2024-03-01T12:04:45.000000,view,62113,1001,electronics.smartphone,lg,414.88,100355,ffce0436-16b3-427a-b8a0-fe5747440956
2024-03-01T12:05:23.000000,cart,62113,1001,electronics.smartphone,lg,414.88,100355,ffce0436-16b3-427a-b8a0-fe5747440956
2024-03-01T12:15:14.000000,view,85981,1003,appliances.kitchen.refrigerators,asus,966.77,100975,267227f7-ac42-44de-9388-bd6200425cf0
2024-03-01T12:16:45.000000,view,85981,1003,appliances.kitchen.refrigerators,asus,966.77,100975,267227f7-ac42-44de-9388-bd6200425cf0
2024-03-01T12:18:51.000000,view,85981,1003,appliances.kitchen.refrigerators,asus,966.77,100975,267227f7-ac42-44de-9388-bd6200425cf0
2024-03-01T13:00:00.000000,view,51407,1006,auto.accessories,nike,54.35,100246,d18acbef-3a4a-40cb-844c-ba0ab4dd5073
2024-03-01T13:00:00.000000,view,84779,1005,apparel.shoes,xiaomi,52.51,100422,7e0b1eb1-6808-49be-a3a8-37a91a43358f
2024-03-01T13:00:52.000000,view,84779,1005,apparel.shoes,xiaomi,52.51,100422,7e0b1eb1-6808-49be-a3a8-37a91a43358f
2024-03-01T13:21:27.000000,view,51103,1006,auto.accessories,bosch,78.49,100554,d9e276ce-9f6d-4a5b-85de-d0a3103f0e83
2024-03-01T13:22:20.000000,view,51103,1006,auto.accessories,bosch,78.49,100554,d9e276ce-9f6d-4a5b-85de-d0a3103f0e83
2024-03-01T13:24:40.000000,cart,51103,1006,auto.accessories,bosch,78.49,100554,d9e276ce-9f6d-4a5b-85de-d0a3103f0e83
2024-03-01T13:25:47.000000,purchase,51103,1006,auto.accessories,bosch,78.49,100554,d9e276ce-9f6d-4a5b-85de-d0a3103f0e83
2024-03-01T14:00:00.000000,view,92260,1004,computers.notebook,bosch,2555.27,100365,a7c6b7cf-89b9-47aa-8bc0-7a7cda6f9bd0
2024-03-01T14:00:00.000000,view,58216,1003,appliances.kitchen.refrigerators,asus,779.35,100781,9c70ab2b-e6df-4fcc-a35c-fb5d880dfe6e
2024-03-01T14:00:38.000000,view,92260,1004,computers.notebook,bosch,2555.27,100365,a7c6b7cf-89b9-47aa-8bc0-7a7cda6f9bd0
2024-03-01T14:01:27.000000,view,92260,1004,computers.notebook,bosch,2555.27,100365,a7c6b7cf-89b9-47aa-8bc0-7a7cda6f9bd0
2024-03-01T14:02:19.000000,view,58216,1003,appliances.kitchen.refrigerators,asus,779.35,100781,9c70ab2b-e6df-4fcc-a35c-fb5d880dfe6e
2024-03-01T14:02:41.000000,view,81036,1002,electronics.audio.headphone,apple,90.55,100300,f686657f-274e-4371-ac0c-76fc1683a86a
2024-03-01T14:03:04.000000,view,81036,1002,electronics.audio.headphone,apple,90.55,100300,f686657f-274e-4371-ac0c-76fc1683a86a
2024-03-01T14:04:30.000000,view,58216,1003,appliances.kitchen.refrigerators,asus,779.35,100781,9c70ab2b-e6df-4fcc-a35c-fb5d880dfe6e
2024-03-01T14:04:39.000000,view,81036,1002,electronics.audio.headphone,apple,90.55,100300,f686657f-274e-4371-ac0c-76fc1683a86a
2024-03-01T14:07:15.000000,view,58216,1003,appliances.kitchen.refrigerators,asus,779.35,100781,9c70ab2b-e6df-4fcc-a35c-fb5d880dfe6e
2024-03-01T14:25:49.000000,view,99222,1003,appliances.kitchen.refrigerators,asus,2366.16,100733,b8fad861-c609-4e7a-a382-cab381e9073f
2024-03-01T14:28:28.000000,view,99222,1003,appliances.kitchen.refrigerators,asus,2366.16,100733,b8fad861-c609-4e7a-a382-cab381e9073f
2024-03-01T14:30:12.000000,view,99222,1003,appliances.kitchen.refrigerators,asus,2366.16,100733,b8fad861-c609-4e7a-a382-cab381e9073f
2024-03-01T14:32:14.000000,view,99222,1003,appliances.kitchen.refrigerators,asus,2366.16,100733,b8fad861-c609-4e7a-a382-cab381e9073f
2024-03-01T15:00:00.000000,view,85949,1005,apparel.shoes,xiaomi,111.18,100176,75896196-5e21-4f5d-b382-0c0ae5b43546
2024-03-01T15:02:41.000000,view,85949,1005,apparel.shoes,xiaomi,111.18,100176,75896196-5e21-4f5d-b382-0c0ae5b43546
2024-03-01T16:04:13.000000,view,80574,1001,electronics.smartphone,nike,597.21,100471,cda2f3e3-d85f-4b2a-b1dd-03217e1e9081
2024-03-01T16:06:05.000000,view,82799,1004,computers.notebook,samsung,771.43,100137,91b971a7-d6ea-4773-bf9b-96de994a3565
2024-03-01T16:06:27.000000,view,80574,1001,electronics.smartphone,nike,597.21,100471,cda2f3e3-d85f-4b2a-b1dd-03217e1e9081
2024-03-01T16:07:51.000000,cart,80574,1001,electronics.smartphone,nike,597.21,100471,cda2f3e3-d85f-4b2a-b1dd-03217e1e9081
2024-03-01T16:08:19.000000,purchase,80574,1001,electronics.smartphone,nike,597.21,100471,cda2f3e3-d85f-4b2a-b1dd-03217e1e9081
2024-03-01T16:08:30.000000,view,82799,1004,computers.notebook,samsung,771.43,100137,91b971a7-d6ea-4773-bf9b-96de994a3565
2024-03-01T16:09:56.000000,view,82799,1004,computers.notebook,samsung,771.43,100137,91b971a7-d6ea-4773-bf9b-96de994a3565
2024-03-01T16:11:51.000000,view,82799,1004,computers.notebook,samsung,771.43,100137,91b971a7-d6ea-4773-bf9b-96de994a3565
2024-03-01T17:01:52.000000,view,50712,1005,apparel.shoes,samsung,103.42,100365,bb9910f5-d424-4d34-bada-6269c736ffe1
2024-03-01T17:03:07.000000,view,97912,1001,electronics.smartphone,apple,1071.05,100924,5785e200-48bc-4652-9ff8-fd084912de60
2024-03-01T17:03:58.000000,view,50712,1005,apparel.shoes,samsung,103.42,100365,bb9910f5-d424-4d34-bada-6269c736ffe1
2024-03-01T17:05:59.000000,view,97912,1001,electronics.smartphone,apple,1071.05,100924,5785e200-48bc-4652-9ff8-fd084912de60
2024-03-01T17:06:12.000000,view,97912,1001,electronics.smartphone,apple,1071.05,100924,5785e200-48bc-4652-9ff8-fd084912de60
2024-03-01T17:06:29.000000,view,50712,1005,apparel.shoes,samsung,103.42,100365,bb9910f5-d424-4d34-bada-6269c736ffe1
2024-03-01T17:07:45.000000,view,50712,1005,apparel.shoes,samsung,103.42,100365,bb9910f5-d424-4d34-bada-6269c736ffe1
2024-03-01T18:00:00.000000,view,94831,1006,auto.accessories,apple,100.55,100225,f6f2177b-8740-40f8-b1d0-3dfd85535df4
2024-03-01T18:02:46.000000,view,94831,1006,auto.accessories,apple,100.55,100225,f6f2177b-8740-40f8-b1d0-3dfd85535df4
2024-03-01T18:03:09.000000,view,94831,1006,auto.accessories,apple,100.55,100225,f6f2177b-8740-40f8-b1d0-3dfd85535df4
2024-03-01T20:06:04.000000,view,84760,1003,appliances.kitchen.refrigerators,xiaomi,1338.13,100456,8f9698a8-f6ab-49e4-97a9-4adce2dd69b8
2024-03-01T20:08:50.000000,view,84760,1003,appliances.kitchen.refrigerators,xiaomi,1338.13,100456,8f9698a8-f6ab-49e4-97a9-4adce2dd69b8
2024-03-01T20:09:53.000000,view,84760,1003,appliances.kitchen.refrigerators,xiaomi,1338.13,100456,8f9698a8-f6ab-49e4-97a9-4adce2dd69b8
2024-03-01T20:11:41.000000,view,66655,1006,auto.accessories,asus,68.3,100548,a436cc94-0949-4971-8995-e1ab7fc328d3
2024-03-01T20:12:14.000000,view,87316,1003,appliances.kitchen.refrigerators,lg,2264.26,100137,c19c2e83-3acd-40cf-bb76-60c66864e93c
2024-03-01T20:13:00.000000,view,87316,1003,appliances.kitchen.refrigerators,lg,2264.26,100137,c19c2e83-3acd-40cf-bb76-60c66864e93c
2024-03-01T20:14:06.000000,cart,66655,1006,auto.accessories,asus,68.3,100548,a436cc94-0949-4971-8995-e1ab7fc328d3
2024-03-01T20:14:30.000000,view,87316,1003,appliances.kitchen.refrigerators,lg,2264.26,100137,c19c2e83-3acd-40cf-bb76-60c66864e93c
2024-03-01T20:15:26.000000,view,87316,1003,appliances.kitchen.refrigerators,lg,2264.26,100137,c19c2e83-3acd-40cf-bb76-60c66864e93c
2024-03-01T22:04:24.000000,view,72216,1004,computers.notebook,nike,1467.21,100782,357750e2-48e9-4ebc-8009-fb52813df76a
2024-03-01T22:04:26.000000,view,62527,1003,appliances.kitchen.refrigerators,samsung,2437.84,100370,354ca893-cd6a-4c7b-a461-8e7ae7655e7e
2024-03-01T22:06:25.000000,view,72216,1004,computers.notebook,nike,1467.21,100782,357750e2-48e9-4ebc-8009-fb52813df76a
2024-03-01T23:06:25.000000,view,64501,1001,electronics.smartphone,asus,928.31,100091,47bee118-6827-40c5-b9cb-e3cb5f1403ec
2024-03-02T00:02:47.000000,view,59075,1006,auto.accessories,xiaomi,24.85,100904,d53c835d-f30c-4fe1-b15d-6902dab39b05
2024-03-02T00:08:05.000000,view,97795,1002,electronics.audio.headphone,bosch,206.31,100496,09b1c6a7-0ac6-4937-8797-675cf6e0db0d
2024-03-02T00:10:13.000000,view,97795,1002,electronics.audio.headphone,bosch,206.31,100496,09b1c6a7-0ac6-4937-8797-675cf6e0db0d
2024-03-02T00:12:43.000000,view,97795,1002,electronics.audio.headphone,bosch,206.31,100496,09b1c6a7-0ac6-4937-8797-675cf6e0db0d
2024-03-02T00:14:37.000000,cart,97795,1002,electronics.audio.headphone,bosch,206.31,100496,09b1c6a7-0ac6-4937-8797-675cf6e0db0d
2024-03-02T00:15:31.000000,purchase,97795,1002,electronics.audio.headphone,bosch,206.31,100496,09b1c6a7-0ac6-4937-8797-675cf6e0db0d
2024-03-02T01:34:22.000000,view,84089,1001,electronics.smartphone,lg,834.55,100647,9141d3b4-7eaa-45c5-aa11-0acdfca6581d
2024-03-02T01:35:13.000000,view,84089,1001,electronics.smartphone,lg,834.55,100647,9141d3b4-7eaa-45c5-aa11-0acdfca6581d
2024-03-02T02:04:46.000000,view,87615,1005,apparel.shoes,lg,157.41,100225,b6d1956d-14fa-487e-8b65-0ff725b7e762
2024-03-02T02:06:26.000000,view,87615,1005,apparel.shoes,lg,157.41,100225,b6d1956d-14fa-487e-8b65-0ff725b7e762
2024-03-02T02:07:51.000000,view,87615,1005,apparel.shoes,lg,157.41,100225,b6d1956d-14fa-487e-8b65-0ff725b7e762
2024-03-02T02:09:15.000000,view,87615,1005,apparel.shoes,lg,157.41,100225,b6d1956d-14fa-487e-8b65-0ff725b7e762
2024-03-02T02:10:07.000000,cart,87615,1005,apparel.shoes,lg,157.41,100225,b6d1956d-14fa-487e-8b65-0ff725b7e762
2024-03-02T03:06:05.000000,view,93141,1001,electronics.smartphone,xiaomi,692.3,100558,fe7b6c36-9d43-4196-a090-18ea31745716
2024-03-02T03:06:10.000000,view,58175,1005,apparel.shoes,bosch,151.89,100370,7b0c3b07-b3a2-416a-ab4e-f054ab24792f
2024-03-02T03:07:58.000000,view,93141,1001,electronics.smartphone,xiaomi,692.3,100558,fe7b6c36-9d43-4196-a090-18ea31745716
2024-03-02T03:08:05.000000,view,58175,1005,apparel.shoes,bosch,151.89,100370,7b0c3b07-b3a2-416a-ab4e-f054ab24792f
2024-03-02T03:08:13.000000,view,93141,1001,electronics.smartphone,xiaomi,692.3,100558,fe7b6c36-9d43-4196-a090-18ea31745716
2024-03-02T03:10:00.000000,view,58175,1005,apparel.shoes,bosch,151.89,100370,7b0c3b07-b3a2-416a-ab4e-f054ab24792f
2024-03-02T03:11:40.000000,view,58175,1005,apparel.shoes,bosch,151.89,100370,7b0c3b07-b3a2-416a-ab4e-f054ab24792f
2024-03-02T03:20:29.000000,view,71180,1001,electronics.smartphone,asus,424.69,100413,b382b78d-95f2-4451-84ba-627e93a2172c
2024-03-02T03:22:24.000000,view,71180,1001,electronics.smartphone,asus,424.69,100413,b382b78d-95f2-4451-84ba-627e93a2172c
2024-03-02T03:24:14.000000,view,71180,1001,electronics.smartphone,asus,424.69,100413,b382b78d-95f2-4451-84ba-627e93a2172c
2024-03-02T04:11:41.000000,view,76512,1001,electronics.smartphone,bosch,644.55,100809,910ce9bb-4e25-4180-b52d-4daf146746de
2024-03-02T04:21:14.000000,view,96851,1005,apparel.shoes,apple,130.07,100623,1fb5445d-fa8c-4c8d-842e-9109b807bb73
2024-03-02T04:23:50.000000,view,96851,1005,apparel.shoes,apple,130.07,100623,1fb5445d-fa8c-4c8d-842e-9109b807bb73
2024-03-02T04:24:00.000000,view,96851,1005,apparel.shoes,apple,130.07,100623,1fb5445d-fa8c-4c8d-842e-9109b807bb73
2024-03-02T04:25:30.000000,cart,96851,1005,apparel.shoes,apple,130.07,100623,1fb5445d-fa8c-4c8d-842e-9109b807bb73
2024-03-02T04:27:15.000000,purchase,96851,1005,apparel.shoes,apple,130.07,100623,1fb5445d-fa8c-4c8d-842e-9109b807bb73
2024-03-02T05:06:19.000000,view,76396,1006,auto.accessories,lg,106.9,100595,c96e270d-be6b-4d8a-b604-93448bc1063b
2024-03-02T06:05:10.000000,view,89850,1006,auto.accessories,samsung,132.82,100325,6d021987-a8d7-445b-ad40-22593360977c
2024-03-02T06:06:06.000000,view,89850,1006,auto.accessories,samsung,132.82,100325,6d021987-a8d7-445b-ad40-22593360977c
2024-03-02T06:08:09.000000,view,89850,1006,auto.accessories,samsung,132.82,100325,6d021987-a8d7-445b-ad40-22593360977c
2024-03-02T06:11:00.000000,cart,89850,1006,auto.accessories,samsung,132.82,100325,6d021987-a8d7-445b-ad40-22593360977c
2024-03-02T06:12:17.000000,purchase,89850,1006,auto.accessories,samsung,132.82,100325,6d021987-a8d7-445b-ad40-22593360977c
2024-03-02T07:14:11.000000,view,81154,1004,computers.notebook,lg,3224.8,100809,cbb5869e-a238-44b7-9497-b447cbd28478
2024-03-02T07:14:41.000000,view,81154,1004,computers.notebook,lg,3224.8,100809,cbb5869e-a238-44b7-9497-b447cbd28478
2024-03-02T07:17:28.000000,view,81154,1004,computers.notebook,lg,3224.8,100809,cbb5869e-a238-44b7-9497-b447cbd28478
2024-03-02T08:06:19.000000,view,71215,1002,electronics.audio.headphone,asus,264.61,100965,0f3ab342-a866-4ff8-9cb8-288e218330b2
2024-03-02T08:08:18.000000,view,71215,1002,electronics.audio.headphone,asus,264.61,100965,0f3ab342-a866-4ff8-9cb8-288e218330b2
2024-03-02T08:09:12.000000,view,71215,1002,electronics.audio.headphone,asus,264.61,100965,0f3ab342-a866-4ff8-9cb8-288e218330b2
2024-03-02T08:10:58.000000,view,71215,1002,electronics.audio.headphone,asus,264.61,100965,0f3ab342-a866-4ff8-9cb8-288e218330b2
2024-03-02T08:32:14.000000,view,68338,1002,electronics.audio.headphone,nike,50.58,100117,03788d2a-e230-42bd-9d64-d9c9b83c6d22
2024-03-02T08:34:37.000000,view,68338,1002,electronics.audio.headphone,nike,50.58,100117,03788d2a-e230-42bd-9d64-d9c9b83c6d22
2024-03-02T09:12:34.000000,view,56013,1002,electronics.audio.headphone,samsung,72.76,100325,e94c71a0-4b51-4b7f-ba1c-b6329da7da7a
2024-03-02T09:13:44.000000,view,56013,1002,electronics.audio.headphone,samsung,72.76,100325,e94c71a0-4b51-4b7f-ba1c-b6329da7da7a
2024-03-02T09:16:03.000000,cart,56013,1002,electronics.audio.headphone,samsung,72.76,100325,e94c71a0-4b51-4b7f-ba1c-b6329da7da7a
2024-03-02T09:17:50.000000,purchase,56013,1002,electronics.audio.headphone,samsung,72.76,100325,e94c71a0-4b51-4b7f-ba1c-b6329da7da7a
2024-03-02T09:24:04.000000,view,94735,1002,electronics.audio.headphone,bosch,61.65,100843,94bd0217-6744-4e5a-9a3d-419f3edcc382
2024-03-02T09:25:28.000000,view,94735,1002,electronics.audio.headphone,bosch,61.65,100843,94bd0217-6744-4e5a-9a3d-419f3edcc382
2024-03-02T09:26:44.000000,view,94735,1002,electronics.audio.headphone,bosch,61.65,100843,94bd0217-6744-4e5a-9a3d-419f3edcc382
2024-03-02T09:27:04.000000,view,94735,1002,electronics.audio.headphone,bosch,61.65,100843,94bd0217-6744-4e5a-9a3d-419f3edcc382
2024-03-02T09:28:10.000000,view,82888,1005,apparel.shoes,asus,46.06,100623,5f027e76-47a6-4568-b6c0-dc80e52959ce
2024-03-02T09:31:05.000000,view,82888,1005,apparel.shoes,asus,46.06,100623,5f027e76-47a6-4568-b6c0-dc80e52959ce
2024-03-02T09:33:48.000000,view,82888,1005,apparel.shoes,asus,46.06,100623,5f027e76-47a6-4568-b6c0-dc80e52959ce
2024-03-02T11:06:08.000000,view,91780,1001,electronics.smartphone,nike,576.52,100065,aff5dc18-f887-42bc-91bb-a41a21b0727d
2024-03-02T11:06:25.000000,view,91780,1001,electronics.smartphone,nike,576.52,100065,aff5dc18-f887-42bc-91bb-a41a21b0727d
2024-03-02T12:00:00.000000,view,74016,1001,electronics.smartphone,samsung,230.17,100971,a67d8d7f-37c8-4105-a056-34a595f3e96d
2024-03-02T12:00:12.000000,view,74016,1001,electronics.smartphone,samsung,230.17,100971,a67d8d7f-37c8-4105-a056-34a595f3e96d
2024-03-02T12:00:58.000000,cart,74016,1001,electronics.smartphone,samsung,230.17,100971,a67d8d7f-37c8-4105-a056-34a595f3e96d
2024-03-02T12:02:00.000000,purchase,74016,1001,electronics.smartphone,samsung,230.17,100971,a67d8d7f-37c8-4105-a056-34a595f3e96d
2024-03-02T12:03:20.000000,view,87954,1004,computers.notebook,xiaomi,2681.11,100913,1b65ebc1-1c0c-4f80-9e54-15469acf9d74
2024-03-02T12:06:19.000000,view,87954,1004,computers.notebook,xiaomi,2681.11,100913,1b65ebc1-1c0c-4f80-9e54-15469acf9d74
2024-03-02T12:07:19.000000,cart,87954,1004,computers.notebook,xiaomi,2681.11,100913,1b65ebc1-1c0c-4f80-9e54-15469acf9d74
2024-03-02T12:07:42.000000,purchase,87954,1004,computers.notebook,xiaomi,2681.11,100913,1b65ebc1-1c0c-4f80-9e54-15469acf9d74
2024-03-02T12:11:54.000000,view,81010,1002,electronics.audio.headphone,apple,281.56,100386,cd403209-dae5-4a8f-b21e-b562b4fdb4dc
2024-03-02T12:14:47.000000,view,81010,1002,electronics.audio.headphone,apple,281.56,100386,cd403209-dae5-4a8f-b21e-b562b4fdb4dc
2024-03-02T15:00:00.000000,view,67589,1006,auto.accessories,asus,58.51,100024,05a84d1a-97c0-4838-b539-3b43ec83a16d
2024-03-02T15:00:32.000000,view,67589,1006,auto.accessories,asus,58.51,100024,05a84d1a-97c0-4838-b539-3b43ec83a16d
2024-03-02T15:03:45.000000,view,68693,1006,auto.accessories,asus,39.61,100247,28163580-61f6-4751-a13d-f3bd39c7149e
2024-03-02T15:05:37.000000,view,85473,1001,electronics.smartphone,xiaomi,380.88,100946,0f373d42-c4a4-4bea-a761-0bda7d15ee6e
2024-03-02T15:06:45.000000,view,68693,1006,auto.accessories,asus,39.61,100247,28163580-61f6-4751-a13d-f3bd39c7149e
2024-03-02T15:07:29.000000,view,85473,1001,electronics.smartphone,xiaomi,380.88,100946,0f373d42-c4a4-4bea-a761-0bda7d15ee6e
2024-03-02T15:07:34.000000,cart,68693,1006,auto.accessories,asus,39.61,100247,28163580-61f6-4751-a13d-f3bd39c7149e
2024-03-02T15:08:03.000000,purchase,68693,1006,auto.accessories,asus,39.61,100247,28163580-61f6-4751-a13d-f3bd39c7149e
2024-03-02T15:22:36.000000,view,84772,1005,apparel.shoes,asus,193.16,100933,05fbf2cf-fa69-4a47-ac9f-224f3adade64
2024-03-02T15:24:54.000000,view,84772,1005,apparel.shoes,asus,193.16,100933,05fbf2cf-fa69-4a47-ac9f-224f3adade64
2024-03-02T15:26:32.000000,view,84772,1005,apparel.shoes,asus,193.16,100933,05fbf2cf-fa69-4a47-ac9f-224f3adade64
2024-03-02T16:00:00.000000,view,50968,1006,auto.accessories,apple,80.59,100871,205a0bd2-04b0-4b0c-8212-5e6174f9918b
2024-03-02T17:00:00.000000,view,95331,1005,apparel.shoes,bosch,106.93,100099,0bce5fcb-1826-488c-b286-1f8203e159cc
2024-03-02T17:00:00.000000,view,87312,1004,computers.notebook,samsung,2966.25,100406,85e0659f-30a6-46d1-a778-8d4dd2367b1e
2024-03-02T17:00:00.000000,view,92338,1005,apparel.shoes,lg,179.5,100528,6ad4e5c9-518b-4127-8989-341e4af16148
2024-03-02T17:01:11.000000,view,92338,1005,apparel.shoes,lg,179.5,100528,6ad4e5c9-518b-4127-8989-341e4af16148
2024-03-02T17:02:27.000000,view,87312,1004,computers.notebook,samsung,2966.25,100406,85e0659f-30a6-46d1-a778-8d4dd2367b1e
2024-03-02T17:11:31.000000,view,85397,1006,auto.accessories,nike,50.81,100127,c1fcd06a-cc89-4700-abda-c2321450fc6b
2024-03-02T17:12:57.000000,view,85397,1006,auto.accessories,nike,50.81,100127,c1fcd06a-cc89-4700-abda-c2321450fc6b
2024-03-02T17:14:07.000000,view,85397,1006,auto.accessories,nike,50.81,100127,c1fcd06a-cc89-4700-abda-c2321450fc6b
2024-03-02T17:14:41.000000,cart,85397,1006,auto.accessories,nike,50.81,100127,c1fcd06a-cc89-4700-abda-c2321450fc6b
2024-03-02T18:00:00.000000,view,81894,1002,electronics.audio.headphone,apple,112.46,100779,a925c80c-6a50-4912-835b-ecf76ad3c21e
2024-03-02T18:02:25.000000,view,81894,1002,electronics.audio.headphone,apple,112.46,100779,a925c80c-6a50-4912-835b-ecf76ad3c21e
2024-03-02T19:00:00.000000,view,84942,1005,apparel.shoes,nike,142.81,100693,7d4acdd2-2725-4dd5-a92a-7abefdd29937
2024-03-02T19:00:00.000000,view,97804,1001,electronics.smartphone,samsung,296.78,100943,0197aefb-ebed-4d6b-aa8a-8e5158f3942b
2024-03-02T19:00:35.000000,view,84942,1005,apparel.shoes,nike,142.81,100693,7d4acdd2-2725-4dd5-a92a-7abefdd29937
2024-03-02T19:01:48.000000,view,84942,1005,apparel.shoes,nike,142.81,100693,7d4acdd2-2725-4dd5-a92a-7abefdd29937
2024-03-02T19:02:38.000000,cart,84942,1005,apparel.shoes,nike,142.81,100693,7d4acdd2-2725-4dd5-a92a-7abefdd29937
2024-03-02T19:03:00.000000,view,97804,1001,electronics.smartphone,samsung,296.78,100943,0197aefb-ebed-4d6b-aa8a-8e5158f3942b
2024-03-02T19:04:47.000000,view,97804,1001,electronics.smartphone,samsung,296.78,100943,0197aefb-ebed-4d6b-aa8a-8e5158f3942b
2024-03-02T19:05:14.000000,cart,97804,1001,electronics.smartphone,samsung,296.78,100943,0197aefb-ebed-4d6b-aa8a-8e5158f3942b
2024-03-02T19:07:09.000000,purchase,97804,1001,electronics.smartphone,samsung,296.78,100943,0197aefb-ebed-4d6b-aa8a-8e5158f3942b
2024-03-02T19:09:31.000000,view,50182,1004,computers.notebook,xiaomi,1697.96,100785,c0250351-12dc-46ac-b71a-b7ff1c3d0bcd
2024-03-02T19:11:14.000000,view,50182,1004,computers.notebook,xiaomi,1697.96,100785,c0250351-12dc-46ac-b71a-b7ff1c3d0bcd
2024-03-02T19:13:09.000000,view,50182,1004,computers.notebook,xiaomi,1697.96,100785,c0250351-12dc-46ac-b71a-b7ff1c3d0bcd
2024-03-02T19:13:24.000000,view,50182,1004,computers.notebook,xiaomi,1697.96,100785,c0250351-12dc-46ac-b71a-b7ff1c3d0bcd
2024-03-02T19:14:17.000000,cart,50182,1004,computers.notebook,xiaomi,1697.96,100785,c0250351-12dc-46ac-b71a-b7ff1c3d0bcd
2024-03-02T20:01:17.000000,view,94080,1004,computers.notebook,samsung,1929.79,100542,83a07e82-de19-4ff3-8a6a-437b23932c52
2024-03-02T20:08:53.000000,view,91297,1006,auto.accessories,samsung,74.86,100271,8cbac0e4-c54e-461a-97b9-7ea431b043db
2024-03-02T20:09:03.000000,view,91297,1006,auto.accessories,samsung,74.86,100271,8cbac0e4-c54e-461a-97b9-7ea431b043db
2024-03-02T20:10:55.000000,cart,91297,1006,auto.accessories,samsung,74.86,100271,8cbac0e4-c54e-461a-97b9-7ea431b043db
2024-03-02T20:11:49.000000,purchase,91297,1006,auto.accessories,samsung,74.86,100271,8cbac0e4-c54e-461a-97b9-7ea431b043db
2024-03-02T22:00:15.000000,view,76980,1006,auto.accessories,xiaomi,93.13,100246,ce861d24-9e4f-4ca3-9190-8dc73b62301c
2024-03-02T22:02:29.000000,view,76980,1006,auto.accessories,xiaomi,93.13,100246,ce861d24-9e4f-4ca3-9190-8dc73b62301c
2024-03-02T22:05:10.000000,view,76980,1006,auto.accessories,xiaomi,93.13,100246,ce861d24-9e4f-4ca3-9190-8dc73b62301c
2024-03-02T22:06:58.000000,view,80718,1003,appliances.kitchen.refrigerators,bosch,2301.42,100918,b72219b4-ecbc-426c-8a41-79d0af1d6069
2024-03-02T22:09:30.000000,view,80718,1003,appliances.kitchen.refrigerators,bosch,2301.42,100918,b72219b4-ecbc-426c-8a41-79d0af1d6069
2024-03-02T22:10:32.000000,view,80718,1003,appliances.kitchen.refrigerators,bosch,2301.42,100918,b72219b4-ecbc-426c-8a41-79d0af1d6069
2024-03-02T22:11:38.000000,view,80718,1003,appliances.kitchen.refrigerators,bosch,2301.42,100918,b72219b4-ecbc-426c-8a41-79d0af1d6069
2024-03-02T22:13:09.000000,cart,80718,1003,appliances.kitchen.refrigerators,bosch,2301.42,100918,b72219b4-ecbc-426c-8a41-79d0af1d6069
2024-03-03T00:11:59.000000,view,92544,1005,apparel.shoes,nike,162.11,100271,182d0d61-90c7-41fa-ab9a-96e6a19ba09d
2024-03-03T00:12:29.000000,view,61257,1004,computers.notebook,bosch,3042.31,100456,36c4263c-ecd6-4efa-ad26-37336ac84da0
2024-03-03T00:13:30.000000,view,92544,1005,apparel.shoes,nike,162.11,100271,182d0d61-90c7-41fa-ab9a-96e6a19ba09d
2024-03-03T00:14:02.000000,view,61257,1004,computers.notebook,bosch,3042.31,100456,36c4263c-ecd6-4efa-ad26-37336ac84da0
2024-03-03T00:15:35.000000,view,92544,1005,apparel.shoes,nike,162.11,100271,182d0d61-90c7-41fa-ab9a-96e6a19ba09d
2024-03-03T00:17:47.000000,view,92544,1005,apparel.shoes,nike,162.11,100271,182d0d61-90c7-41fa-ab9a-96e6a19ba09d
2024-03-03T00:18:31.000000,cart,92544,1005,apparel.shoes,nike,162.11,100271,182d0d61-90c7-41fa-ab9a-96e6a19ba09d
2024-03-03T02:04:20.000000,view,59820,1005,apparel.shoes,asus,66.33,100084,08bf8646-ac23-4b8a-8c0b-96bdace3ec8e
2024-03-03T02:04:20.000000,view,71452,1003,appliances.kitchen.refrigerators,bosch,615.25,100213,f69c77b1-bec7-4636-ac4c-667fef28a814
2024-03-03T02:04:59.000000,view,59820,1005,apparel.shoes,asus,66.33,100084,08bf8646-ac23-4b8a-8c0b-96bdace3ec8e
2024-03-03T02:06:01.000000,view,59820,1005,apparel.shoes,asus,66.33,100084,08bf8646-ac23-4b8a-8c0b-96bdace3ec8e
2024-03-03T02:08:40.000000,view,59820,1005,apparel.shoes,asus,66.33,100084,08bf8646-ac23-4b8a-8c0b-96bdace3ec8e
2024-03-03T02:10:30.000000,view,64800,1006,auto.accessories,lg,27.39,100376,9eab66e2-4dfa-4842-ba99-4c167253d0d4
2024-03-03T02:10:55.000000,cart,59820,1005,apparel.shoes,asus,66.33,100084,08bf8646-ac23-4b8a-8c0b-96bdace3ec8e
2024-03-03T02:11:01.000000,view,64800,1006,auto.accessories,lg,27.39,100376,9eab66e2-4dfa-4842-ba99-4c167253d0d4
2024-03-03T02:12:15.000000,purchase,59820,1005,apparel.shoes,asus,66.33,100084,08bf8646-ac23-4b8a-8c0b-96bdace3ec8e
2024-03-03T02:12:41.000000,view,64800,1006,auto.accessories,lg,27.39,100376,9eab66e2-4dfa-4842-ba99-4c167253d0d4
2024-03-03T03:02:30.000000,view,84373,1004,computers.notebook,nike,1392.26,100871,6d18b6f3-6236-4ad9-8bc3-146330a526dd
2024-03-03T03:03:12.000000,view,84373,1004,computers.notebook,nike,1392.26,100871,6d18b6f3-6236-4ad9-8bc3-146330a526dd
2024-03-03T03:04:46.000000,view,84373,1004,computers.notebook,nike,1392.26,100871,6d18b6f3-6236-4ad9-8bc3-146330a526dd
2024-03-03T03:09:05.000000,view,97701,1004,computers.notebook,samsung,1408.17,100288,534ccdbd-72cf-4590-811c-5b086acb7db1
2024-03-03T03:10:54.000000,view,97701,1004,computers.notebook,samsung,1408.17,100288,534ccdbd-72cf-4590-811c-5b086acb7db1
2024-03-03T03:12:03.000000,view,97701,1004,computers.notebook,samsung,1408.17,100288,534ccdbd-72cf-4590-811c-5b086acb7db1
2024-03-03T03:13:54.000000,view,97701,1004,computers.notebook,samsung,1408.17,100288,534ccdbd-72cf-4590-811c-5b086acb7db1
2024-03-03T04:06:38.000000,view,68037,1001,electronics.smartphone,lg,329.46,100924,f0a4436b-82cb-4a6e-9129-73267908b93d
2024-03-03T04:26:17.000000,view,97722,1003,appliances.kitchen.refrigerators,lg,781.69,100413,39f4ba11-e334-43bb-963c-c8186357548c
2024-03-03T08:00:00.000000,view,71531,1005,apparel.shoes,lg,87.74,100347,70c63d95-f3ae-48e6-84d4-1ee3fe390296
2024-03-03T08:00:11.000000,cart,71531,1005,apparel.shoes,lg,87.74,100347,70c63d95-f3ae-48e6-84d4-1ee3fe390296
2024-03-03T08:01:58.000000,purchase,71531,1005,apparel.shoes,lg,87.74,100347,70c63d95-f3ae-48e6-84d4-1ee3fe390296
2024-03-03T09:00:00.000000,view,58241,1005,apparel.shoes,bosch,60.54,100009,19965204-8706-4624-84ce-99da48d35a47
2024-03-03T09:00:00.000000,view,90236,1004,computers.notebook,samsung,2394.35,100230,623386e2-e875-4fcd-8b4d-2a691df6265e
2024-03-03T09:00:00.000000,view,65861,1004,computers.notebook,samsung,1824.47,100533,1653d327-9d6b-47e6-85bb-93643c5cc646
2024-03-03T09:00:54.000000,view,65861,1004,computers.notebook,samsung,1824.47,100533,1653d327-9d6b-47e6-85bb-93643c5cc646
2024-03-03T09:01:16.000000,view,90236,1004,computers.notebook,samsung,2394.35,100230,623386e2-e875-4fcd-8b4d-2a691df6265e
2024-03-03T09:01:52.000000,view,90236,1004,computers.notebook,samsung,2394.35,100230,623386e2-e875-4fcd-8b4d-2a691df6265e
2024-03-03T09:02:00.000000,cart,65861,1004,computers.notebook,samsung,1824.47,100533,1653d327-9d6b-47e6-85bb-93643c5cc646
2024-03-03T09:02:10.000000,view,90236,1004,computers.notebook,samsung,2394.35,100230,623386e2-e875-4fcd-8b4d-2a691df6265e
2024-03-03T09:02:15.000000,purchase,65861,1004,computers.notebook,samsung,1824.47,100533,1653d327-9d6b-47e6-85bb-93643c5cc646
2024-03-03T09:02:30.000000,view,58241,1005,apparel.shoes,bosch,60.54,100009,19965204-8706-4624-84ce-99da48d35a47
2024-03-03T09:02:38.000000,cart,90236,1004,computers.notebook,samsung,2394.35,100230,623386e2-e875-4fcd-8b4d-2a691df6265e
2024-03-03T09:03:22.000000,view,58241,1005,apparel.shoes,bosch,60.54,100009,19965204-8706-4624-84ce-99da48d35a47
2024-03-03T09:04:26.000000,purchase,90236,1004,computers.notebook,samsung,2394.35,100230,623386e2-e875-4fcd-8b4d-2a691df6265e
2024-03-03T09:04:39.000000,view,58241,1005,apparel.shoes,bosch,60.54,100009,19965204-8706-4624-84ce-99da48d35a47
2024-03-03T09:13:20.000000,view,80069,1001,electronics.smartphone,samsung,599.8,100370,25b95eac-c70a-4474-94e3-af4b2df65622
2024-03-03T09:15:51.000000,view,80069,1001,electronics.smartphone,samsung,599.8,100370,25b95eac-c70a-4474-94e3-af4b2df65622
2024-03-03T09:18:33.000000,cart,80069,1001,electronics.smartphone,samsung,599.8,100370,25b95eac-c70a-4474-94e3-af4b2df65622
2024-03-03T09:19:43.000000,purchase,80069,1001,electronics.smartphone,samsung,599.8,100370,25b95eac-c70a-4474-94e3-af4b2df65622
2024-03-03T10:00:00.000000,view,83124,1004,computers.notebook,asus,2424.52,100105,804ba174-a4a0-4941-a8f4-967af3fb3dcd
2024-03-03T10:00:00.000000,view,77726,1006,auto.accessories,samsung,75.62,100607,27021089-2a89-4454-9005-a8a62380614a
2024-03-03T10:01:24.000000,view,77726,1006,auto.accessories,samsung,75.62,100607,27021089-2a89-4454-9005-a8a62380614a
2024-03-03T10:02:15.000000,view,83124,1004,computers.notebook,asus,2424.52,100105,804ba174-a4a0-4941-a8f4-967af3fb3dcd
2024-03-03T10:04:11.000000,view,83124,1004,computers.notebook,asus,2424.52,100105,804ba174-a4a0-4941-a8f4-967af3fb3dcd
2024-03-03T10:04:18.000000,view,77726,1006,auto.accessories,samsung,75.62,100607,27021089-2a89-4454-9005-a8a62380614a
2024-03-03T10:06:13.000000,view,77726,1006,auto.accessories,samsung,75.62,100607,27021089-2a89-4454-9005-a8a62380614a
2024-03-03T10:06:14.000000,view,83124,1004,computers.notebook,asus,2424.52,100105,804ba174-a4a0-4941-a8f4-967af3fb3dcd
2024-03-03T10:08:29.000000,cart,83124,1004,computers.notebook,asus,2424.52,100105,804ba174-a4a0-4941-a8f4-967af3fb3dcd
2024-03-03T10:09:56.000000,purchase,83124,1004,computers.notebook,asus,2424.52,100105,804ba174-a4a0-4941-a8f4-967af3fb3dcd
2024-03-03T10:18:25.000000,view,73738,1006,auto.accessories,apple,113.0,100336,cf541df3-2d46-44b7-ab0d-eadfcdd115da
2024-03-03T10:19:12.000000,cart,73738,1006,auto.accessories,apple,113.0,100336,cf541df3-2d46-44b7-ab0d-eadfcdd115da
2024-03-03T11:00:00.000000,view,76916,1005,apparel.shoes,samsung,59.81,100348,d4042c48-72ec-4764-bfc1-cf0e80912223
2024-03-03T11:00:11.000000,view,76916,1005,apparel.shoes,samsung,59.81,100348,d4042c48-72ec-4764-bfc1-cf0e80912223
2024-03-03T11:01:00.000000,view,76916,1005,apparel.shoes,samsung,59.81,100348,d4042c48-72ec-4764-bfc1-cf0e80912223
2024-03-03T11:03:58.000000,view,76916,1005,apparel.shoes,samsung,59.81,100348,d4042c48-72ec-4764-bfc1-cf0e80912223
2024-03-03T11:05:12.000000,cart,76916,1005,apparel.shoes,samsung,59.81,100348,d4042c48-72ec-4764-bfc1-cf0e80912223
2024-03-03T11:06:17.000000,purchase,76916,1005,apparel.shoes,samsung,59.81,100348,d4042c48-72ec-4764-bfc1-cf0e80912223
2024-03-03T11:13:36.000000,view,94451,1006,auto.accessories,nike,117.75,100585,5ebe0d4a-39a1-4587-85d3-aeb30e87fba1
2024-03-03T11:14:08.000000,view,94451,1006,auto.accessories,nike,117.75,100585,5ebe0d4a-39a1-4587-85d3-aeb30e87fba1
2024-03-03T11:16:31.000000,view,94451,1006,auto.accessories,nike,117.75,100585,5ebe0d4a-39a1-4587-85d3-aeb30e87fba1
2024-03-03T11:17:56.000000,view,94451,1006,auto.accessories,nike,117.75,100585,5ebe0d4a-39a1-4587-85d3-aeb30e87fba1
2024-03-03T11:20:21.000000,view,81055,1001,electronics.smartphone,xiaomi,338.61,100336,575ac8db-75a1-419b-8385-d4901bf5cbcc
2024-03-03T12:22:45.000000,view,61724,1003,appliances.kitchen.refrigerators,apple,1934.49,100867,4c98e127-2e6f-4b91-990f-80843b03f03a
2024-03-03T12:24:22.000000,view,61724,1003,appliances.kitchen.refrigerators,apple,1934.49,100867,4c98e127-2e6f-4b91-990f-80843b03f03a
2024-03-03T12:24:48.000000,view,61724,1003,appliances.kitchen.refrigerators,apple,1934.49,100867,4c98e127-2e6f-4b91-990f-80843b03f03a
2024-03-03T13:07:33.000000,view,60244,1002,electronics.audio.headphone,samsung,191.58,100281,830d4238-6332-4cbc-8f9b-32f3240dd8d4
2024-03-03T14:00:00.000000,view,74454,1004,computers.notebook,nike,1590.52,100327,cbdc978f-4da0-42e0-acd2-3f950541723e
2024-03-03T14:02:54.000000,view,74454,1004,computers.notebook,nike,1590.52,100327,cbdc978f-4da0-42e0-acd2-3f950541723e
2024-03-03T14:05:34.000000,view,74454,1004,computers.notebook,nike,1590.52,100327,cbdc978f-4da0-42e0-acd2-3f950541723e
2024-03-03T14:06:42.000000,view,75400,1001,electronics.smartphone,lg,899.36,100213,683b704c-ce98-43ad-b79a-b58243ac7502
2024-03-03T14:06:53.000000,cart,75400,1001,electronics.smartphone,lg,899.36,100213,683b704c-ce98-43ad-b79a-b58243ac7502
2024-03-03T15:00:00.000000,view,52112,1002,electronics.audio.headphone,samsung,137.36,100199,1700e553-9a9b-4029-a854-68c4caf79e63
2024-03-03T16:06:02.000000,view,60640,1004,computers.notebook,asus,1002.11,100327,35796e6e-35f5-44ed-a8e1-670f05787869
2024-03-03T16:07:17.000000,view,60640,1004,computers.notebook,asus,1002.11,100327,35796e6e-35f5-44ed-a8e1-670f05787869
2024-03-03T16:08:56.000000,view,60640,1004,computers.notebook,asus,1002.11,100327,35796e6e-35f5-44ed-a8e1-670f05787869
2024-03-03T16:11:16.000000,view,60640,1004,computers.notebook,asus,1002.11,100327,35796e6e-35f5-44ed-a8e1-670f05787869
2024-03-03T18:00:00.000000,view,95453,1006,auto.accessories,asus,135.1,100124,29905ed2-090f-4b2b-9710-c6c976b9f200
2024-03-03T18:01:07.000000,view,95453,1006,auto.accessories,asus,135.1,100124,29905ed2-090f-4b2b-9710-c6c976b9f200
2024-03-03T18:04:07.000000,view,95453,1006,auto.accessories,asus,135.1,100124,29905ed2-090f-4b2b-9710-c6c976b9f200
2024-03-03T18:07:13.000000,view,71116,1004,computers.notebook,lg,2391.83,100553,959095bc-ca6a-4bdb-91d2-264409759820
2024-03-03T18:07:33.000000,view,71116,1004,computers.notebook,lg,2391.83,100553,959095bc-ca6a-4bdb-91d2-264409759820
2024-03-03T18:17:42.000000,view,71567,1005,apparel.shoes,lg,74.88,100809,60a4ec6f-0250-4575-9319-09e1404055fb
2024-03-03T18:20:25.000000,view,71567,1005,apparel.shoes,lg,74.88,100809,60a4ec6f-0250-4575-9319-09e1404055fb
2024-03-03T18:20:46.000000,view,71567,1005,apparel.shoes,lg,74.88,100809,60a4ec6f-0250-4575-9319-09e1404055fb
2024-03-03T19:00:00.000000,view,61025,1004,computers.notebook,lg,2671.59,100093,f406bda3-44f7-43b3-b67f-dec35178abd0
2024-03-03T19:00:53.000000,view,61025,1004,computers.notebook,lg,2671.59,100093,f406bda3-44f7-43b3-b67f-dec35178abd0
2024-03-03T19:01:38.000000,view,61025,1004,computers.notebook,lg,2671.59,100093,f406bda3-44f7-43b3-b67f-dec35178abd0
2024-03-03T19:03:54.000000,view,52025,1004,computers.notebook,asus,1693.68,100528,1680f314-e536-4273-a830-afe6f017a3ba
2024-03-03T19:07:01.000000,view,60990,1006,auto.accessories,nike,139.1,100607,e5b72efd-b661-4f69-b3b6-4ce979cd9c0c
2024-03-03T19:08:04.000000,view,60990,1006,auto.accessories,nike,139.1,100607,e5b72efd-b661-4f69-b3b6-4ce979cd9c0c
2024-03-03T19:08:31.000000,view,60990,1006,auto.accessories,nike,139.1,100607,e5b72efd-b661-4f69-b3b6-4ce979cd9c0c
2024-03-03T19:10:55.000000,cart,60990,1006,auto.accessories,nike,139.1,100607,e5b72efd-b661-4f69-b3b6-4ce979cd9c0c
2024-03-03T19:12:54.000000,purchase,60990,1006,auto.accessories,nike,139.1,100607,e5b72efd-b661-4f69-b3b6-4ce979cd9c0c
2024-03-03T20:36:32.000000,view,56263,1001,electronics.smartphone,asus,680.7,100117,22fe652b-2541-4c41-aef5-a2e276c016b9
2024-03-03T20:37:01.000000,view,56263,1001,electronics.smartphone,asus,680.7,100117,22fe652b-2541-4c41-aef5-a2e276c016b9
2024-03-03T20:39:42.000000,view,56263,1001,electronics.smartphone,asus,680.7,100117,22fe652b-2541-4c41-aef5-a2e276c016b9
2024-03-03T20:42:17.000000,view,56263,1001,electronics.smartphone,asus,680.7,100117,22fe652b-2541-4c41-aef5-a2e276c016b9
2024-03-03T23:01:32.000000,view,83966,1001,electronics.smartphone,nike,639.92,100298,1f58c18a-4473-4b12-823a-ed3c3ad462c1
2024-03-03T23:01:53.000000,view,93790,1005,apparel.shoes,asus,100.64,100024,31ac1f4c-5809-41d6-b664-a03f3bf59bf4
2024-03-03T23:03:54.000000,view,83966,1001,electronics.smartphone,nike,639.92,100298,1f58c18a-4473-4b12-823a-ed3c3ad462c1
2024-03-03T23:04:15.000000,view,83966,1001,electronics.smartphone,nike,639.92,100298,1f58c18a-4473-4b12-823a-ed3c3ad462c1
2024-03-03T23:05:22.000000,cart,83966,1001,electronics.smartphone,nike,639.92,100298,1f58c18a-4473-4b12-823a-ed3c3ad462c1
2024-03-03T23:11:50.000000,view,59006,1003,appliances.kitchen.refrigerators,bosch,895.06,100792,0b828602-5912-420c-a297-3cb123b815ab
2024-03-03T23:12:42.000000,view,59006,1003,appliances.kitchen.refrigerators,bosch,895.06,100792,0b828602-5912-420c-a297-3cb123b815ab
2024-03-03T23:13:19.000000,cart,59006,1003,appliances.kitchen.refrigerators,bosch,895.06,100792,0b828602-5912-420c-a297-3cb123b815ab
2024-03-03T23:15:02.000000,purchase,59006,1003,appliances.kitchen.refrigerators,bosch,895.06,100792,0b828602-5912-420c-a297-3cb123b815ab
2024-03-04T00:04:41.000000,view,80441,1004,computers.notebook,xiaomi,2415.52,100528,363e7acd-421d-4629-9779-9682e8454dac
2024-03-04T00:06:08.000000,view,80441,1004,computers.notebook,xiaomi,2415.52,100528,363e7acd-421d-4629-9779-9682e8454dac
2024-03-04T00:07:52.000000,view,74414,1001,electronics.smartphone,nike,831.15,100553,efa5ee05-a397-4899-8994-578ecb2a0fd3
2024-03-04T00:08:03.000000,view,74414,1001,electronics.smartphone,nike,831.15,100553,efa5ee05-a397-4899-8994-578ecb2a0fd3
2024-03-04T00:08:35.000000,view,80441,1004,computers.notebook,xiaomi,2415.52,100528,363e7acd-421d-4629-9779-9682e8454dac
2024-03-04T00:09:33.000000,view,74414,1001,electronics.smartphone,nike,831.15,100553,efa5ee05-a397-4899-8994-578ecb2a0fd3
2024-03-04T00:11:19.000000,cart,80441,1004,computers.notebook,xiaomi,2415.52,100528,363e7acd-421d-4629-9779-9682e8454dac
2024-03-04T00:11:41.000000,view,74414,1001,electronics.smartphone,nike,831.15,100553,efa5ee05-a397-4899-8994-578ecb2a0fd3
2024-03-04T00:12:12.000000,cart,74414,1001,electronics.smartphone,nike,831.15,100553,efa5ee05-a397-4899-8994-578ecb2a0fd3
2024-03-04T01:22:02.000000,view,92628,1003,appliances.kitchen.refrigerators,samsung,677.63,100955,32fc8600-b354-48c0-b1e7-89121e5385e1
2024-03-04T01:23:21.000000,view,92628,1003,appliances.kitchen.refrigerators,samsung,677.63,100955,32fc8600-b354-48c0-b1e7-89121e5385e1
2024-03-04T02:01:39.000000,view,95842,1006,auto.accessories,bosch,137.2,100332,59555610-09ef-41fb-bd87-836f0dceae65
2024-03-04T02:03:04.000000,view,95842,1006,auto.accessories,bosch,137.2,100332,59555610-09ef-41fb-bd87-836f0dceae65
2024-03-04T02:05:49.000000,view,95842,1006,auto.accessories,bosch,137.2,100332,59555610-09ef-41fb-bd87-836f0dceae65
2024-03-04T02:06:48.000000,view,95842,1006,auto.accessories,bosch,137.2,100332,59555610-09ef-41fb-bd87-836f0dceae65
2024-03-04T05:20:13.000000,view,77164,1002,electronics.audio.headphone,apple,126.09,100271,f1017a66-02f0-4e0d-82af-e4b1692821ee
2024-03-04T05:21:59.000000,view,77164,1002,electronics.audio.headphone,apple,126.09,100271,f1017a66-02f0-4e0d-82af-e4b1692821ee
2024-03-04T05:24:35.000000,view,77164,1002,electronics.audio.headphone,apple,126.09,100271,f1017a66-02f0-4e0d-82af-e4b1692821ee
2024-03-04T05:25:42.000000,view,77164,1002,electronics.audio.headphone,apple,126.09,100271,f1017a66-02f0-4e0d-82af-e4b1692821ee
2024-03-04T06:28:49.000000,view,61737,1006,auto.accessories,apple,66.66,100263,50b9aecf-65e8-4a59-97f3-edfa1c7e5da3
2024-03-04T06:29:38.000000,view,61737,1006,auto.accessories,apple,66.66,100263,50b9aecf-65e8-4a59-97f3-edfa1c7e5da3
2024-03-04T06:31:05.000000,view,61737,1006,auto.accessories,apple,66.66,100263,50b9aecf-65e8-4a59-97f3-edfa1c7e5da3
2024-03-04T09:00:00.000000,view,59954,1006,auto.accessories,nike,148.9,100544,bc1955dc-8105-4e0b-8b6c-fef64e030487
2024-03-04T09:00:00.000000,view,89302,1003,appliances.kitchen.refrigerators,xiaomi,980.03,100896,5e3ccd0f-c9f6-4557-a4d8-6f5eb60564de
2024-03-04T09:02:10.000000,cart,59954,1006,auto.accessories,nike,148.9,100544,bc1955dc-8105-4e0b-8b6c-fef64e030487
2024-03-04T09:02:38.000000,view,89302,1003,appliances.kitchen.refrigerators,xiaomi,980.03,100896,5e3ccd0f-c9f6-4557-a4d8-6f5eb60564de
2024-03-04T09:02:42.000000,purchase,59954,1006,auto.accessories,nike,148.9,100544,bc1955dc-8105-4e0b-8b6c-fef64e030487
2024-03-04T09:05:27.000000,view,89302,1003,appliances.kitchen.refrigerators,xiaomi,980.03,100896,5e3ccd0f-c9f6-4557-a4d8-6f5eb60564de
2024-03-04T09:06:13.000000,view,89302,1003,appliances.kitchen.refrigerators,xiaomi,980.03,100896,5e3ccd0f-c9f6-4557-a4d8-6f5eb60564de
2024-03-04T09:07:21.000000,cart,89302,1003,appliances.kitchen.refrigerators,xiaomi,980.03,100896,5e3ccd0f-c9f6-4557-a4d8-6f5eb60564de
2024-03-04T10:00:00.000000,view,97964,1001,electronics.smartphone,nike,308.21,100720,7cc9fa3e-995a-4824-b253-3458848a010a
2024-03-04T10:01:46.000000,view,97964,1001,electronics.smartphone,nike,308.21,100720,7cc9fa3e-995a-4824-b253-3458848a010a
2024-03-04T10:03:30.000000,view,97964,1001,electronics.smartphone,nike,308.21,100720,7cc9fa3e-995a-4824-b253-3458848a010a
2024-03-04T10:05:22.000000,view,97964,1001,electronics.smartphone,nike,308.21,100720,7cc9fa3e-995a-4824-b253-3458848a010a
2024-03-04T10:07:48.000000,cart,97964,1001,electronics.smartphone,nike,308.21,100720,7cc9fa3e-995a-4824-b253-3458848a010a
2024-03-04T10:34:10.000000,view,84763,1001,electronics.smartphone,xiaomi,780.49,100853,85b1c634-a184-4b42-a6bb-2d48f39fbb19
2024-03-04T10:35:45.000000,view,84763,1001,electronics.smartphone,xiaomi,780.49,100853,85b1c634-a184-4b42-a6bb-2d48f39fbb19
2024-03-04T10:38:08.000000,cart,84763,1001,electronics.smartphone,xiaomi,780.49,100853,85b1c634-a184-4b42-a6bb-2d48f39fbb19
2024-03-04T10:38:25.000000,purchase,84763,1001,electronics.smartphone,xiaomi,780.49,100853,85b1c634-a184-4b42-a6bb-2d48f39fbb19
2024-03-04T11:00:00.000000,view,79736,1006,auto.accessories,lg,70.37,100206,a355d0b2-fd92-447b-86ee-276d02244325
2024-03-04T12:23:08.000000,view,94058,1005,apparel.shoes,apple,171.43,100028,0bb2fef0-442e-4077-95f2-149a1d9c9949
2024-03-04T13:00:00.000000,view,90782,1004,computers.notebook,apple,2838.65,100704,3d2fb302-6b42-4f25-b0dc-96cc55f8b571
2024-03-04T13:01:17.000000,view,90782,1004,computers.notebook,apple,2838.65,100704,3d2fb302-6b42-4f25-b0dc-96cc55f8b571
2024-03-04T13:01:39.000000,cart,90782,1004,computers.notebook,apple,2838.65,100704,3d2fb302-6b42-4f25-b0dc-96cc55f8b571
2024-03-04T13:07:04.000000,view,97836,1005,apparel.shoes,bosch,150.38,100009,95122d9d-c5d4-4b85-b9c3-bf9e88a776ec
2024-03-04T13:08:56.000000,view,97836,1005,apparel.shoes,bosch,150.38,100009,95122d9d-c5d4-4b85-b9c3-bf9e88a776ec
2024-03-04T13:11:52.000000,view,97836,1005,apparel.shoes,bosch,150.38,100009,95122d9d-c5d4-4b85-b9c3-bf9e88a776ec
2024-03-04T15:00:00.000000,view,70557,1004,computers.notebook,samsung,2014.42,100712,1a81eb9f-f6ca-47b4-ac92-d886243d9900
2024-03-04T15:02:53.000000,view,70557,1004,computers.notebook,samsung,2014.42,100712,1a81eb9f-f6ca-47b4-ac92-d886243d9900
2024-03-04T15:04:45.000000,view,70557,1004,computers.notebook,samsung,2014.42,100712,1a81eb9f-f6ca-47b4-ac92-d886243d9900
2024-03-04T15:06:07.000000,view,70557,1004,computers.notebook,samsung,2014.42,100712,1a81eb9f-f6ca-47b4-ac92-d886243d9900
2024-03-04T15:07:38.000000,view,84296,1003,appliances.kitchen.refrigerators,asus,2486.03,100781,c77ee661-d4f4-47af-b6fd-6424a6e1dd93
2024-03-04T15:08:33.000000,view,84296,1003,appliances.kitchen.refrigerators,asus,2486.03,100781,c77ee661-d4f4-47af-b6fd-6424a6e1dd93
2024-03-04T15:21:10.000000,view,78926,1002,electronics.audio.headphone,lg,46.75,100689,48dfb9cf-8be4-4e4e-a441-7b18f5ab1aa7
2024-03-04T15:21:55.000000,view,78926,1002,electronics.audio.headphone,lg,46.75,100689,48dfb9cf-8be4-4e4e-a441-7b18f5ab1aa7
2024-03-04T15:24:30.000000,view,78926,1002,electronics.audio.headphone,lg,46.75,100689,48dfb9cf-8be4-4e4e-a441-7b18f5ab1aa7
2024-03-04T15:26:17.000000,cart,78926,1002,electronics.audio.headphone,lg,46.75,100689,48dfb9cf-8be4-4e4e-a441-7b18f5ab1aa7
2024-03-04T15:26:58.000000,purchase,78926,1002,electronics.audio.headphone,lg,46.75,100689,48dfb9cf-8be4-4e4e-a441-7b18f5ab1aa7
2024-03-04T16:03:57.000000,view,68913,1003,appliances.kitchen.refrigerators,asus,461.77,100072,dd999aed-9fe0-4883-971e-86da4ac3b9c0
2024-03-04T16:06:27.000000,view,68913,1003,appliances.kitchen.refrigerators,asus,461.77,100072,dd999aed-9fe0-4883-971e-86da4ac3b9c0
2024-03-04T16:07:48.000000,view,68913,1003,appliances.kitchen.refrigerators,asus,461.77,100072,dd999aed-9fe0-4883-971e-86da4ac3b9c0
2024-03-04T16:10:37.000000,view,68913,1003,appliances.kitchen.refrigerators,asus,461.77,100072,dd999aed-9fe0-4883-971e-86da4ac3b9c0
2024-03-04T16:13:23.000000,cart,68913,1003,appliances.kitchen.refrigerators,asus,461.77,100072,dd999aed-9fe0-4883-971e-86da4ac3b9c0
2024-03-04T16:13:50.000000,purchase,68913,1003,appliances.kitchen.refrigerators,asus,461.77,100072,dd999aed-9fe0-4883-971e-86da4ac3b9c0
2024-03-04T17:00:00.000000,view,81607,1005,apparel.shoes,apple,99.39,100166,fa125cdb-7343-4027-8a18-d13dc80306bc
2024-03-04T17:02:16.000000,view,81607,1005,apparel.shoes,apple,99.39,100166,fa125cdb-7343-4027-8a18-d13dc80306bc
2024-03-04T17:04:53.000000,view,81607,1005,apparel.shoes,apple,99.39,100166,fa125cdb-7343-4027-8a18-d13dc80306bc
2024-03-04T17:09:29.000000,view,53083,1002,electronics.audio.headphone,asus,299.8,100281,fed0c595-cf4c-48db-b98f-44254a3bb9ae
2024-03-04T17:10:45.000000,view,53083,1002,electronics.audio.headphone,asus,299.8,100281,fed0c595-cf4c-48db-b98f-44254a3bb9ae
2024-03-04T17:12:26.000000,view,53083,1002,electronics.audio.headphone,asus,299.8,100281,fed0c595-cf4c-48db-b98f-44254a3bb9ae
2024-03-04T17:13:16.000000,cart,53083,1002,electronics.audio.headphone,asus,299.8,100281,fed0c595-cf4c-48db-b98f-44254a3bb9ae
2024-03-04T17:13:31.000000,view,77789,1006,auto.accessories,lg,114.31,100327,68e47a77-93e0-41d3-a166-4dfa67777dae
2024-03-04T17:14:35.000000,purchase,53083,1002,electronics.audio.headphone,asus,299.8,100281,fed0c595-cf4c-48db-b98f-44254a3bb9ae
2024-03-04T17:15:43.000000,view,77789,1006,auto.accessories,lg,114.31,100327,68e47a77-93e0-41d3-a166-4dfa67777dae
2024-03-04T18:00:00.000000,view,50918,1002,electronics.audio.headphone,apple,254.34,100594,203841de-8331-4e6b-a185-1ca85f235ea7
2024-03-04T18:02:51.000000,view,71455,1005,apparel.shoes,samsung,130.86,100597,57247600-7f40-45ed-8f96-91c556a6319b
2024-03-04T18:05:33.000000,view,71455,1005,apparel.shoes,samsung,130.86,100597,57247600-7f40-45ed-8f96-91c556a6319b
2024-03-04T18:05:53.000000,view,71455,1005,apparel.shoes,samsung,130.86,100597,57247600-7f40-45ed-8f96-91c556a6319b
2024-03-04T18:08:25.000000,view,71455,1005,apparel.shoes,samsung,130.86,100597,57247600-7f40-45ed-8f96-91c556a6319b
2024-03-04T18:32:05.000000,view,90762,1002,electronics.audio.headphone,apple,186.8,100968,793fb42c-4a53-426e-99e1-f543c411c9e7
2024-03-04T19:00:00.000000,view,71422,1004,computers.notebook,nike,828.65,100613,9aa7a6a1-2d6a-43f7-bc2b-d4524eaed15d
2024-03-04T19:00:43.000000,view,71422,1004,computers.notebook,nike,828.65,100613,9aa7a6a1-2d6a-43f7-bc2b-d4524eaed15d
2024-03-04T19:01:31.000000,cart,71422,1004,computers.notebook,nike,828.65,100613,9aa7a6a1-2d6a-43f7-bc2b-d4524eaed15d
2024-03-04T20:03:59.000000,view,59902,1001,electronics.smartphone,asus,336.97,100362,7cd57341-2c4c-4db6-a55f-f84a62573c27
2024-03-04T20:06:42.000000,view,59902,1001,electronics.smartphone,asus,336.97,100362,7cd57341-2c4c-4db6-a55f-f84a62573c27
2024-03-04T20:07:38.000000,view,59902,1001,electronics.smartphone,asus,336.97,100362,7cd57341-2c4c-4db6-a55f-f84a62573c27
2024-03-04T20:09:36.000000,cart,59902,1001,electronics.smartphone,asus,336.97,100362,7cd57341-2c4c-4db6-a55f-f84a62573c27
2024-03-04T22:05:23.000000,view,96664,1002,electronics.audio.headphone,samsung,39.11,100205,7be9f723-51c9-4a79-a8c8-55aa1b447e02
2024-03-04T22:06:52.000000,view,96664,1002,electronics.audio.headphone,samsung,39.11,100205,7be9f723-51c9-4a79-a8c8-55aa1b447e02
2024-03-04T22:07:29.000000,view,52673,1001,electronics.smartphone,lg,613.6,100273,78b930d1-c2f7-48df-9d41-5ef55da771ab
2024-03-04T22:08:56.000000,view,96664,1002,electronics.audio.headphone,samsung,39.11,100205,7be9f723-51c9-4a79-a8c8-55aa1b447e02
2024-03-04T22:09:36.000000,view,52673,1001,electronics.smartphone,lg,613.6,100273,78b930d1-c2f7-48df-9d41-5ef55da771ab
2024-03-04T22:11:52.000000,view,52673,1001,electronics.smartphone,lg,613.6,100273,78b930d1-c2f7-48df-9d41-5ef55da771ab
2024-03-04T22:12:30.000000,view,52673,1001,electronics.smartphone,lg,613.6,100273,78b930d1-c2f7-48df-9d41-5ef55da771ab
2024-03-04T22:13:17.000000,cart,52673,1001,electronics.smartphone,lg,613.6,100273,78b930d1-c2f7-48df-9d41-5ef55da771ab
2024-03-04T22:13:43.000000,purchase,52673,1001,electronics.smartphone,lg,613.6,100273,78b930d1-c2f7-48df-9d41-5ef55da771ab
2024-03-05T01:10:19.000000,view,90800,1002,electronics.audio.headphone,apple,235.48,100205,d0381a9d-d5bc-4cab-9ed1-6a63f2ba5f11
2024-03-05T01:14:06.000000,view,67877,1006,auto.accessories,asus,91.04,100273,7683267a-41bb-4aae-9db7-7df135462f0e
2024-03-05T01:16:45.000000,view,67877,1006,auto.accessories,asus,91.04,100273,7683267a-41bb-4aae-9db7-7df135462f0e
2024-03-05T02:09:10.000000,view,93575,1003,appliances.kitchen.refrigerators,samsung,1387.97,100471,24a62efc-fb93-403f-865c-42fd33f94fb2
2024-03-05T02:11:07.000000,view,93575,1003,appliances.kitchen.refrigerators,samsung,1387.97,100471,24a62efc-fb93-403f-865c-42fd33f94fb2
2024-03-05T02:11:31.000000,view,93575,1003,appliances.kitchen.refrigerators,samsung,1387.97,100471,24a62efc-fb93-403f-865c-42fd33f94fb2
2024-03-05T02:14:24.000000,view,93575,1003,appliances.kitchen.refrigerators,samsung,1387.97,100471,24a62efc-fb93-403f-865c-42fd33f94fb2
2024-03-05T08:00:00.000000,view,94109,1001,electronics.smartphone,xiaomi,1196.12,100333,9c72c069-c15b-4198-a27f-e64afaadc004
2024-03-05T08:00:00.000000,view,67765,1004,computers.notebook,nike,2456.3,100814,001e3794-c2db-4175-8ab6-4b9012573f1d
2024-03-05T08:00:53.000000,view,94109,1001,electronics.smartphone,xiaomi,1196.12,100333,9c72c069-c15b-4198-a27f-e64afaadc004
2024-03-05T08:02:57.000000,view,94109,1001,electronics.smartphone,xiaomi,1196.12,100333,9c72c069-c15b-4198-a27f-e64afaadc004
2024-03-05T08:03:36.000000,view,94109,1001,electronics.smartphone,xiaomi,1196.12,100333,9c72c069-c15b-4198-a27f-e64afaadc004
2024-03-05T08:12:13.000000,view,95118,1004,computers.notebook,bosch,2227.64,100528,21d8e340-0568-424a-9adf-77768fafb11f
2024-03-05T08:14:23.000000,view,95118,1004,computers.notebook,bosch,2227.64,100528,21d8e340-0568-424a-9adf-77768fafb11f
2024-03-05T08:15:59.000000,cart,95118,1004,computers.notebook,bosch,2227.64,100528,21d8e340-0568-424a-9adf-77768fafb11f
2024-03-05T11:39:24.000000,view,86930,1002,electronics.audio.headphone,apple,229.63,100853,a8112302-268a-4a36-8050-f9355e2f22fe
2024-03-05T11:41:34.000000,view,86930,1002,electronics.audio.headphone,apple,229.63,100853,a8112302-268a-4a36-8050-f9355e2f22fe
2024-03-05T11:42:57.000000,view,86930,1002,electronics.audio.headphone,apple,229.63,100853,a8112302-268a-4a36-8050-f9355e2f22fe
2024-03-05T11:45:23.000000,view,86930,1002,electronics.audio.headphone,apple,229.63,100853,a8112302-268a-4a36-8050-f9355e2f22fe
2024-03-05T12:00:00.000000,view,69566,1003,appliances.kitchen.refrigerators,nike,2142.45,100031,2d9487c2-d3fe-46b2-b801-7a94a673c4eb
2024-03-05T12:00:00.000000,view,74049,1005,apparel.shoes,asus,45.35,100224,e1b13b7a-5780-4e04-877d-112574b2fa9a
2024-03-05T12:00:48.000000,view,69566,1003,appliances.kitchen.refrigerators,nike,2142.45,100031,2d9487c2-d3fe-46b2-b801-7a94a673c4eb
2024-03-05T12:02:52.000000,view,69566,1003,appliances.kitchen.refrigerators,nike,2142.45,100031,2d9487c2-d3fe-46b2-b801-7a94a673c4eb
2024-03-05T12:05:19.000000,view,69566,1003,appliances.kitchen.refrigerators,nike,2142.45,100031,2d9487c2-d3fe-46b2-b801-7a94a673c4eb
2024-03-05T12:07:32.000000,cart,69566,1003,appliances.kitchen.refrigerators,nike,2142.45,100031,2d9487c2-d3fe-46b2-b801-7a94a673c4eb
2024-03-05T12:08:24.000000,view,79374,1002,electronics.audio.headphone,xiaomi,81.14,100720,b0b1078f-e2e1-425e-bc98-9bba49895adc
2024-03-05T12:10:01.000000,view,79374,1002,electronics.audio.headphone,xiaomi,81.14,100720,b0b1078f-e2e1-425e-bc98-9bba49895adc
2024-03-05T12:11:34.000000,cart,79374,1002,electronics.audio.headphone,xiaomi,81.14,100720,b0b1078f-e2e1-425e-bc98-9bba49895adc
2024-03-05T13:01:49.000000,view,78324,1002,electronics.audio.headphone,xiaomi,249.92,100318,244717fa-d52c-4be2-bf23-787aba9a834b
2024-03-05T13:02:39.000000,view,78324,1002,electronics.audio.headphone,xiaomi,249.92,100318,244717fa-d52c-4be2-bf23-787aba9a834b
2024-03-05T13:05:23.000000,view,78324,1002,electronics.audio.headphone,xiaomi,249.92,100318,244717fa-d52c-4be2-bf23-787aba9a834b
2024-03-05T13:08:00.000000,view,78324,1002,electronics.audio.headphone,xiaomi,249.92,100318,244717fa-d52c-4be2-bf23-787aba9a834b
2024-03-05T14:00:00.000000,view,59327,1006,auto.accessories,apple,59.35,100657,ea704d5e-7a00-4ac8-858d-2c55fc4b6a7b
2024-03-05T14:02:03.000000,view,59327,1006,auto.accessories,apple,59.35,100657,ea704d5e-7a00-4ac8-858d-2c55fc4b6a7b
2024-03-05T14:03:52.000000,view,59327,1006,auto.accessories,apple,59.35,100657,ea704d5e-7a00-4ac8-858d-2c55fc4b6a7b
2024-03-05T14:07:33.000000,view,82052,1004,computers.notebook,xiaomi,1371.77,100503,aaba6b24-0490-4322-98f7-ce2c5e67ec31
2024-03-05T14:08:41.000000,view,82052,1004,computers.notebook,xiaomi,1371.77,100503,aaba6b24-0490-4322-98f7-ce2c5e67ec31
2024-03-05T14:11:21.000000,cart,82052,1004,computers.notebook,xiaomi,1371.77,100503,aaba6b24-0490-4322-98f7-ce2c5e67ec31
2024-03-05T14:13:04.000000,purchase,82052,1004,computers.notebook,xiaomi,1371.77,100503,aaba6b24-0490-4322-98f7-ce2c5e67ec31
2024-03-05T15:00:00.000000,view,68005,1002,electronics.audio.headphone,lg,216.71,100522,8144731d-7f78-4f95-816c-9bd8cb953eda
2024-03-05T15:00:00.000000,view,56246,1003,appliances.kitchen.refrigerators,lg,1315.77,100577,4c43fa31-692f-4ad0-aa4c-9bd5868ef586
2024-03-05T15:00:00.000000,view,92722,1004,computers.notebook,lg,2716.98,100745,8ff709cb-9d76-4350-ab7c-971fd842e0a0
2024-03-05T15:01:09.000000,view,92722,1004,computers.notebook,lg,2716.98,100745,8ff709cb-9d76-4350-ab7c-971fd842e0a0
2024-03-05T15:02:27.000000,view,68005,1002,electronics.audio.headphone,lg,216.71,100522,8144731d-7f78-4f95-816c-9bd8cb953eda
2024-03-05T15:02:31.000000,view,56246,1003,appliances.kitchen.refrigerators,lg,1315.77,100577,4c43fa31-692f-4ad0-aa4c-9bd5868ef586
2024-03-05T15:04:55.000000,view,56246,1003,appliances.kitchen.refrigerators,lg,1315.77,100577,4c43fa31-692f-4ad0-aa4c-9bd5868ef586
2024-03-05T15:05:07.000000,view,56246,1003,appliances.kitchen.refrigerators,lg,1315.77,100577,4c43fa31-692f-4ad0-aa4c-9bd5868ef586
2024-03-05T15:05:24.000000,view,68005,1002,electronics.audio.headphone,lg,216.71,100522,8144731d-7f78-4f95-816c-9bd8cb953eda
2024-03-05T15:05:46.000000,view,68005,1002,electronics.audio.headphone,lg,216.71,100522,8144731d-7f78-4f95-816c-9bd8cb953eda
2024-03-05T16:00:00.000000,view,60944,1004,computers.notebook,samsung,549.87,100537,f83d6368-fd01-44ac-8257-b00c6a8b8e63
2024-03-05T16:00:43.000000,view,60944,1004,computers.notebook,samsung,549.87,100537,f83d6368-fd01-44ac-8257-b00c6a8b8e63
2024-03-05T16:27:05.000000,view,89833,1002,electronics.audio.headphone,xiaomi,249.38,100933,0e436024-58a6-4175-af85-195a5645527c
2024-03-05T16:28:31.000000,view,89833,1002,electronics.audio.headphone,xiaomi,249.38,100933,0e436024-58a6-4175-af85-195a5645527c
2024-03-05T16:30:14.000000,view,89833,1002,electronics.audio.headphone,xiaomi,249.38,100933,0e436024-58a6-4175-af85-195a5645527c
2024-03-05T16:30:35.000000,view,89833,1002,electronics.audio.headphone,xiaomi,249.38,100933,0e436024-58a6-4175-af85-195a5645527c
2024-03-05T19:00:00.000000,view,78645,1001,electronics.smartphone,apple,393.75,100096,6717b8ed-5585-4ac6-b3bc-cb1af775e641
2024-03-05T19:07:11.000000,view,54406,1001,electronics.smartphone,samsung,397.8,100065,f2459634-a051-4af0-83fe-d854b0cab504
2024-03-05T19:08:53.000000,view,54406,1001,electronics.smartphone,samsung,397.8,100065,f2459634-a051-4af0-83fe-d854b0cab504
2024-03-05T19:10:41.000000,view,54406,1001,electronics.smartphone,samsung,397.8,100065,f2459634-a051-4af0-83fe-d854b0cab504
2024-03-05T19:12:59.000000,view,80708,1004,computers.notebook,xiaomi,1161.67,100497,4f9851e0-832c-43a5-b776-471f9f1a336c
2024-03-05T19:13:16.000000,cart,54406,1001,electronics.smartphone,samsung,397.8,100065,f2459634-a051-4af0-83fe-d854b0cab504
2024-03-05T19:14:44.000000,view,57909,1005,apparel.shoes,samsung,129.92,100281,dacd1142-37d0-4d6a-9082-7e72f5037a81
2024-03-05T19:15:13.000000,view,80708,1004,computers.notebook,xiaomi,1161.67,100497,4f9851e0-832c-43a5-b776-471f9f1a336c
2024-03-05T19:16:00.000000,view,57909,1005,apparel.shoes,samsung,129.92,100281,dacd1142-37d0-4d6a-9082-7e72f5037a81
2024-03-05T19:17:37.000000,view,57909,1005,apparel.shoes,samsung,129.92,100281,dacd1142-37d0-4d6a-9082-7e72f5037a81
2024-03-05T19:19:17.000000,view,57909,1005,apparel.shoes,samsung,129.92,100281,dacd1142-37d0-4d6a-9082-7e72f5037a81
2024-03-05T20:00:00.000000,view,90979,1001,electronics.smartphone,bosch,463.37,100007,89182d8d-4a03-4540-830a-c0775d524556
2024-03-05T20:00:00.000000,view,75042,1001,electronics.smartphone,asus,650.8,100367,900e1571-fa51-4167-a0e0-c94965a8eb01
2024-03-05T20:00:00.000000,view,52528,1002,electronics.audio.headphone,lg,52.13,100681,182fb1f9-c98b-4019-8761-98d2ee284d16
2024-03-05T20:00:00.000000,view,89896,1002,electronics.audio.headphone,nike,66.9,100717,113c9c34-062a-40b8-ba23-fe9ec5caa324
2024-03-05T20:00:41.000000,view,52528,1002,electronics.audio.headphone,lg,52.13,100681,182fb1f9-c98b-4019-8761-98d2ee284d16
2024-03-05T20:00:49.000000,view,90979,1001,electronics.smartphone,bosch,463.37,100007,89182d8d-4a03-4540-830a-c0775d524556
2024-03-05T20:01:24.000000,cart,75042,1001,electronics.smartphone,asus,650.8,100367,900e1571-fa51-4167-a0e0-c94965a8eb01
2024-03-05T20:01:30.000000,view,52528,1002,electronics.audio.headphone,lg,52.13,100681,182fb1f9-c98b-4019-8761-98d2ee284d16
2024-03-05T20:01:39.000000,view,89896,1002,electronics.audio.headphone,nike,66.9,100717,113c9c34-062a-40b8-ba23-fe9ec5caa324
2024-03-05T20:03:06.000000,purchase,75042,1001,electronics.smartphone,asus,650.8,100367,900e1571-fa51-4167-a0e0-c94965a8eb01
2024-03-05T20:03:21.000000,view,52528,1002,electronics.audio.headphone,lg,52.13,100681,182fb1f9-c98b-4019-8761-98d2ee284d16
2024-03-05T20:03:40.000000,view,93650,1006,auto.accessories,xiaomi,92.22,100544,975bc678-d666-4aa6-bf80-c39f391a3ed1
2024-03-05T20:03:56.000000,cart,52528,1002,electronics.audio.headphone,lg,52.13,100681,182fb1f9-c98b-4019-8761-98d2ee284d16
2024-03-05T20:06:31.000000,view,94175,1006,auto.accessories,asus,64.43,100659,bc2e74ed-7244-4a75-bca7-b857a084faf1
2024-03-05T21:05:55.000000,view,71628,1003,appliances.kitchen.refrigerators,apple,1712.48,100450,37cc1edc-ae8a-466b-9697-6e4811ea92d8
2024-03-06T00:03:51.000000,view,95631,1005,apparel.shoes,nike,94.82,100997,e3c76d78-2193-4cdb-88db-b7cc40adc76c
2024-03-06T00:05:38.000000,view,95631,1005,apparel.shoes,nike,94.82,100997,e3c76d78-2193-4cdb-88db-b7cc40adc76c
2024-03-06T00:07:43.000000,cart,95631,1005,apparel.shoes,nike,94.82,100997,e3c76d78-2193-4cdb-88db-b7cc40adc76c
2024-03-06T05:16:01.000000,view,95709,1006,auto.accessories,apple,104.87,100327,68526004-31bc-4e27-ab3e-bc05500a083e
2024-03-06T05:17:17.000000,view,95709,1006,auto.accessories,apple,104.87,100327,68526004-31bc-4e27-ab3e-bc05500a083e
2024-03-06T05:23:24.000000,view,62016,1001,electronics.smartphone,asus,520.3,100795,2b6c0eda-26d1-4e03-ba4a-5c4b381e6dd9
2024-03-06T05:24:17.000000,view,62016,1001,electronics.smartphone,asus,520.3,100795,2b6c0eda-26d1-4e03-ba4a-5c4b381e6dd9
2024-03-06T05:25:43.000000,view,62016,1001,electronics.smartphone,asus,520.3,100795,2b6c0eda-26d1-4e03-ba4a-5c4b381e6dd9
2024-03-06T05:27:47.000000,view,62016,1001,electronics.smartphone,asus,520.3,100795,2b6c0eda-26d1-4e03-ba4a-5c4b381e6dd9
2024-03-06T07:08:30.000000,view,64880,1002,electronics.audio.headphone,samsung,259.02,100924,39a6de1b-44a6-4e87-9a3e-ff5a7f7e25db
2024-03-06T07:11:14.000000,view,64880,1002,electronics.audio.headphone,samsung,259.02,100924,39a6de1b-44a6-4e87-9a3e-ff5a7f7e25db
2024-03-06T07:12:17.000000,view,64880,1002,electronics.audio.headphone,samsung,259.02,100924,39a6de1b-44a6-4e87-9a3e-ff5a7f7e25db
2024-03-06T07:12:57.000000,view,64880,1002,electronics.audio.headphone,samsung,259.02,100924,39a6de1b-44a6-4e87-9a3e-ff5a7f7e25db
2024-03-06T07:16:24.000000,view,64989,1006,auto.accessories,xiaomi,140.93,100456,dceba25e-0437-4791-89f5-3f1d5c7aa370
2024-03-06T07:17:51.000000,view,64989,1006,auto.accessories,xiaomi,140.93,100456,dceba25e-0437-4791-89f5-3f1d5c7aa370
2024-03-06T07:19:35.000000,view,64989,1006,auto.accessories,xiaomi,140.93,100456,dceba25e-0437-4791-89f5-3f1d5c7aa370
2024-03-06T07:20:22.000000,view,64989,1006,auto.accessories,xiaomi,140.93,100456,dceba25e-0437-4791-89f5-3f1d5c7aa370
2024-03-06T07:21:50.000000,cart,64989,1006,auto.accessories,xiaomi,140.93,100456,dceba25e-0437-4791-89f5-3f1d5c7aa370
2024-03-06T08:00:00.000000,view,55180,1005,apparel.shoes,nike,156.63,100830,7f27ed0f-38eb-47d8-9550-c97e18ff1554
2024-03-06T08:03:51.000000,view,94660,1002,electronics.audio.headphone,samsung,204.91,100367,bc9460b9-3b59-408b-b989-0c80f09f9d80
2024-03-06T08:06:09.000000,view,94660,1002,electronics.audio.headphone,samsung,204.91,100367,bc9460b9-3b59-408b-b989-0c80f09f9d80
2024-03-06T10:00:00.000000,view,60649,1005,apparel.shoes,xiaomi,102.87,100074,46c9a8db-1674-43c8-89f0-db4b384aa26d
2024-03-06T10:02:41.000000,view,60649,1005,apparel.shoes,xiaomi,102.87,100074,46c9a8db-1674-43c8-89f0-db4b384aa26d
2024-03-06T10:04:17.000000,view,60649,1005,apparel.shoes,xiaomi,102.87,100074,46c9a8db-1674-43c8-89f0-db4b384aa26d
2024-03-06T10:28:41.000000,view,50833,1002,electronics.audio.headphone,nike,49.93,100795,ce265f6d-6313-413c-bef8-779b400de5ea
2024-03-06T10:29:32.000000,view,50833,1002,electronics.audio.headphone,nike,49.93,100795,ce265f6d-6313-413c-bef8-779b400de5ea
2024-03-06T12:00:00.000000,view,68263,1002,electronics.audio.headphone,samsung,248.89,100903,650f5b22-556e-478d-b5f1-03050536d143
2024-03-06T12:01:44.000000,view,68263,1002,electronics.audio.headphone,samsung,248.89,100903,650f5b22-556e-478d-b5f1-03050536d143
2024-03-06T12:02:24.000000,view,68263,1002,electronics.audio.headphone,samsung,248.89,100903,650f5b22-556e-478d-b5f1-03050536d143
2024-03-06T12:02:39.000000,cart,68263,1002,electronics.audio.headphone,samsung,248.89,100903,650f5b22-556e-478d-b5f1-03050536d143
2024-03-06T12:04:14.000000,purchase,68263,1002,electronics.audio.headphone,samsung,248.89,100903,650f5b22-556e-478d-b5f1-03050536d143
2024-03-06T13:00:00.000000,view,71091,1004,computers.notebook,samsung,2608.71,100310,6007ac36-926f-48b9-b339-d15255be0f08
2024-03-06T13:00:00.000000,view,79754,1003,appliances.kitchen.refrigerators,nike,1741.64,100378,aa3f792b-173c-485d-a396-31fc69802536
2024-03-06T13:00:43.000000,cart,79754,1003,appliances.kitchen.refrigerators,nike,1741.64,100378,aa3f792b-173c-485d-a396-31fc69802536
2024-03-06T13:01:44.000000,purchase,79754,1003,appliances.kitchen.refrigerators,nike,1741.64,100378,aa3f792b-173c-485d-a396-31fc69802536
2024-03-06T13:02:16.000000,view,71091,1004,computers.notebook,samsung,2608.71,100310,6007ac36-926f-48b9-b339-d15255be0f08
2024-03-06T13:04:27.000000,view,71091,1004,computers.notebook,samsung,2608.71,100310,6007ac36-926f-48b9-b339-d15255be0f08
2024-03-06T13:05:45.000000,view,71091,1004,computers.notebook,samsung,2608.71,100310,6007ac36-926f-48b9-b339-d15255be0f08
2024-03-06T15:18:15.000000,view,90847,1001,electronics.smartphone,apple,902.44,100838,70f39378-af9c-4e91-8cd1-32f517cbf800
2024-03-06T15:18:36.000000,view,90847,1001,electronics.smartphone,apple,902.44,100838,70f39378-af9c-4e91-8cd1-32f517cbf800
2024-03-06T15:19:20.000000,view,90847,1001,electronics.smartphone,apple,902.44,100838,70f39378-af9c-4e91-8cd1-32f517cbf800
2024-03-06T15:21:28.000000,view,90847,1001,electronics.smartphone,apple,902.44,100838,70f39378-af9c-4e91-8cd1-32f517cbf800
2024-03-06T15:29:46.000000,view,55907,1003,appliances.kitchen.refrigerators,bosch,1696.29,100342,f18a7a4a-c7bf-41a2-8da9-c32e019b14c5
2024-03-06T16:00:00.000000,view,56179,1005,apparel.shoes,samsung,46.04,100188,7735544c-e655-4eaa-b12f-183d1bbb1840
2024-03-06T16:00:49.000000,view,56179,1005,apparel.shoes,samsung,46.04,100188,7735544c-e655-4eaa-b12f-183d1bbb1840
2024-03-06T16:01:34.000000,view,56179,1005,apparel.shoes,samsung,46.04,100188,7735544c-e655-4eaa-b12f-183d1bbb1840
2024-03-06T16:02:51.000000,cart,56179,1005,apparel.shoes,samsung,46.04,100188,7735544c-e655-4eaa-b12f-183d1bbb1840
2024-03-06T16:04:20.000000,purchase,56179,1005,apparel.shoes,samsung,46.04,100188,7735544c-e655-4eaa-b12f-183d1bbb1840
2024-03-06T16:05:19.000000,view,56995,1001,electronics.smartphone,asus,501.32,100577,5667ae02-ebbd-4fa0-9916-e1e0b6be3adb
2024-03-06T16:05:57.000000,view,56995,1001,electronics.smartphone,asus,501.32,100577,5667ae02-ebbd-4fa0-9916-e1e0b6be3adb
2024-03-06T16:07:13.000000,view,53023,1003,appliances.kitchen.refrigerators,lg,526.83,100213,6ea6490b-de3e-442b-9cc3-d94e1a95d8d4
2024-03-06T16:07:28.000000,view,53023,1003,appliances.kitchen.refrigerators,lg,526.83,100213,6ea6490b-de3e-442b-9cc3-d94e1a95d8d4
2024-03-06T16:08:27.000000,view,56995,1001,electronics.smartphone,asus,501.32,100577,5667ae02-ebbd-4fa0-9916-e1e0b6be3adb
2024-03-06T16:09:09.000000,view,56995,1001,electronics.smartphone,asus,501.32,100577,5667ae02-ebbd-4fa0-9916-e1e0b6be3adb
2024-03-06T16:10:05.000000,view,53023,1003,appliances.kitchen.refrigerators,lg,526.83,100213,6ea6490b-de3e-442b-9cc3-d94e1a95d8d4
2024-03-06T17:00:00.000000,view,52341,1006,auto.accessories,nike,53.59,100910,5784a9dd-706e-49e5-a5b7-12f657b9b44c
2024-03-06T17:00:25.000000,cart,52341,1006,auto.accessories,nike,53.59,100910,5784a9dd-706e-49e5-a5b7-12f657b9b44c
2024-03-06T17:01:14.000000,purchase,52341,1006,auto.accessories,nike,53.59,100910,5784a9dd-706e-49e5-a5b7-12f657b9b44c
2024-03-06T18:00:00.000000,view,85464,1003,appliances.kitchen.refrigerators,asus,2006.09,100304,bc981953-b44e-465b-8eef-0dbb87a49b07
2024-03-06T18:02:10.000000,view,85464,1003,appliances.kitchen.refrigerators,asus,2006.09,100304,bc981953-b44e-465b-8eef-0dbb87a49b07
2024-03-06T18:08:57.000000,view,65650,1002,electronics.audio.headphone,nike,182.24,100031,6e07402d-ca97-49d4-878b-913bc569212c
2024-03-06T18:10:52.000000,view,65650,1002,electronics.audio.headphone,nike,182.24,100031,6e07402d-ca97-49d4-878b-913bc569212c
2024-03-06T18:11:13.000000,cart,65650,1002,electronics.audio.headphone,nike,182.24,100031,6e07402d-ca97-49d4-878b-913bc569212c
2024-03-06T20:00:00.000000,view,69427,1004,computers.notebook,apple,3184.67,100148,1c7d7a1b-1d2a-4ffe-b34a-79c9984713e4
2024-03-06T20:00:00.000000,view,80798,1003,appliances.kitchen.refrigerators,bosch,2207.98,100852,a1650401-ad12-4566-8320-380cbc12c064
2024-03-06T20:01:32.000000,view,69427,1004,computers.notebook,apple,3184.67,100148,1c7d7a1b-1d2a-4ffe-b34a-79c9984713e4
2024-03-06T20:01:44.000000,view,92533,1006,auto.accessories,bosch,128.19,100984,5f1cd166-c334-461a-80ef-75345ecdb34a
2024-03-06T20:02:05.000000,cart,80798,1003,appliances.kitchen.refrigerators,bosch,2207.98,100852,a1650401-ad12-4566-8320-380cbc12c064
2024-03-06T20:02:51.000000,purchase,80798,1003,appliances.kitchen.refrigerators,bosch,2207.98,100852,a1650401-ad12-4566-8320-380cbc12c064
2024-03-06T20:03:53.000000,cart,69427,1004,computers.notebook,apple,3184.67,100148,1c7d7a1b-1d2a-4ffe-b34a-79c9984713e4
2024-03-06T20:04:16.000000,view,92533,1006,auto.accessories,bosch,128.19,100984,5f1cd166-c334-461a-80ef-75345ecdb34a
2024-03-06T20:04:20.000000,purchase,69427,1004,computers.notebook,apple,3184.67,100148,1c7d7a1b-1d2a-4ffe-b34a-79c9984713e4
2024-03-06T20:09:58.000000,view,97119,1001,electronics.smartphone,bosch,613.43,100106,aafe4e48-b573-45b1-8382-113567f191f4
2024-03-06T20:11:56.000000,view,97119,1001,electronics.smartphone,bosch,613.43,100106,aafe4e48-b573-45b1-8382-113567f191f4
2024-03-06T20:20:42.000000,view,68562,1004,computers.notebook,nike,2576.49,100370,26c93a1f-d54c-48a6-8d5f-9624df41eb0e
2024-03-06T21:04:32.000000,view,52589,1005,apparel.shoes,apple,138.3,100544,873c5eb6-528c-4ef8-84d0-90eac5fdbe6a
2024-03-06T21:05:25.000000,view,52589,1005,apparel.shoes,apple,138.3,100544,873c5eb6-528c-4ef8-84d0-90eac5fdbe6a
2024-03-06T21:21:01.000000,view,91089,1004,computers.notebook,samsung,2639.91,100336,8e76506b-1564-40d0-9c53-7892313dd604
2024-03-06T21:21:19.000000,view,91089,1004,computers.notebook,samsung,2639.91,100336,8e76506b-1564-40d0-9c53-7892313dd604
2024-03-06T21:21:59.000000,cart,91089,1004,computers.notebook,samsung,2639.91,100336,8e76506b-1564-40d0-9c53-7892313dd604
2024-03-06T21:23:16.000000,purchase,91089,1004,computers.notebook,samsung,2639.91,100336,8e76506b-1564-40d0-9c53-7892313dd604
2024-03-06T22:02:35.000000,view,55247,1004,computers.notebook,nike,840.47,100224,b9163ed5-124c-4581-9323-3f53d84c61f4
2024-03-06T22:04:44.000000,view,55247,1004,computers.notebook,nike,840.47,100224,b9163ed5-124c-4581-9323-3f53d84c61f4
2024-03-06T22:07:06.000000,view,55247,1004,computers.notebook,nike,840.47,100224,b9163ed5-124c-4581-9323-3f53d84c61f4
2024-03-06T23:09:11.000000,view,83450,1004,computers.notebook,asus,680.72,100153,da936b70-5df4-4073-9e47-ff023a285189
2024-03-06T23:11:29.000000,view,83450,1004,computers.notebook,asus,680.72,100153,da936b70-5df4-4073-9e47-ff023a285189
2024-03-06T23:11:41.000000,view,83450,1004,computers.notebook,asus,680.72,100153,da936b70-5df4-4073-9e47-ff023a285189
2024-03-06T23:14:40.000000,cart,83450,1004,computers.notebook,asus,680.72,100153,da936b70-5df4-4073-9e47-ff023a285189
2024-03-07T01:05:53.000000,view,71791,1003,appliances.kitchen.refrigerators,bosch,1537.99,100874,0ba108b3-0513-46b1-b067-49566d63fad8
2024-03-07T01:08:02.000000,view,69352,1003,appliances.kitchen.refrigerators,xiaomi,1816.23,100450,7ea84bff-3fa3-48e1-935b-ae1abaa4aed7
2024-03-07T01:10:07.000000,view,69352,1003,appliances.kitchen.refrigerators,xiaomi,1816.23,100450,7ea84bff-3fa3-48e1-935b-ae1abaa4aed7
2024-03-07T01:11:23.000000,view,69352,1003,appliances.kitchen.refrigerators,xiaomi,1816.23,100450,7ea84bff-3fa3-48e1-935b-ae1abaa4aed7
2024-03-07T01:13:58.000000,cart,69352,1003,appliances.kitchen.refrigerators,xiaomi,1816.23,100450,7ea84bff-3fa3-48e1-935b-ae1abaa4aed7
2024-03-07T02:12:39.000000,view,81026,1005,apparel.shoes,samsung,119.1,100553,2b448005-e9b2-499c-ad40-d0a8e74073d0
2024-03-07T02:13:19.000000,view,81026,1005,apparel.shoes,samsung,119.1,100553,2b448005-e9b2-499c-ad40-d0a8e74073d0
2024-03-07T02:16:08.000000,view,81026,1005,apparel.shoes,samsung,119.1,100553,2b448005-e9b2-499c-ad40-d0a8e74073d0
2024-03-07T04:11:51.000000,view,80950,1004,computers.notebook,xiaomi,2374.18,100577,8fe03b40-1e72-428b-8ca0-dbd79828179d
2024-03-07T04:13:08.000000,view,80950,1004,computers.notebook,xiaomi,2374.18,100577,8fe03b40-1e72-428b-8ca0-dbd79828179d
2024-03-07T04:14:30.000000,view,80950,1004,computers.notebook,xiaomi,2374.18,100577,8fe03b40-1e72-428b-8ca0-dbd79828179d
2024-03-07T04:17:12.000000,view,80950,1004,computers.notebook,xiaomi,2374.18,100577,8fe03b40-1e72-428b-8ca0-dbd79828179d
2024-03-07T06:14:17.000000,view,74304,1001,electronics.smartphone,samsung,741.72,100450,83d53cbb-6022-45fb-b82b-0836e47dd546
2024-03-07T06:15:45.000000,view,74304,1001,electronics.smartphone,samsung,741.72,100450,83d53cbb-6022-45fb-b82b-0836e47dd546
2024-03-07T06:16:35.000000,view,74304,1001,electronics.smartphone,samsung,741.72,100450,83d53cbb-6022-45fb-b82b-0836e47dd546
2024-03-07T07:21:14.000000,view,76953,1001,electronics.smartphone,asus,258.86,100370,98807bb5-0bc7-4da3-a2d9-1f02c75c2474
2024-03-07T08:15:49.000000,view,82668,1001,electronics.smartphone,bosch,820.89,100924,23431fee-aeef-4f38-a1a6-617dbcb26160
2024-03-07T09:00:00.000000,view,85591,1002,electronics.audio.headphone,lg,172.68,100147,d315d832-dd55-4e64-a878-c67d36265bd3
2024-03-07T09:01:39.000000,cart,85591,1002,electronics.audio.headphone,lg,172.68,100147,d315d832-dd55-4e64-a878-c67d36265bd3
2024-03-07T10:00:00.000000,view,67623,1002,electronics.audio.headphone,samsung,107.81,100097,f66bdd55-d4b5-4f97-bb58-4c28711336f7
2024-03-07T10:00:47.000000,view,67623,1002,electronics.audio.headphone,samsung,107.81,100097,f66bdd55-d4b5-4f97-bb58-4c28711336f7
2024-03-07T10:01:13.000000,view,67623,1002,electronics.audio.headphone,samsung,107.81,100097,f66bdd55-d4b5-4f97-bb58-4c28711336f7
2024-03-07T10:02:05.000000,view,67623,1002,electronics.audio.headphone,samsung,107.81,100097,f66bdd55-d4b5-4f97-bb58-4c28711336f7
2024-03-07T10:04:06.000000,cart,67623,1002,electronics.audio.headphone,samsung,107.81,100097,f66bdd55-d4b5-4f97-bb58-4c28711336f7
2024-03-07T10:04:59.000000,purchase,67623,1002,electronics.audio.headphone,samsung,107.81,100097,f66bdd55-d4b5-4f97-bb58-4c28711336f7
2024-03-07T12:00:00.000000,view,61486,1005,apparel.shoes,apple,142.45,100162,eb57b8c8-fa1f-4dba-9b2b-acfa8d2d452c
2024-03-07T12:00:12.000000,view,61486,1005,apparel.shoes,apple,142.45,100162,eb57b8c8-fa1f-4dba-9b2b-acfa8d2d452c
2024-03-07T12:01:13.000000,view,61486,1005,apparel.shoes,apple,142.45,100162,eb57b8c8-fa1f-4dba-9b2b-acfa8d2d452c
2024-03-07T12:04:11.000000,view,61486,1005,apparel.shoes,apple,142.45,100162,eb57b8c8-fa1f-4dba-9b2b-acfa8d2d452c
2024-03-07T12:04:28.000000,view,96651,1005,apparel.shoes,bosch,127.35,100832,fb61a3c5-62bb-4645-b6c2-1e96ae6e1f36
2024-03-07T12:04:58.000000,view,96651,1005,apparel.shoes,bosch,127.35,100832,fb61a3c5-62bb-4645-b6c2-1e96ae6e1f36
2024-03-07T12:05:03.000000,view,88367,1002,electronics.audio.headphone,bosch,282.91,100203,5938197c-b500-49df-afc1-65d9eb4e9e39
2024-03-07T12:06:33.000000,cart,61486,1005,apparel.shoes,apple,142.45,100162,eb57b8c8-fa1f-4dba-9b2b-acfa8d2d452c
2024-03-07T12:06:53.000000,view,88367,1002,electronics.audio.headphone,bosch,282.91,100203,5938197c-b500-49df-afc1-65d9eb4e9e39
2024-03-07T12:07:26.000000,cart,96651,1005,apparel.shoes,bosch,127.35,100832,fb61a3c5-62bb-4645-b6c2-1e96ae6e1f36
2024-03-07T12:08:48.000000,cart,88367,1002,electronics.audio.headphone,bosch,282.91,100203,5938197c-b500-49df-afc1-65d9eb4e9e39
2024-03-07T12:09:06.000000,purchase,88367,1002,electronics.audio.headphone,bosch,282.91,100203,5938197c-b500-49df-afc1-65d9eb4e9e39
2024-03-07T12:22:50.000000,view,75791,1004,computers.notebook,asus,2764.36,100456,d8f36e07-36fb-46a8-b47a-b2c7c326ce6c
2024-03-07T12:24:43.000000,cart,75791,1004,computers.notebook,asus,2764.36,100456,d8f36e07-36fb-46a8-b47a-b2c7c326ce6c
2024-03-07T12:25:50.000000,purchase,75791,1004,computers.notebook,asus,2764.36,100456,d8f36e07-36fb-46a8-b47a-b2c7c326ce6c
2024-03-07T13:00:00.000000,view,76942,1006,auto.accessories,lg,35.56,100819,98cba104-7c42-4388-978b-e08892b009c9
2024-03-07T13:00:00.000000,view,81919,1004,computers.notebook,apple,3006.46,100912,4a9ffee9-1963-498b-9f1b-b9a8bfd40258
2024-03-07T13:00:42.000000,view,76942,1006,auto.accessories,lg,35.56,100819,98cba104-7c42-4388-978b-e08892b009c9
2024-03-07T13:02:30.000000,view,81919,1004,computers.notebook,apple,3006.46,100912,4a9ffee9-1963-498b-9f1b-b9a8bfd40258
2024-03-07T13:03:47.000000,view,81919,1004,computers.notebook,apple,3006.46,100912,4a9ffee9-1963-498b-9f1b-b9a8bfd40258
2024-03-07T13:04:06.000000,view,81919,1004,computers.notebook,apple,3006.46,100912,4a9ffee9-1963-498b-9f1b-b9a8bfd40258
2024-03-07T13:07:19.000000,view,72791,1006,auto.accessories,bosch,31.02,100086,677a3e4d-7611-4978-ba59-5ad7de389c86
2024-03-07T13:09:44.000000,view,72791,1006,auto.accessories,bosch,31.02,100086,677a3e4d-7611-4978-ba59-5ad7de389c86
2024-03-07T13:10:26.000000,view,72791,1006,auto.accessories,bosch,31.02,100086,677a3e4d-7611-4978-ba59-5ad7de389c86
2024-03-07T13:11:33.000000,view,72791,1006,auto.accessories,bosch,31.02,100086,677a3e4d-7611-4978-ba59-5ad7de389c86
2024-03-07T13:23:55.000000,view,54019,1002,electronics.audio.headphone,bosch,138.24,100955,ff4c3283-9b03-4aee-a1b2-13f3e3e08576
2024-03-07T13:24:52.000000,view,54019,1002,electronics.audio.headphone,bosch,138.24,100955,ff4c3283-9b03-4aee-a1b2-13f3e3e08576
2024-03-07T15:00:00.000000,view,94178,1001,electronics.smartphone,apple,371.29,100168,b1647b28-d6e8-4185-8d00-4e43a0550b87
2024-03-07T15:01:33.000000,cart,94178,1001,electronics.smartphone,apple,371.29,100168,b1647b28-d6e8-4185-8d00-4e43a0550b87
2024-03-07T15:02:21.000000,purchase,94178,1001,electronics.smartphone,apple,371.29,100168,b1647b28-d6e8-4185-8d00-4e43a0550b87
2024-03-07T15:13:37.000000,view,54196,1002,electronics.audio.headphone,samsung,117.97,100009,01f3f590-de23-45e4-b4c6-728d5d13063d
2024-03-07T15:16:17.000000,view,54196,1002,electronics.audio.headphone,samsung,117.97,100009,01f3f590-de23-45e4-b4c6-728d5d13063d
2024-03-07T15:17:23.000000,cart,54196,1002,electronics.audio.headphone,samsung,117.97,100009,01f3f590-de23-45e4-b4c6-728d5d13063d
2024-03-07T16:00:00.000000,view,86549,1006,auto.accessories,apple,67.3,100202,bd7869a6-4394-47c7-bedc-a24cd85a7999
2024-03-07T16:00:58.000000,cart,86549,1006,auto.accessories,apple,67.3,100202,bd7869a6-4394-47c7-bedc-a24cd85a7999
2024-03-07T16:15:18.000000,view,85315,1006,auto.accessories,xiaomi,114.27,100642,491a7e56-a0ef-4d5d-bad7-e96d3c3db7c9
2024-03-07T16:17:58.000000,view,85315,1006,auto.accessories,xiaomi,114.27,100642,491a7e56-a0ef-4d5d-bad7-e96d3c3db7c9
2024-03-07T16:20:23.000000,view,85315,1006,auto.accessories,xiaomi,114.27,100642,491a7e56-a0ef-4d5d-bad7-e96d3c3db7c9
2024-03-07T16:20:32.000000,view,88461,1005,apparel.shoes,nike,90.31,100483,8e02e82d-ad2c-40b4-93ba-bdd4827ab372
2024-03-07T16:22:44.000000,view,85315,1006,auto.accessories,xiaomi,114.27,100642,491a7e56-a0ef-4d5d-bad7-e96d3c3db7c9
2024-03-07T16:23:18.000000,cart,88461,1005,apparel.shoes,nike,90.31,100483,8e02e82d-ad2c-40b4-93ba-bdd4827ab372
2024-03-07T16:25:09.000000,purchase,88461,1005,apparel.shoes,nike,90.31,100483,8e02e82d-ad2c-40b4-93ba-bdd4827ab372
2024-03-07T17:24:02.000000,view,78566,1002,electronics.audio.headphone,asus,199.57,100028,727f8153-4dd2-46a6-ba55-47f39753e17a
2024-03-07T17:24:35.000000,view,78566,1002,electronics.audio.headphone,asus,199.57,100028,727f8153-4dd2-46a6-ba55-47f39753e17a
2024-03-07T17:26:45.000000,view,78566,1002,electronics.audio.headphone,asus,199.57,100028,727f8153-4dd2-46a6-ba55-47f39753e17a
2024-03-07T17:28:24.000000,view,78566,1002,electronics.audio.headphone,asus,199.57,100028,727f8153-4dd2-46a6-ba55-47f39753e17a
2024-03-07T17:30:18.000000,cart,78566,1002,electronics.audio.headphone,asus,199.57,100028,727f8153-4dd2-46a6-ba55-47f39753e17a
2024-03-07T17:31:58.000000,purchase,78566,1002,electronics.audio.headphone,asus,199.57,100028,727f8153-4dd2-46a6-ba55-47f39753e17a
2024-03-07T18:00:00.000000,view,87921,1006,auto.accessories,xiaomi,88.49,100156,637fe939-777c-4289-b1f5-443ec56b1154
2024-03-07T18:00:00.000000,view,88688,1005,apparel.shoes,apple,174.11,100473,b3550c9b-74cd-401a-9800-77b7b8844833
2024-03-07T18:01:46.000000,view,87921,1006,auto.accessories,xiaomi,88.49,100156,637fe939-777c-4289-b1f5-443ec56b1154
2024-03-07T18:02:37.000000,cart,88688,1005,apparel.shoes,apple,174.11,100473,b3550c9b-74cd-401a-9800-77b7b8844833
2024-03-07T18:04:29.000000,purchase,88688,1005,apparel.shoes,apple,174.11,100473,b3550c9b-74cd-401a-9800-77b7b8844833
2024-03-07T18:04:43.000000,cart,87921,1006,auto.accessories,xiaomi,88.49,100156,637fe939-777c-4289-b1f5-443ec56b1154
2024-03-07T19:03:39.000000,view,93101,1005,apparel.shoes,asus,148.53,100304,bff9942b-b2b1-491e-8c41-5a24f0272ad9
2024-03-07T19:04:42.000000,view,93264,1004,computers.notebook,nike,590.59,100221,c057ae2c-e234-40ae-be29-02a26db1d8dc
2024-03-07T19:05:27.000000,view,93264,1004,computers.notebook,nike,590.59,100221,c057ae2c-e234-40ae-be29-02a26db1d8dc
2024-03-07T19:18:34.000000,view,81989,1002,electronics.audio.headphone,lg,56.06,100142,92bb125a-f66e-411e-9be4-416c98513163
2024-03-07T19:20:36.000000,view,81989,1002,electronics.audio.headphone,lg,56.06,100142,92bb125a-f66e-411e-9be4-416c98513163
2024-03-07T19:20:57.000000,view,81989,1002,electronics.audio.headphone,lg,56.06,100142,92bb125a-f66e-411e-9be4-416c98513163
2024-03-07T19:21:23.000000,view,81989,1002,electronics.audio.headphone,lg,56.06,100142,92bb125a-f66e-411e-9be4-416c98513163
2024-03-07T19:49:44.000000,view,63368,1001,electronics.smartphone,bosch,356.36,100982,05bf3107-861f-4fe0-85ba-3f305654c61a
2024-03-07T19:52:15.000000,view,63368,1001,electronics.smartphone,bosch,356.36,100982,05bf3107-861f-4fe0-85ba-3f305654c61a
2024-03-07T19:52:26.000000,view,63368,1001,electronics.smartphone,bosch,356.36,100982,05bf3107-861f-4fe0-85ba-3f305654c61a
2024-03-07T20:26:46.000000,view,96159,1003,appliances.kitchen.refrigerators,apple,744.87,100456,b1b9b391-ff23-4be0-ae9f-f70147a7beba
2024-03-07T20:28:11.000000,view,96159,1003,appliances.kitchen.refrigerators,apple,744.87,100456,b1b9b391-ff23-4be0-ae9f-f70147a7beba
2024-03-07T20:29:56.000000,view,96159,1003,appliances.kitchen.refrigerators,apple,744.87,100456,b1b9b391-ff23-4be0-ae9f-f70147a7beba
2024-03-07T20:30:12.000000,cart,96159,1003,appliances.kitchen.refrigerators,apple,744.87,100456,b1b9b391-ff23-4be0-ae9f-f70147a7beba
2024-03-07T20:32:08.000000,purchase,96159,1003,appliances.kitchen.refrigerators,apple,744.87,100456,b1b9b391-ff23-4be0-ae9f-f70147a7beba
2024-03-07T21:02:15.000000,view,62673,1001,electronics.smartphone,nike,424.15,100594,5d9dbbe9-0f41-4440-918a-e4362275623f
2024-03-07T21:03:08.000000,view,62673,1001,electronics.smartphone,nike,424.15,100594,5d9dbbe9-0f41-4440-918a-e4362275623f
2024-03-07T21:03:15.000000,view,94409,1002,electronics.audio.headphone,bosch,154.02,100704,40f16e80-121f-4635-88ff-3926d654b36f
2024-03-07T21:04:51.000000,view,94409,1002,electronics.audio.headphone,bosch,154.02,100704,40f16e80-121f-4635-88ff-3926d654b36f
2024-03-07T21:05:44.000000,view,62673,1001,electronics.smartphone,nike,424.15,100594,5d9dbbe9-0f41-4440-918a-e4362275623f
2024-03-07T21:06:01.000000,view,87515,1001,electronics.smartphone,apple,491.84,100799,420561f7-45bf-463f-bf13-bb8797ec4ac3
2024-03-07T21:06:55.000000,view,87515,1001,electronics.smartphone,apple,491.84,100799,420561f7-45bf-463f-bf13-bb8797ec4ac3
2024-03-07T21:07:56.000000,view,87515,1001,electronics.smartphone,apple,491.84,100799,420561f7-45bf-463f-bf13-bb8797ec4ac3
2024-03-07T21:08:13.000000,view,62673,1001,electronics.smartphone,nike,424.15,100594,5d9dbbe9-0f41-4440-918a-e4362275623f
2024-03-07T21:09:15.000000,view,87515,1001,electronics.smartphone,apple,491.84,100799,420561f7-45bf-463f-bf13-bb8797ec4ac3
2024-03-07T21:11:13.000000,cart,87515,1001,electronics.smartphone,apple,491.84,100799,420561f7-45bf-463f-bf13-bb8797ec4ac3
2024-03-07T21:13:13.000000,purchase,87515,1001,electronics.smartphone,apple,491.84,100799,420561f7-45bf-463f-bf13-bb8797ec4ac3
2024-03-07T22:01:40.000000,view,64438,1003,appliances.kitchen.refrigerators,samsung,1526.62,100706,25e56060-a110-42f9-a458-7315e621a5f1
2024-03-07T22:02:31.000000,view,64438,1003,appliances.kitchen.refrigerators,samsung,1526.62,100706,25e56060-a110-42f9-a458-7315e621a5f1
2024-03-07T22:02:46.000000,cart,64438,1003,appliances.kitchen.refrigerators,samsung,1526.62,100706,25e56060-a110-42f9-a458-7315e621a5f1
2024-03-07T22:03:38.000000,purchase,64438,1003,appliances.kitchen.refrigerators,samsung,1526.62,100706,25e56060-a110-42f9-a458-7315e621a5f1
2024-03-07T22:11:06.000000,view,89908,1004,computers.notebook,asus,2079.76,100597,86975c69-62fb-4bcb-bffc-2e88e979c453
2024-03-07T22:11:56.000000,cart,89908,1004,computers.notebook,asus,2079.76,100597,86975c69-62fb-4bcb-bffc-2e88e979c453
2024-03-07T23:34:59.000000,view,76806,1006,auto.accessories,apple,65.3,100968,201a21db-5c30-4563-82e1-62ff4ec80a40
2024-03-07T23:37:18.000000,view,76806,1006,auto.accessories,apple,65.3,100968,201a21db-5c30-4563-82e1-62ff4ec80a40
2024-03-07T23:38:06.000000,view,76806,1006,auto.accessories,apple,65.3,100968,201a21db-5c30-4563-82e1-62ff4ec80a40
2024-03-08T00:07:10.000000,view,52628,1003,appliances.kitchen.refrigerators,asus,2065.86,100704,0ea0abc8-9a21-4414-ba2d-4a5474d645ba
2024-03-08T00:08:58.000000,view,52628,1003,appliances.kitchen.refrigerators,asus,2065.86,100704,0ea0abc8-9a21-4414-ba2d-4a5474d645ba
2024-03-08T00:10:48.000000,view,52628,1003,appliances.kitchen.refrigerators,asus,2065.86,100704,0ea0abc8-9a21-4414-ba2d-4a5474d645ba
2024-03-08T00:13:14.000000,cart,52628,1003,appliances.kitchen.refrigerators,asus,2065.86,100704,0ea0abc8-9a21-4414-ba2d-4a5474d645ba
2024-03-08T01:06:13.000000,view,84044,1001,electronics.smartphone,samsung,251.98,100184,042d990c-7d95-416b-946d-7f4cf47a5d47
2024-03-08T01:07:47.000000,view,96041,1002,electronics.audio.headphone,lg,106.55,100878,c1d1bdff-9c3d-4361-8daf-4ab5562a06e0
2024-03-08T01:08:39.000000,view,84044,1001,electronics.smartphone,samsung,251.98,100184,042d990c-7d95-416b-946d-7f4cf47a5d47
2024-03-08T01:08:49.000000,view,96041,1002,electronics.audio.headphone,lg,106.55,100878,c1d1bdff-9c3d-4361-8daf-4ab5562a06e0
2024-03-08T01:09:47.000000,view,96041,1002,electronics.audio.headphone,lg,106.55,100878,c1d1bdff-9c3d-4361-8daf-4ab5562a06e0
2024-03-08T01:10:27.000000,cart,84044,1001,electronics.smartphone,samsung,251.98,100184,042d990c-7d95-416b-946d-7f4cf47a5d47
2024-03-08T01:11:16.000000,view,67766,1003,appliances.kitchen.refrigerators,apple,2315.72,100362,29e68d4b-ebef-4ed5-a21d-109b931f222d
2024-03-08T01:12:30.000000,view,96041,1002,electronics.audio.headphone,lg,106.55,100878,c1d1bdff-9c3d-4361-8daf-4ab5562a06e0
2024-03-08T01:12:33.000000,view,67766,1003,appliances.kitchen.refrigerators,apple,2315.72,100362,29e68d4b-ebef-4ed5-a21d-109b931f222d
2024-03-08T01:13:02.000000,view,67766,1003,appliances.kitchen.refrigerators,apple,2315.72,100362,29e68d4b-ebef-4ed5-a21d-109b931f222d
2024-03-08T02:01:41.000000,view,95030,1003,appliances.kitchen.refrigerators,apple,769.87,100910,2cfe3990-b6db-4ca7-a0e2-f5bdd33e96f3
2024-03-08T02:02:39.000000,view,95030,1003,appliances.kitchen.refrigerators,apple,769.87,100910,2cfe3990-b6db-4ca7-a0e2-f5bdd33e96f3
2024-03-08T02:05:02.000000,view,95030,1003,appliances.kitchen.refrigerators,apple,769.87,100910,2cfe3990-b6db-4ca7-a0e2-f5bdd33e96f3
2024-03-08T02:07:15.000000,view,90333,1005,apparel.shoes,xiaomi,173.9,100544,8db6919e-bc00-42ce-a225-72a5648c0d6a
2024-03-08T02:10:01.000000,cart,90333,1005,apparel.shoes,xiaomi,173.9,100544,8db6919e-bc00-42ce-a225-72a5648c0d6a
2024-03-08T02:10:24.000000,purchase,90333,1005,apparel.shoes,xiaomi,173.9,100544,8db6919e-bc00-42ce-a225-72a5648c0d6a
2024-03-08T05:10:13.000000,view,56002,1001,electronics.smartphone,nike,154.03,100501,b6fb8a45-27ac-44f4-bd11-f5685fdfd28b
2024-03-08T05:11:16.000000,view,56002,1001,electronics.smartphone,nike,154.03,100501,b6fb8a45-27ac-44f4-bd11-f5685fdfd28b
2024-03-08T06:22:39.000000,view,98734,1005,apparel.shoes,bosch,132.26,100142,2bb02101-74ab-4c14-a726-f2d80af2c443
2024-03-08T06:24:15.000000,view,98734,1005,apparel.shoes,bosch,132.26,100142,2bb02101-74ab-4c14-a726-f2d80af2c443
2024-03-08T06:36:35.000000,view,80853,1003,appliances.kitchen.refrigerators,apple,581.48,100136,379576bc-8ff5-4f28-a693-33374769a0f8
2024-03-08T06:39:08.000000,view,80853,1003,appliances.kitchen.refrigerators,apple,581.48,100136,379576bc-8ff5-4f28-a693-33374769a0f8
2024-03-08T06:40:04.000000,view,80853,1003,appliances.kitchen.refrigerators,apple,581.48,100136,379576bc-8ff5-4f28-a693-33374769a0f8
2024-03-08T08:00:00.000000,view,71419,1005,apparel.shoes,samsung,120.38,100190,9bf689d2-2783-4714-886d-e48af7996389
2024-03-08T08:00:00.000000,view,51061,1005,apparel.shoes,xiaomi,130.51,100458,3f6fda0e-e49f-499a-8edc-aaa054a9be0d
2024-03-08T08:00:49.000000,view,71419,1005,apparel.shoes,samsung,120.38,100190,9bf689d2-2783-4714-886d-e48af7996389
2024-03-08T08:16:56.000000,view,82644,1001,electronics.smartphone,samsung,860.75,100273,9c90ba7d-2251-4eed-89df-adaf97e7d80d
2024-03-08T08:17:12.000000,view,82644,1001,electronics.smartphone,samsung,860.75,100273,9c90ba7d-2251-4eed-89df-adaf97e7d80d
2024-03-08T08:18:34.000000,view,82644,1001,electronics.smartphone,samsung,860.75,100273,9c90ba7d-2251-4eed-89df-adaf97e7d80d
2024-03-08T08:19:15.000000,cart,82644,1001,electronics.smartphone,samsung,860.75,100273,9c90ba7d-2251-4eed-89df-adaf97e7d80d
2024-03-08T10:32:46.000000,view,75148,1005,apparel.shoes,lg,127.49,100628,92a8c2cf-27ab-4550-8c68-f48d80b6a251
2024-03-08T10:35:32.000000,view,75148,1005,apparel.shoes,lg,127.49,100628,92a8c2cf-27ab-4550-8c68-f48d80b6a251
2024-03-08T10:37:31.000000,view,75148,1005,apparel.shoes,lg,127.49,100628,92a8c2cf-27ab-4550-8c68-f48d80b6a251
2024-03-08T10:37:47.000000,cart,75148,1005,apparel.shoes,lg,127.49,100628,92a8c2cf-27ab-4550-8c68-f48d80b6a251
2024-03-08T10:39:07.000000,purchase,75148,1005,apparel.shoes,lg,127.49,100628,92a8c2cf-27ab-4550-8c68-f48d80b6a251
2024-03-08T11:00:00.000000,view,77086,1001,electronics.smartphone,apple,496.81,100080,45040ae6-4fb1-4714-a3e4-e23e97461e8d
2024-03-08T11:00:00.000000,view,56167,1003,appliances.kitchen.refrigerators,xiaomi,2304.29,100424,299b3efd-d5b8-4f47-8997-8b1dcdc21a1f
2024-03-08T11:00:00.000000,view,52152,1003,appliances.kitchen.refrigerators,nike,1176.68,100453,dd48da9d-fdee-4d9c-90f6-c8fca5d3cc1f
2024-03-08T11:00:35.000000,view,77086,1001,electronics.smartphone,apple,496.81,100080,45040ae6-4fb1-4714-a3e4-e23e97461e8d
2024-03-08T11:01:20.000000,view,77086,1001,electronics.smartphone,apple,496.81,100080,45040ae6-4fb1-4714-a3e4-e23e97461e8d
2024-03-08T11:01:31.000000,view,77086,1001,electronics.smartphone,apple,496.81,100080,45040ae6-4fb1-4714-a3e4-e23e97461e8d
2024-03-08T11:02:18.000000,view,56167,1003,appliances.kitchen.refrigerators,xiaomi,2304.29,100424,299b3efd-d5b8-4f47-8997-8b1dcdc21a1f
2024-03-08T11:02:31.000000,view,56167,1003,appliances.kitchen.refrigerators,xiaomi,2304.29,100424,299b3efd-d5b8-4f47-8997-8b1dcdc21a1f
2024-03-08T11:05:16.000000,cart,56167,1003,appliances.kitchen.refrigerators,xiaomi,2304.29,100424,299b3efd-d5b8-4f47-8997-8b1dcdc21a1f
2024-03-08T11:06:53.000000,purchase,56167,1003,appliances.kitchen.refrigerators,xiaomi,2304.29,100424,299b3efd-d5b8-4f47-8997-8b1dcdc21a1f
2024-03-08T11:31:00.000000,view,90246,1002,electronics.audio.headphone,nike,29.35,100969,35b5c749-274a-4cd5-b72d-aadb443fcaf6
2024-03-08T11:31:44.000000,view,90246,1002,electronics.audio.headphone,nike,29.35,100969,35b5c749-274a-4cd5-b72d-aadb443fcaf6
2024-03-08T11:33:28.000000,view,90246,1002,electronics.audio.headphone,nike,29.35,100969,35b5c749-274a-4cd5-b72d-aadb443fcaf6
2024-03-08T11:35:21.000000,cart,90246,1002,electronics.audio.headphone,nike,29.35,100969,35b5c749-274a-4cd5-b72d-aadb443fcaf6
2024-03-08T12:00:00.000000,view,76011,1003,appliances.kitchen.refrigerators,bosch,473.84,100095,90f49ee4-65b9-4d8d-ad39-33c465743420
2024-03-08T12:02:07.000000,view,76011,1003,appliances.kitchen.refrigerators,bosch,473.84,100095,90f49ee4-65b9-4d8d-ad39-33c465743420
2024-03-08T12:04:41.000000,view,76011,1003,appliances.kitchen.refrigerators,bosch,473.84,100095,90f49ee4-65b9-4d8d-ad39-33c465743420
2024-03-08T12:05:53.000000,view,76011,1003,appliances.kitchen.refrigerators,bosch,473.84,100095,90f49ee4-65b9-4d8d-ad39-33c465743420
2024-03-08T12:07:00.000000,cart,76011,1003,appliances.kitchen.refrigerators,bosch,473.84,100095,90f49ee4-65b9-4d8d-ad39-33c465743420
2024-03-08T13:00:00.000000,view,96113,1001,electronics.smartphone,lg,313.9,100992,58140aef-b5c0-4d79-b88f-8c4b2b24b962
2024-03-08T13:02:38.000000,view,96113,1001,electronics.smartphone,lg,313.9,100992,58140aef-b5c0-4d79-b88f-8c4b2b24b962
2024-03-08T13:03:48.000000,view,96113,1001,electronics.smartphone,lg,313.9,100992,58140aef-b5c0-4d79-b88f-8c4b2b24b962
2024-03-08T13:12:23.000000,view,69520,1004,computers.notebook,nike,3148.44,100720,78bda277-cee3-41a5-ae8c-27dc3f00108a
2024-03-08T13:14:26.000000,cart,69520,1004,computers.notebook,nike,3148.44,100720,78bda277-cee3-41a5-ae8c-27dc3f00108a
2024-03-08T13:15:41.000000,purchase,69520,1004,computers.notebook,nike,3148.44,100720,78bda277-cee3-41a5-ae8c-27dc3f00108a
2024-03-08T14:00:00.000000,view,61473,1002,electronics.audio.headphone,samsung,46.72,100033,3f344352-b158-44a9-89e3-1e9993cabe25
2024-03-08T14:00:00.000000,view,84939,1002,electronics.audio.headphone,lg,119.14,100077,27a094f1-85aa-4a94-96cb-13af5fc3ab58
2024-03-08T14:00:00.000000,view,78103,1002,electronics.audio.headphone,bosch,138.69,100283,7156b03e-461b-4329-aa22-fadcca97c827
2024-03-08T14:00:00.000000,view,74433,1001,electronics.smartphone,samsung,760.55,100820,417675a3-f835-4e3e-bfc5-ce661d608324
2024-03-08T14:02:07.000000,view,78103,1002,electronics.audio.headphone,bosch,138.69,100283,7156b03e-461b-4329-aa22-fadcca97c827
2024-03-08T14:02:21.000000,view,90519,1002,electronics.audio.headphone,bosch,170.89,100147,9270b64c-9206-4573-b489-ac9c0370cfd0
2024-03-08T14:02:48.000000,view,61473,1002,electronics.audio.headphone,samsung,46.72,100033,3f344352-b158-44a9-89e3-1e9993cabe25
2024-03-08T14:02:54.000000,view,84939,1002,electronics.audio.headphone,lg,119.14,100077,27a094f1-85aa-4a94-96cb-13af5fc3ab58
2024-03-08T14:03:00.000000,view,74433,1001,electronics.smartphone,samsung,760.55,100820,417675a3-f835-4e3e-bfc5-ce661d608324
2024-03-08T14:03:54.000000,view,74433,1001,electronics.smartphone,samsung,760.55,100820,417675a3-f835-4e3e-bfc5-ce661d608324
2024-03-08T14:03:59.000000,view,61473,1002,electronics.audio.headphone,samsung,46.72,100033,3f344352-b158-44a9-89e3-1e9993cabe25
2024-03-08T14:04:11.000000,view,84939,1002,electronics.audio.headphone,lg,119.14,100077,27a094f1-85aa-4a94-96cb-13af5fc3ab58
2024-03-08T14:04:29.000000,view,78103,1002,electronics.audio.headphone,bosch,138.69,100283,7156b03e-461b-4329-aa22-fadcca97c827
2024-03-08T14:04:38.000000,view,74433,1001,electronics.smartphone,samsung,760.55,100820,417675a3-f835-4e3e-bfc5-ce661d608324
2024-03-08T14:05:08.000000,view,82492,1006,auto.accessories,nike,95.16,100097,f971b6e7-b35c-45e2-97b2-a2d59810f24b
2024-03-08T14:06:11.000000,view,78103,1002,electronics.audio.headphone,bosch,138.69,100283,7156b03e-461b-4329-aa22-fadcca97c827
2024-03-08T14:06:16.000000,view,61473,1002,electronics.audio.headphone,samsung,46.72,100033,3f344352-b158-44a9-89e3-1e9993cabe25
2024-03-08T14:07:15.000000,view,82492,1006,auto.accessories,nike,95.16,100097,f971b6e7-b35c-45e2-97b2-a2d59810f24b
2024-03-08T14:07:52.000000,cart,82492,1006,auto.accessories,nike,95.16,100097,f971b6e7-b35c-45e2-97b2-a2d59810f24b
2024-03-08T14:08:55.000000,cart,61473,1002,electronics.audio.headphone,samsung,46.72,100033,3f344352-b158-44a9-89e3-1e9993cabe25
2024-03-08T14:20:45.000000,view,55312,1002,electronics.audio.headphone,apple,151.56,100273,18e164e5-f5d0-4542-afb5-4fe7c269b708
2024-03-08T14:22:51.000000,view,55312,1002,electronics.audio.headphone,apple,151.56,100273,18e164e5-f5d0-4542-afb5-4fe7c269b708
2024-03-08T14:25:41.000000,view,55312,1002,electronics.audio.headphone,apple,151.56,100273,18e164e5-f5d0-4542-afb5-4fe7c269b708
2024-03-08T14:26:02.000000,view,56545,1001,electronics.smartphone,asus,831.25,100955,b91aca0d-5825-4e55-bb81-948a44661e57
2024-03-08T14:26:59.000000,view,55312,1002,electronics.audio.headphone,apple,151.56,100273,18e164e5-f5d0-4542-afb5-4fe7c269b708
2024-03-08T14:27:26.000000,view,56545,1001,electronics.smartphone,asus,831.25,100955,b91aca0d-5825-4e55-bb81-948a44661e57
2024-03-08T14:28:44.000000,view,56545,1001,electronics.smartphone,asus,831.25,100955,b91aca0d-5825-4e55-bb81-948a44661e57
2024-03-08T14:29:37.000000,cart,56545,1001,electronics.smartphone,asus,831.25,100955,b91aca0d-5825-4e55-bb81-948a44661e57
2024-03-08T15:00:00.000000,view,63019,1006,auto.accessories,apple,77.54,100624,4ff1dfe4-82d3-4ae1-98a7-12e95020a5bf
2024-03-08T15:00:00.000000,view,51296,1006,auto.accessories,nike,69.82,100718,16ba6878-ae3a-44a5-b157-9032e42f93af
2024-03-08T15:00:40.000000,view,63019,1006,auto.accessories,apple,77.54,100624,4ff1dfe4-82d3-4ae1-98a7-12e95020a5bf
2024-03-08T15:02:16.000000,view,51296,1006,auto.accessories,nike,69.82,100718,16ba6878-ae3a-44a5-b157-9032e42f93af
2024-03-08T15:02:36.000000,view,63019,1006,auto.accessories,apple,77.54,100624,4ff1dfe4-82d3-4ae1-98a7-12e95020a5bf
2024-03-08T15:04:04.000000,view,51296,1006,auto.accessories,nike,69.82,100718,16ba6878-ae3a-44a5-b157-9032e42f93af
2024-03-08T15:04:23.000000,view,63019,1006,auto.accessories,apple,77.54,100624,4ff1dfe4-82d3-4ae1-98a7-12e95020a5bf
2024-03-08T15:04:38.000000,view,51296,1006,auto.accessories,nike,69.82,100718,16ba6878-ae3a-44a5-b157-9032e42f93af
2024-03-08T15:05:39.000000,view,98581,1003,appliances.kitchen.refrigerators,xiaomi,2082.08,100355,e2974284-fa58-4aeb-8067-716f1f07d055
2024-03-08T15:06:49.000000,view,98581,1003,appliances.kitchen.refrigerators,xiaomi,2082.08,100355,e2974284-fa58-4aeb-8067-716f1f07d055
2024-03-08T15:07:34.000000,cart,51296,1006,auto.accessories,nike,69.82,100718,16ba6878-ae3a-44a5-b157-9032e42f93af
2024-03-08T15:09:45.000000,view,98581,1003,appliances.kitchen.refrigerators,xiaomi,2082.08,100355,e2974284-fa58-4aeb-8067-716f1f07d055
2024-03-08T15:11:05.000000,cart,98581,1003,appliances.kitchen.refrigerators,xiaomi,2082.08,100355,e2974284-fa58-4aeb-8067-716f1f07d055
2024-03-08T15:12:09.000000,purchase,98581,1003,appliances.kitchen.refrigerators,xiaomi,2082.08,100355,e2974284-fa58-4aeb-8067-716f1f07d055
2024-03-08T15:36:52.000000,view,79457,1003,appliances.kitchen.refrigerators,apple,1157.07,100506,a7f8d2d0-35ac-4265-8c29-e3df4848e817
2024-03-08T15:38:12.000000,view,79457,1003,appliances.kitchen.refrigerators,apple,1157.07,100506,a7f8d2d0-35ac-4265-8c29-e3df4848e817
2024-03-08T15:38:58.000000,cart,79457,1003,appliances.kitchen.refrigerators,apple,1157.07,100506,a7f8d2d0-35ac-4265-8c29-e3df4848e817
2024-03-08T15:40:52.000000,purchase,79457,1003,appliances.kitchen.refrigerators,apple,1157.07,100506,a7f8d2d0-35ac-4265-8c29-e3df4848e817
2024-03-08T16:00:00.000000,view,97138,1004,computers.notebook,asus,3165.26,100018,61cc4cbc-693b-4616-b143-176466aa304e
2024-03-08T16:00:00.000000,view,85151,1004,computers.notebook,bosch,753.64,100735,1117f501-7f0e-4b11-8588-4ecd68e618ab
2024-03-08T16:02:30.000000,view,97138,1004,computers.notebook,asus,3165.26,100018,61cc4cbc-693b-4616-b143-176466aa304e
2024-03-08T16:02:37.000000,cart,85151,1004,computers.notebook,bosch,753.64,100735,1117f501-7f0e-4b11-8588-4ecd68e618ab
2024-03-08T16:04:34.000000,view,97138,1004,computers.notebook,asus,3165.26,100018,61cc4cbc-693b-4616-b143-176466aa304e
2024-03-08T16:05:24.000000,view,97138,1004,computers.notebook,asus,3165.26,100018,61cc4cbc-693b-4616-b143-176466aa304e
2024-03-08T16:19:08.000000,view,83695,1003,appliances.kitchen.refrigerators,apple,823.61,100009,45b48d92-8b4c-455a-b4d4-84ccf82c2141
2024-03-08T16:20:12.000000,view,83695,1003,appliances.kitchen.refrigerators,apple,823.61,100009,45b48d92-8b4c-455a-b4d4-84ccf82c2141
2024-03-08T16:20:45.000000,view,70016,1006,auto.accessories,bosch,58.95,100975,f85d3085-d243-4c86-be22-772aca52eca7
2024-03-08T16:21:25.000000,view,70016,1006,auto.accessories,bosch,58.95,100975,f85d3085-d243-4c86-be22-772aca52eca7
2024-03-08T16:22:40.000000,view,83695,1003,appliances.kitchen.refrigerators,apple,823.61,100009,45b48d92-8b4c-455a-b4d4-84ccf82c2141
2024-03-08T16:23:23.000000,view,83695,1003,appliances.kitchen.refrigerators,apple,823.61,100009,45b48d92-8b4c-455a-b4d4-84ccf82c2141
2024-03-08T16:23:57.000000,view,70016,1006,auto.accessories,bosch,58.95,100975,f85d3085-d243-4c86-be22-772aca52eca7
2024-03-08T18:00:00.000000,view,78146,1004,computers.notebook,nike,2248.1,100622,ca7aefb1-e03b-47a5-abd4-fef6bf0b0e56
2024-03-08T18:00:17.000000,view,78146,1004,computers.notebook,nike,2248.1,100622,ca7aefb1-e03b-47a5-abd4-fef6bf0b0e56
2024-03-08T18:01:19.000000,view,78146,1004,computers.notebook,nike,2248.1,100622,ca7aefb1-e03b-47a5-abd4-fef6bf0b0e56
2024-03-08T18:01:59.000000,view,78146,1004,computers.notebook,nike,2248.1,100622,ca7aefb1-e03b-47a5-abd4-fef6bf0b0e56
2024-03-08T18:04:32.000000,cart,78146,1004,computers.notebook,nike,2248.1,100622,ca7aefb1-e03b-47a5-abd4-fef6bf0b0e56
2024-03-08T18:17:16.000000,view,66488,1006,auto.accessories,apple,99.93,100528,c86fa6b3-bf58-4d49-99da-0d4c2fc31c5e
2024-03-08T18:18:39.000000,view,66488,1006,auto.accessories,apple,99.93,100528,c86fa6b3-bf58-4d49-99da-0d4c2fc31c5e
2024-03-08T18:21:21.000000,view,66488,1006,auto.accessories,apple,99.93,100528,c86fa6b3-bf58-4d49-99da-0d4c2fc31c5e
2024-03-08T18:23:42.000000,cart,66488,1006,auto.accessories,apple,99.93,100528,c86fa6b3-bf58-4d49-99da-0d4c2fc31c5e
2024-03-08T21:06:34.000000,view,71036,1003,appliances.kitchen.refrigerators,asus,1867.2,100729,55eedc40-c9b8-421f-bf77-b8c33afacf17
2024-03-08T21:09:05.000000,view,71036,1003,appliances.kitchen.refrigerators,asus,1867.2,100729,55eedc40-c9b8-421f-bf77-b8c33afacf17
2024-03-08T21:10:22.000000,view,71421,1001,electronics.smartphone,apple,553.99,100485,856dc1aa-59cd-4d9c-811e-886427660d75
2024-03-08T21:10:38.000000,view,71036,1003,appliances.kitchen.refrigerators,asus,1867.2,100729,55eedc40-c9b8-421f-bf77-b8c33afacf17
2024-03-08T21:11:31.000000,cart,71036,1003,appliances.kitchen.refrigerators,asus,1867.2,100729,55eedc40-c9b8-421f-bf77-b8c33afacf17
2024-03-08T21:13:11.000000,purchase,71036,1003,appliances.kitchen.refrigerators,asus,1867.2,100729,55eedc40-c9b8-421f-bf77-b8c33afacf17
2024-03-08T21:15:07.000000,view,74688,1002,electronics.audio.headphone,asus,203.48,100818,90d51008-437d-464e-bdab-c2a99c03d248
2024-03-08T21:15:17.000000,view,74688,1002,electronics.audio.headphone,asus,203.48,100818,90d51008-437d-464e-bdab-c2a99c03d248
2024-03-08T21:16:00.000000,view,74688,1002,electronics.audio.headphone,asus,203.48,100818,90d51008-437d-464e-bdab-c2a99c03d248
2024-03-08T21:17:25.000000,view,74688,1002,electronics.audio.headphone,asus,203.48,100818,90d51008-437d-464e-bdab-c2a99c03d248
2024-03-08T21:18:37.000000,cart,74688,1002,electronics.audio.headphone,asus,203.48,100818,90d51008-437d-464e-bdab-c2a99c03d248
2024-03-08T22:04:01.000000,view,92633,1004,computers.notebook,lg,1018.31,100080,f478bd07-944a-490b-a7fc-09bc5e8fa7b2
2024-03-08T22:05:33.000000,view,92633,1004,computers.notebook,lg,1018.31,100080,f478bd07-944a-490b-a7fc-09bc5e8fa7b2
2024-03-08T22:06:56.000000,view,92633,1004,computers.notebook,lg,1018.31,100080,f478bd07-944a-490b-a7fc-09bc5e8fa7b2
2024-03-08T22:09:51.000000,cart,92633,1004,computers.notebook,lg,1018.31,100080,f478bd07-944a-490b-a7fc-09bc5e8fa7b2
2024-03-08T22:11:44.000000,purchase,92633,1004,computers.notebook,lg,1018.31,100080,f478bd07-944a-490b-a7fc-09bc5e8fa7b2
2024-03-08T22:19:38.000000,view,83776,1006,auto.accessories,bosch,96.58,100281,b9032158-5a0d-474e-bc06-488d985a739f
2024-03-08T22:36:52.000000,view,68102,1005,apparel.shoes,apple,154.93,100969,ceef1615-45f2-4ae2-be2d-53e441924010
2024-03-08T22:38:01.000000,view,68102,1005,apparel.shoes,apple,154.93,100969,ceef1615-45f2-4ae2-be2d-53e441924010
2024-03-08T23:24:54.000000,view,89187,1005,apparel.shoes,bosch,82.7,100975,5198e4e1-61ce-4bb1-9bf3-eed4b29d3fbe
2024-03-08T23:25:18.000000,view,89187,1005,apparel.shoes,bosch,82.7,100975,5198e4e1-61ce-4bb1-9bf3-eed4b29d3fbe
2024-03-08T23:27:14.000000,cart,89187,1005,apparel.shoes,bosch,82.7,100975,5198e4e1-61ce-4bb1-9bf3-eed4b29d3fbe
2024-03-08T23:52:54.000000,view,65860,1004,computers.notebook,nike,1561.66,100982,ec0b0f9e-f2b7-4821-ac7e-a3cf9ac4bead
2024-03-08T23:54:46.000000,view,65860,1004,computers.notebook,nike,1561.66,100982,ec0b0f9e-f2b7-4821-ac7e-a3cf9ac4bead
2024-03-08T23:57:00.000000,view,65860,1004,computers.notebook,nike,1561.66,100982,ec0b0f9e-f2b7-4821-ac7e-a3cf9ac4bead
2024-03-08T23:57:36.000000,view,65860,1004,computers.notebook,nike,1561.66,100982,ec0b0f9e-f2b7-4821-ac7e-a3cf9ac4bead
2024-03-08T23:59:14.000000,cart,65860,1004,computers.notebook,nike,1561.66,100982,ec0b0f9e-f2b7-4821-ac7e-a3cf9ac4bead
2024-03-09T00:00:03.000000,purchase,65860,1004,computers.notebook,nike,1561.66,100982,ec0b0f9e-f2b7-4821-ac7e-a3cf9ac4bead
2024-03-09T00:09:29.000000,view,63218,1004,computers.notebook,xiaomi,423.07,100318,5091e8ae-21b5-47a0-bde3-79c1c572cdc2
2024-03-09T00:10:21.000000,view,56025,1002,electronics.audio.headphone,xiaomi,168.41,100365,bdd063d7-ac73-4021-9dfe-05f88426524a
2024-03-09T00:11:25.000000,view,56025,1002,electronics.audio.headphone,xiaomi,168.41,100365,bdd063d7-ac73-4021-9dfe-05f88426524a
2024-03-09T00:11:33.000000,view,63218,1004,computers.notebook,xiaomi,423.07,100318,5091e8ae-21b5-47a0-bde3-79c1c572cdc2
2024-03-09T01:05:23.000000,view,91929,1004,computers.notebook,asus,2382.54,100176,084ed74b-3a7f-4bfe-aed2-32635f35f603
2024-03-09T01:07:01.000000,view,91929,1004,computers.notebook,asus,2382.54,100176,084ed74b-3a7f-4bfe-aed2-32635f35f603
2024-03-09T01:09:14.000000,view,91929,1004,computers.notebook,asus,2382.54,100176,084ed74b-3a7f-4bfe-aed2-32635f35f603
2024-03-09T01:11:42.000000,cart,91929,1004,computers.notebook,asus,2382.54,100176,084ed74b-3a7f-4bfe-aed2-32635f35f603
2024-03-09T01:12:08.000000,purchase,91929,1004,computers.notebook,asus,2382.54,100176,084ed74b-3a7f-4bfe-aed2-32635f35f603
2024-03-09T03:12:20.000000,view,52689,1005,apparel.shoes,apple,133.85,100355,220eca7c-398a-4340-bf2c-6469856e321f
2024-03-09T03:13:19.000000,view,52689,1005,apparel.shoes,apple,133.85,100355,220eca7c-398a-4340-bf2c-6469856e321f
2024-03-09T05:01:37.000000,view,71389,1004,computers.notebook,bosch,491.84,100096,1af84afb-7904-426a-ae20-a98a280a7650
2024-03-09T05:03:25.000000,view,69931,1005,apparel.shoes,samsung,66.35,100070,aecaf68e-119e-4ded-b9a1-626b1c3ab187
2024-03-09T05:03:42.000000,view,71389,1004,computers.notebook,bosch,491.84,100096,1af84afb-7904-426a-ae20-a98a280a7650
2024-03-09T05:04:32.000000,view,69931,1005,apparel.shoes,samsung,66.35,100070,aecaf68e-119e-4ded-b9a1-626b1c3ab187
2024-03-09T05:05:57.000000,view,71389,1004,computers.notebook,bosch,491.84,100096,1af84afb-7904-426a-ae20-a98a280a7650
2024-03-09T05:06:10.000000,view,69931,1005,apparel.shoes,samsung,66.35,100070,aecaf68e-119e-4ded-b9a1-626b1c3ab187
2024-03-09T05:07:05.000000,cart,71389,1004,computers.notebook,bosch,491.84,100096,1af84afb-7904-426a-ae20-a98a280a7650
2024-03-09T05:08:08.000000,purchase,71389,1004,computers.notebook,bosch,491.84,100096,1af84afb-7904-426a-ae20-a98a280a7650
2024-03-09T05:32:13.000000,view,93423,1004,computers.notebook,xiaomi,3330.1,100028,60dd5308-783e-4d67-b9a2-2f1f20a9df8c
2024-03-09T05:34:19.000000,cart,93423,1004,computers.notebook,xiaomi,3330.1,100028,60dd5308-783e-4d67-b9a2-2f1f20a9df8c
2024-03-09T05:35:06.000000,purchase,93423,1004,computers.notebook,xiaomi,3330.1,100028,60dd5308-783e-4d67-b9a2-2f1f20a9df8c
2024-03-09T08:00:00.000000,view,51198,1004,computers.notebook,xiaomi,1476.68,100770,083f430a-6af4-47b2-8e41-76ed3060ca98
2024-03-09T09:00:00.000000,view,88054,1004,computers.notebook,nike,2608.59,100566,29fe42df-48d5-4c58-b96f-70b38292c6c3
2024-03-09T09:00:00.000000,view,58924,1003,appliances.kitchen.refrigerators,asus,2121.84,100567,b2d2ed9e-2856-4a42-9136-fd9c9860760a
2024-03-09T09:00:23.000000,view,88054,1004,computers.notebook,nike,2608.59,100566,29fe42df-48d5-4c58-b96f-70b38292c6c3
2024-03-09T09:02:45.000000,cart,88054,1004,computers.notebook,nike,2608.59,100566,29fe42df-48d5-4c58-b96f-70b38292c6c3
2024-03-09T10:00:00.000000,view,98702,1003,appliances.kitchen.refrigerators,nike,1832.26,100038,4356c2e3-df07-4da6-ad47-20284122402a
2024-03-09T10:00:00.000000,view,52416,1002,electronics.audio.headphone,apple,227.25,100234,93dffc3e-6ac7-4a24-b355-e2049e3e1b46
2024-03-09T10:00:00.000000,view,74933,1002,electronics.audio.headphone,xiaomi,152.5,100326,5b9be5e3-bcf9-40ce-b81f-f02e323cd63f
2024-03-09T10:01:22.000000,view,74933,1002,electronics.audio.headphone,xiaomi,152.5,100326,5b9be5e3-bcf9-40ce-b81f-f02e323cd63f
2024-03-09T10:02:40.000000,view,98702,1003,appliances.kitchen.refrigerators,nike,1832.26,100038,4356c2e3-df07-4da6-ad47-20284122402a
2024-03-09T10:02:57.000000,view,52416,1002,electronics.audio.headphone,apple,227.25,100234,93dffc3e-6ac7-4a24-b355-e2049e3e1b46
2024-03-09T10:03:08.000000,view,74933,1002,electronics.audio.headphone,xiaomi,152.5,100326,5b9be5e3-bcf9-40ce-b81f-f02e323cd63f
2024-03-09T10:03:11.000000,view,52416,1002,electronics.audio.headphone,apple,227.25,100234,93dffc3e-6ac7-4a24-b355-e2049e3e1b46
2024-03-09T10:03:29.000000,view,98702,1003,appliances.kitchen.refrigerators,nike,1832.26,100038,4356c2e3-df07-4da6-ad47-20284122402a
2024-03-09T10:05:21.000000,view,52416,1002,electronics.audio.headphone,apple,227.25,100234,93dffc3e-6ac7-4a24-b355-e2049e3e1b46
2024-03-09T10:05:25.000000,view,98702,1003,appliances.kitchen.refrigerators,nike,1832.26,100038,4356c2e3-df07-4da6-ad47-20284122402a
2024-03-09T10:05:41.000000,view,74933,1002,electronics.audio.headphone,xiaomi,152.5,100326,5b9be5e3-bcf9-40ce-b81f-f02e323cd63f
2024-03-09T10:08:09.000000,cart,52416,1002,electronics.audio.headphone,apple,227.25,100234,93dffc3e-6ac7-4a24-b355-e2049e3e1b46
2024-03-09T10:08:22.000000,cart,98702,1003,appliances.kitchen.refrigerators,nike,1832.26,100038,4356c2e3-df07-4da6-ad47-20284122402a
2024-03-09T10:20:01.000000,view,87902,1002,electronics.audio.headphone,asus,286.74,100327,b5926038-ccce-4cd2-90f3-9bbc723bc1ed
2024-03-09T10:20:14.000000,view,87902,1002,electronics.audio.headphone,asus,286.74,100327,b5926038-ccce-4cd2-90f3-9bbc723bc1ed
2024-03-09T11:00:00.000000,view,97672,1006,auto.accessories,apple,25.18,100152,1c07d158-7a7c-4075-a6b7-46200f007d55
2024-03-09T11:00:00.000000,view,66951,1005,apparel.shoes,bosch,127.81,100194,313ef89a-6d6a-4ecb-a45a-2ca112a6639a
2024-03-09T11:00:00.000000,view,91601,1001,electronics.smartphone,bosch,1002.09,100323,a2e50165-b8b6-46f6-b116-83b9d39d8cb5
2024-03-09T11:00:00.000000,view,90026,1001,electronics.smartphone,asus,496.17,100414,8cd1631c-5c34-45fa-994c-c78db0cf4463
2024-03-09T11:00:00.000000,view,69191,1003,appliances.kitchen.refrigerators,asus,1407.46,100775,f68e455e-cb7b-4091-a69b-cb94f7b5e47e
2024-03-09T11:00:14.000000,view,66951,1005,apparel.shoes,bosch,127.81,100194,313ef89a-6d6a-4ecb-a45a-2ca112a6639a
2024-03-09T11:00:16.000000,view,69191,1003,appliances.kitchen.refrigerators,asus,1407.46,100775,f68e455e-cb7b-4091-a69b-cb94f7b5e47e
2024-03-09T11:00:28.000000,cart,69191,1003,appliances.kitchen.refrigerators,asus,1407.46,100775,f68e455e-cb7b-4091-a69b-cb94f7b5e47e
2024-03-09T11:00:35.000000,view,62849,1003,appliances.kitchen.refrigerators,xiaomi,1744.33,100770,b7590b05-26f9-4c27-bf87-16e70f9b9898
2024-03-09T11:01:06.000000,view,62849,1003,appliances.kitchen.refrigerators,xiaomi,1744.33,100770,b7590b05-26f9-4c27-bf87-16e70f9b9898
2024-03-09T11:02:03.000000,view,62849,1003,appliances.kitchen.refrigerators,xiaomi,1744.33,100770,b7590b05-26f9-4c27-bf87-16e70f9b9898
2024-03-09T12:00:00.000000,view,95005,1001,electronics.smartphone,nike,594.43,100531,17d477fe-9878-4359-8f00-f8214116685c
2024-03-09T12:11:38.000000,view,91241,1003,appliances.kitchen.refrigerators,apple,1340.95,100225,8e008b0d-b4be-4a93-aa53-1b9e5553cbce
2024-03-09T12:14:14.000000,view,91241,1003,appliances.kitchen.refrigerators,apple,1340.95,100225,8e008b0d-b4be-4a93-aa53-1b9e5553cbce
2024-03-09T12:15:23.000000,view,69757,1005,apparel.shoes,xiaomi,156.06,100355,797961fa-2575-4fd0-b6c2-19cb235b1d98
2024-03-09T12:17:49.000000,view,69757,1005,apparel.shoes,xiaomi,156.06,100355,797961fa-2575-4fd0-b6c2-19cb235b1d98
2024-03-09T12:18:38.000000,cart,69757,1005,apparel.shoes,xiaomi,156.06,100355,797961fa-2575-4fd0-b6c2-19cb235b1d98
2024-03-09T12:19:17.000000,purchase,69757,1005,apparel.shoes,xiaomi,156.06,100355,797961fa-2575-4fd0-b6c2-19cb235b1d98
2024-03-09T13:00:00.000000,view,92912,1003,appliances.kitchen.refrigerators,lg,1368.29,100132,d1346447-8ceb-4181-9ac8-710a5eba1b90
2024-03-09T13:00:00.000000,view,66550,1005,apparel.shoes,apple,59.91,100529,f432e837-dc59-4048-adff-67e1495b4654
2024-03-09T13:00:00.000000,view,51156,1003,appliances.kitchen.refrigerators,asus,2134.78,100991,d00af582-32c8-4cab-b214-3e4bc46c3aee
2024-03-09T13:00:19.000000,view,92912,1003,appliances.kitchen.refrigerators,lg,1368.29,100132,d1346447-8ceb-4181-9ac8-710a5eba1b90
2024-03-09T13:01:13.000000,view,92912,1003,appliances.kitchen.refrigerators,lg,1368.29,100132,d1346447-8ceb-4181-9ac8-710a5eba1b90
2024-03-09T13:02:14.000000,view,51156,1003,appliances.kitchen.refrigerators,asus,2134.78,100991,d00af582-32c8-4cab-b214-3e4bc46c3aee
2024-03-09T13:02:30.000000,view,66550,1005,apparel.shoes,apple,59.91,100529,f432e837-dc59-4048-adff-67e1495b4654
2024-03-09T13:02:33.000000,view,92912,1003,appliances.kitchen.refrigerators,lg,1368.29,100132,d1346447-8ceb-4181-9ac8-710a5eba1b90
2024-03-09T13:04:20.000000,view,66550,1005,apparel.shoes,apple,59.91,100529,f432e837-dc59-4048-adff-67e1495b4654
2024-03-09T13:04:26.000000,cart,92912,1003,appliances.kitchen.refrigerators,lg,1368.29,100132,d1346447-8ceb-4181-9ac8-710a5eba1b90
2024-03-09T13:04:30.000000,view,66550,1005,apparel.shoes,apple,59.91,100529,f432e837-dc59-4048-adff-67e1495b4654
2024-03-09T13:04:57.000000,cart,66550,1005,apparel.shoes,apple,59.91,100529,f432e837-dc59-4048-adff-67e1495b4654
2024-03-09T13:04:57.000000,view,51156,1003,appliances.kitchen.refrigerators,asus,2134.78,100991,d00af582-32c8-4cab-b214-3e4bc46c3aee
2024-03-09T13:07:49.000000,view,63590,1003,appliances.kitchen.refrigerators,asus,1124.83,100913,56736950-59c7-48ef-bc3e-540f10b6aea7
2024-03-09T13:09:30.000000,view,63590,1003,appliances.kitchen.refrigerators,asus,1124.83,100913,56736950-59c7-48ef-bc3e-540f10b6aea7
2024-03-09T13:11:23.000000,view,56299,1006,auto.accessories,asus,82.02,100544,22fa69bb-2200-4b7c-b617-53b25dc99c95
2024-03-09T13:12:24.000000,view,63590,1003,appliances.kitchen.refrigerators,asus,1124.83,100913,56736950-59c7-48ef-bc3e-540f10b6aea7
2024-03-09T13:12:45.000000,view,56299,1006,auto.accessories,asus,82.02,100544,22fa69bb-2200-4b7c-b617-53b25dc99c95
2024-03-09T13:13:03.000000,cart,56299,1006,auto.accessories,asus,82.02,100544,22fa69bb-2200-4b7c-b617-53b25dc99c95
2024-03-09T13:14:52.000000,cart,63590,1003,appliances.kitchen.refrigerators,asus,1124.83,100913,56736950-59c7-48ef-bc3e-540f10b6aea7
2024-03-09T13:15:51.000000,purchase,63590,1003,appliances.kitchen.refrigerators,asus,1124.83,100913,56736950-59c7-48ef-bc3e-540f10b6aea7
2024-03-09T13:18:05.000000,view,89705,1004,computers.notebook,samsung,1171.81,100325,9e689643-fdde-4d74-88f8-51e00c0fbfaf
2024-03-09T13:20:42.000000,view,89705,1004,computers.notebook,samsung,1171.81,100325,9e689643-fdde-4d74-88f8-51e00c0fbfaf
2024-03-09T13:22:46.000000,view,89705,1004,computers.notebook,samsung,1171.81,100325,9e689643-fdde-4d74-88f8-51e00c0fbfaf
2024-03-09T13:25:38.000000,cart,89705,1004,computers.notebook,samsung,1171.81,100325,9e689643-fdde-4d74-88f8-51e00c0fbfaf
2024-03-09T13:27:33.000000,purchase,89705,1004,computers.notebook,samsung,1171.81,100325,9e689643-fdde-4d74-88f8-51e00c0fbfaf
2024-03-09T14:00:00.000000,view,52738,1005,apparel.shoes,lg,40.16,100294,77428153-784e-47dd-8048-2ee61c58c35b
2024-03-09T14:00:00.000000,view,67197,1003,appliances.kitchen.refrigerators,asus,677.55,100813,b7f63ff2-d735-4680-843f-93cc6f3f1eb0
2024-03-09T14:00:50.000000,view,67197,1003,appliances.kitchen.refrigerators,asus,677.55,100813,b7f63ff2-d735-4680-843f-93cc6f3f1eb0
2024-03-09T14:01:07.000000,view,67197,1003,appliances.kitchen.refrigerators,asus,677.55,100813,b7f63ff2-d735-4680-843f-93cc6f3f1eb0
2024-03-09T14:02:48.000000,view,52738,1005,apparel.shoes,lg,40.16,100294,77428153-784e-47dd-8048-2ee61c58c35b
2024-03-09T14:04:12.000000,view,52738,1005,apparel.shoes,lg,40.16,100294,77428153-784e-47dd-8048-2ee61c58c35b
2024-03-09T14:07:09.000000,view,52738,1005,apparel.shoes,lg,40.16,100294,77428153-784e-47dd-8048-2ee61c58c35b
2024-03-09T14:08:01.000000,cart,52738,1005,apparel.shoes,lg,40.16,100294,77428153-784e-47dd-8048-2ee61c58c35b
2024-03-09T14:09:17.000000,purchase,52738,1005,apparel.shoes,lg,40.16,100294,77428153-784e-47dd-8048-2ee61c58c35b
2024-03-09T15:29:41.000000,view,79694,1006,auto.accessories,asus,58.86,100273,d4073113-1e47-4b23-812a-87112dd799f5
2024-03-09T15:30:45.000000,view,79694,1006,auto.accessories,asus,58.86,100273,d4073113-1e47-4b23-812a-87112dd799f5
2024-03-09T16:00:00.000000,view,93213,1001,electronics.smartphone,lg,286.85,100158,b92d1273-0a96-41aa-b74f-a1059853bfea
2024-03-09T16:00:00.000000,view,99199,1002,electronics.audio.headphone,lg,165.05,100357,b6b78f00-dad2-448b-945e-f5633fa0c617
2024-03-09T16:01:52.000000,view,99199,1002,electronics.audio.headphone,lg,165.05,100357,b6b78f00-dad2-448b-945e-f5633fa0c617
2024-03-09T16:04:37.000000,view,99199,1002,electronics.audio.headphone,lg,165.05,100357,b6b78f00-dad2-448b-945e-f5633fa0c617
2024-03-09T16:05:56.000000,view,99199,1002,electronics.audio.headphone,lg,165.05,100357,b6b78f00-dad2-448b-945e-f5633fa0c617
2024-03-09T16:06:58.000000,cart,99199,1002,electronics.audio.headphone,lg,165.05,100357,b6b78f00-dad2-448b-945e-f5633fa0c617
2024-03-09T16:11:38.000000,view,81198,1005,apparel.shoes,samsung,170.81,100501,7963cab3-fbe7-420d-a727-99e1345a2f2f
2024-03-09T16:14:22.000000,view,81198,1005,apparel.shoes,samsung,170.81,100501,7963cab3-fbe7-420d-a727-99e1345a2f2f
2024-03-09T16:15:19.000000,view,81198,1005,apparel.shoes,samsung,170.81,100501,7963cab3-fbe7-420d-a727-99e1345a2f2f
2024-03-09T16:17:29.000000,view,81198,1005,apparel.shoes,samsung,170.81,100501,7963cab3-fbe7-420d-a727-99e1345a2f2f
2024-03-09T17:00:00.000000,view,58975,1002,electronics.audio.headphone,apple,167.5,100256,dec20500-3256-47c9-acb0-0df8cd2f6f47
2024-03-09T17:00:00.000000,view,94706,1006,auto.accessories,lg,141.91,100640,5f5ffae0-bff4-4acb-9219-a13008c4bdc2
2024-03-09T17:00:00.000000,view,80066,1002,electronics.audio.headphone,samsung,26.77,100940,99488e84-ce51-46b5-b282-b8873ed1bfc6
2024-03-09T17:00:30.000000,view,80066,1002,electronics.audio.headphone,samsung,26.77,100940,99488e84-ce51-46b5-b282-b8873ed1bfc6
2024-03-09T17:01:08.000000,view,80066,1002,electronics.audio.headphone,samsung,26.77,100940,99488e84-ce51-46b5-b282-b8873ed1bfc6
2024-03-09T17:02:14.000000,view,58975,1002,electronics.audio.headphone,apple,167.5,100256,dec20500-3256-47c9-acb0-0df8cd2f6f47
2024-03-09T17:02:19.000000,view,87671,1004,computers.notebook,xiaomi,1434.63,100458,ccdf6b85-81ea-4f18-bcd1-7b167f918ab0
2024-03-09T17:04:09.000000,view,58975,1002,electronics.audio.headphone,apple,167.5,100256,dec20500-3256-47c9-acb0-0df8cd2f6f47
2024-03-09T17:08:31.000000,view,58598,1003,appliances.kitchen.refrigerators,lg,1045.85,100367,75357542-5e37-4beb-9a6c-4515bee22cae
2024-03-09T17:11:20.000000,view,58598,1003,appliances.kitchen.refrigerators,lg,1045.85,100367,75357542-5e37-4beb-9a6c-4515bee22cae
2024-03-09T17:13:20.000000,view,58598,1003,appliances.kitchen.refrigerators,lg,1045.85,100367,75357542-5e37-4beb-9a6c-4515bee22cae
2024-03-09T18:03:16.000000,view,90062,1001,electronics.smartphone,xiaomi,931.17,100770,468f656b-9385-4a33-a4c6-e220e1cb9776
2024-03-09T18:03:27.000000,view,90062,1001,electronics.smartphone,xiaomi,931.17,100770,468f656b-9385-4a33-a4c6-e220e1cb9776
2024-03-09T18:04:38.000000,view,90062,1001,electronics.smartphone,xiaomi,931.17,100770,468f656b-9385-4a33-a4c6-e220e1cb9776
2024-03-09T18:06:55.000000,view,90062,1001,electronics.smartphone,xiaomi,931.17,100770,468f656b-9385-4a33-a4c6-e220e1cb9776
2024-03-09T18:07:41.000000,cart,90062,1001,electronics.smartphone,xiaomi,931.17,100770,468f656b-9385-4a33-a4c6-e220e1cb9776
2024-03-09T19:00:00.000000,view,78919,1006,auto.accessories,asus,111.99,100560,d146afa5-e658-4c63-9abb-662e3407ae3a
2024-03-09T19:00:00.000000,view,76837,1004,computers.notebook,lg,2381.33,100981,379f9d97-1caf-4b27-a5d0-a8f38fff8ab5
2024-03-09T19:01:04.000000,view,78919,1006,auto.accessories,asus,111.99,100560,d146afa5-e658-4c63-9abb-662e3407ae3a
2024-03-09T19:02:09.000000,cart,78919,1006,auto.accessories,asus,111.99,100560,d146afa5-e658-4c63-9abb-662e3407ae3a
2024-03-09T19:02:28.000000,purchase,78919,1006,auto.accessories,asus,111.99,100560,d146afa5-e658-4c63-9abb-662e3407ae3a
2024-03-09T19:12:25.000000,view,99537,1004,computers.notebook,bosch,1173.04,100965,bd53e7b7-6bca-4f1b-ae78-766dc361b33d
2024-03-09T19:15:01.000000,view,99537,1004,computers.notebook,bosch,1173.04,100965,bd53e7b7-6bca-4f1b-ae78-766dc361b33d
2024-03-09T19:16:13.000000,view,99537,1004,computers.notebook,bosch,1173.04,100965,bd53e7b7-6bca-4f1b-ae78-766dc361b33d
2024-03-09T20:00:00.000000,view,98405,1002,electronics.audio.headphone,samsung,158.15,100027,282a2acf-cfe5-4dcd-a762-61e048bd3925
2024-03-09T20:00:00.000000,view,78793,1004,computers.notebook,nike,901.69,100349,c2b5ba56-c8ac-495c-941c-d3808892d992
2024-03-09T20:00:35.000000,view,98405,1002,electronics.audio.headphone,samsung,158.15,100027,282a2acf-cfe5-4dcd-a762-61e048bd3925
2024-03-09T20:01:34.000000,view,98405,1002,electronics.audio.headphone,samsung,158.15,100027,282a2acf-cfe5-4dcd-a762-61e048bd3925
2024-03-09T20:01:34.000000,view,55206,1006,auto.accessories,asus,146.01,100453,2cbdfd02-32f0-4106-b4bd-baac310de859
2024-03-09T20:02:01.000000,view,78793,1004,computers.notebook,nike,901.69,100349,c2b5ba56-c8ac-495c-941c-d3808892d992
2024-03-09T20:02:12.000000,view,78793,1004,computers.notebook,nike,901.69,100349,c2b5ba56-c8ac-495c-941c-d3808892d992
2024-03-09T20:02:59.000000,cart,98405,1002,electronics.audio.headphone,samsung,158.15,100027,282a2acf-cfe5-4dcd-a762-61e048bd3925
2024-03-09T20:03:36.000000,purchase,98405,1002,electronics.audio.headphone,samsung,158.15,100027,282a2acf-cfe5-4dcd-a762-61e048bd3925
2024-03-09T21:05:14.000000,view,63813,1006,auto.accessories,apple,105.5,100148,5c8a4c33-87f1-4dc4-92fb-afc3498ed7fc
2024-03-09T21:07:12.000000,view,63813,1006,auto.accessories,apple,105.5,100148,5c8a4c33-87f1-4dc4-92fb-afc3498ed7fc
2024-03-09T21:07:48.000000,cart,63813,1006,auto.accessories,apple,105.5,100148,5c8a4c33-87f1-4dc4-92fb-afc3498ed7fc
2024-03-09T21:09:53.000000,view,56376,1001,electronics.smartphone,xiaomi,628.99,100234,6c45197a-e30a-4f68-bab5-58a268962777
2024-03-09T21:12:34.000000,view,56376,1001,electronics.smartphone,xiaomi,628.99,100234,6c45197a-e30a-4f68-bab5-58a268962777
2024-03-09T22:07:07.000000,view,59728,1004,computers.notebook,apple,1070.48,100624,1146573f-eb6f-44af-af2e-0a0f88452634
2024-03-09T22:07:29.000000,view,59728,1004,computers.notebook,apple,1070.48,100624,1146573f-eb6f-44af-af2e-0a0f88452634
2024-03-09T22:09:43.000000,view,59728,1004,computers.notebook,apple,1070.48,100624,1146573f-eb6f-44af-af2e-0a0f88452634
2024-03-09T23:00:15.000000,view,86234,1003,appliances.kitchen.refrigerators,xiaomi,439.62,100414,abcab090-cd35-4fc0-a1da-d473500b7ba1
2024-03-09T23:02:37.000000,cart,86234,1003,appliances.kitchen.refrigerators,xiaomi,439.62,100414,abcab090-cd35-4fc0-a1da-d473500b7ba1
2024-03-09T23:04:00.000000,purchase,86234,1003,appliances.kitchen.refrigerators,xiaomi,439.62,100414,abcab090-cd35-4fc0-a1da-d473500b7ba1
2024-03-10T00:08:07.000000,view,71596,1004,computers.notebook,bosch,1764.69,100097,ef8fc703-01e1-4508-8fde-fff2d5823f86
2024-03-10T00:11:03.000000,view,71596,1004,computers.notebook,bosch,1764.69,100097,ef8fc703-01e1-4508-8fde-fff2d5823f86
2024-03-10T00:13:45.000000,view,71596,1004,computers.notebook,bosch,1764.69,100097,ef8fc703-01e1-4508-8fde-fff2d5823f86
2024-03-10T00:14:29.000000,view,71596,1004,computers.notebook,bosch,1764.69,100097,ef8fc703-01e1-4508-8fde-fff2d5823f86
2024-03-10T00:15:55.000000,cart,71596,1004,computers.notebook,bosch,1764.69,100097,ef8fc703-01e1-4508-8fde-fff2d5823f86
2024-03-10T00:17:38.000000,purchase,71596,1004,computers.notebook,bosch,1764.69,100097,ef8fc703-01e1-4508-8fde-fff2d5823f86
2024-03-10T00:25:59.000000,view,56181,1004,computers.notebook,samsung,700.49,100009,ed85b7d2-16c6-46ea-b139-b32736eb82a2
2024-03-10T00:27:39.000000,view,56181,1004,computers.notebook,samsung,700.49,100009,ed85b7d2-16c6-46ea-b139-b32736eb82a2
2024-03-10T00:29:37.000000,view,56181,1004,computers.notebook,samsung,700.49,100009,ed85b7d2-16c6-46ea-b139-b32736eb82a2
2024-03-10T00:31:32.000000,view,56181,1004,computers.notebook,samsung,700.49,100009,ed85b7d2-16c6-46ea-b139-b32736eb82a2
2024-03-10T01:03:00.000000,view,65979,1005,apparel.shoes,asus,193.42,100147,4d157e1b-a034-4a76-953f-f6a1ca9668e5
2024-03-10T01:04:47.000000,view,65979,1005,apparel.shoes,asus,193.42,100147,4d157e1b-a034-4a76-953f-f6a1ca9668e5
2024-03-10T01:05:26.000000,view,65979,1005,apparel.shoes,asus,193.42,100147,4d157e1b-a034-4a76-953f-f6a1ca9668e5
2024-03-10T01:07:14.000000,cart,65979,1005,apparel.shoes,asus,193.42,100147,4d157e1b-a034-4a76-953f-f6a1ca9668e5
2024-03-10T01:09:01.000000,purchase,65979,1005,apparel.shoes,asus,193.42,100147,4d157e1b-a034-4a76-953f-f6a1ca9668e5
2024-03-10T01:10:09.000000,view,80490,1001,electronics.smartphone,bosch,1096.27,100033,dcae81bb-b45c-4523-af3d-1f7dfc1f61f7
2024-03-10T01:10:37.000000,view,80490,1001,electronics.smartphone,bosch,1096.27,100033,dcae81bb-b45c-4523-af3d-1f7dfc1f61f7
2024-03-10T01:31:02.000000,view,60311,1006,auto.accessories,apple,108.57,100955,6c1ef006-5dce-49ee-bba6-6c7cd4d08940
2024-03-10T01:32:46.000000,view,60311,1006,auto.accessories,apple,108.57,100955,6c1ef006-5dce-49ee-bba6-6c7cd4d08940
2024-03-10T03:01:42.000000,view,57167,1006,auto.accessories,apple,118.81,100099,dd8283ef-591f-4cc3-9937-3a582bf5b5c0
2024-03-10T03:02:34.000000,view,57167,1006,auto.accessories,apple,118.81,100099,dd8283ef-591f-4cc3-9937-3a582bf5b5c0
2024-03-10T03:02:54.000000,view,95303,1002,electronics.audio.headphone,apple,72.67,100693,e6b78f41-4919-4302-9a89-cc484dec29f4
2024-03-10T03:03:15.000000,view,95303,1002,electronics.audio.headphone,apple,72.67,100693,e6b78f41-4919-4302-9a89-cc484dec29f4
2024-03-10T03:05:27.000000,view,95303,1002,electronics.audio.headphone,apple,72.67,100693,e6b78f41-4919-4302-9a89-cc484dec29f4
2024-03-10T03:05:29.000000,view,57167,1006,auto.accessories,apple,118.81,100099,dd8283ef-591f-4cc3-9937-3a582bf5b5c0
2024-03-10T03:07:00.000000,view,95303,1002,electronics.audio.headphone,apple,72.67,100693,e6b78f41-4919-4302-9a89-cc484dec29f4
2024-03-10T03:08:15.000000,cart,57167,1006,auto.accessories,apple,118.81,100099,dd8283ef-591f-4cc3-9937-3a582bf5b5c0
2024-03-10T04:12:36.000000,view,50006,1003,appliances.kitchen.refrigerators,apple,1451.3,100176,8d38cec8-237c-4c0b-b1eb-d0a42efd7b1a
2024-03-10T04:14:14.000000,view,50006,1003,appliances.kitchen.refrigerators,apple,1451.3,100176,8d38cec8-237c-4c0b-b1eb-d0a42efd7b1a
2024-03-10T05:13:00.000000,view,90345,1005,apparel.shoes,bosch,75.29,100234,230a4c76-3d47-4cfd-b1c5-47c8f227f4aa
2024-03-10T05:14:59.000000,view,90345,1005,apparel.shoes,bosch,75.29,100234,230a4c76-3d47-4cfd-b1c5-47c8f227f4aa
2024-03-10T06:16:26.000000,view,77894,1003,appliances.kitchen.refrigerators,asus,945.59,100553,7dc36373-a7ce-4423-b907-f854a35fa32e
2024-03-10T08:00:00.000000,view,94852,1002,electronics.audio.headphone,nike,278.26,100032,61b5b2a2-a4e8-4568-a9b1-652443eb78d5
2024-03-10T08:00:33.000000,view,94852,1002,electronics.audio.headphone,nike,278.26,100032,61b5b2a2-a4e8-4568-a9b1-652443eb78d5
2024-03-10T08:24:06.000000,view,77567,1006,auto.accessories,xiaomi,43.6,100370,a93c5bdc-c006-4e0a-b275-7aa31c1a2a56
2024-03-10T08:26:37.000000,view,77567,1006,auto.accessories,xiaomi,43.6,100370,a93c5bdc-c006-4e0a-b275-7aa31c1a2a56
2024-03-10T08:28:24.000000,view,77567,1006,auto.accessories,xiaomi,43.6,100370,a93c5bdc-c006-4e0a-b275-7aa31c1a2a56
2024-03-10T08:29:03.000000,view,77567,1006,auto.accessories,xiaomi,43.6,100370,a93c5bdc-c006-4e0a-b275-7aa31c1a2a56
2024-03-10T10:00:00.000000,view,90410,1004,computers.notebook,bosch,1814.98,100430,78001921-a325-4163-98f4-d283dc686611
2024-03-10T10:00:00.000000,view,83359,1003,appliances.kitchen.refrigerators,bosch,898.18,100590,ffe570bd-aa02-4909-88d2-1a2cf6b51f45
2024-03-10T10:00:00.000000,view,66025,1006,auto.accessories,bosch,84.84,100987,0add78b1-99c6-4c3b-a70e-bd261554668b
2024-03-10T10:00:09.000000,view,52680,1002,electronics.audio.headphone,lg,194.14,100982,c46b096c-75c3-4b99-965c-81e4fa187d7b
2024-03-10T10:01:52.000000,view,90410,1004,computers.notebook,bosch,1814.98,100430,78001921-a325-4163-98f4-d283dc686611
2024-03-10T10:02:23.000000,view,52680,1002,electronics.audio.headphone,lg,194.14,100982,c46b096c-75c3-4b99-965c-81e4fa187d7b
2024-03-10T10:02:59.000000,view,66025,1006,auto.accessories,bosch,84.84,100987,0add78b1-99c6-4c3b-a70e-bd261554668b
2024-03-10T10:03:29.000000,view,89773,1005,apparel.shoes,bosch,126.99,100566,87f6443d-db18-41e9-98a9-e069034b0aee
2024-03-10T10:03:41.000000,view,52680,1002,electronics.audio.headphone,lg,194.14,100982,c46b096c-75c3-4b99-965c-81e4fa187d7b
2024-03-10T10:04:03.000000,view,90410,1004,computers.notebook,bosch,1814.98,100430,78001921-a325-4163-98f4-d283dc686611
2024-03-10T10:05:15.000000,view,90410,1004,computers.notebook,bosch,1814.98,100430,78001921-a325-4163-98f4-d283dc686611
2024-03-10T10:05:34.000000,view,52680,1002,electronics.audio.headphone,lg,194.14,100982,c46b096c-75c3-4b99-965c-81e4fa187d7b
2024-03-10T10:05:35.000000,view,66025,1006,auto.accessories,bosch,84.84,100987,0add78b1-99c6-4c3b-a70e-bd261554668b
2024-03-10T10:07:46.000000,cart,66025,1006,auto.accessories,bosch,84.84,100987,0add78b1-99c6-4c3b-a70e-bd261554668b
2024-03-10T10:08:57.000000,purchase,66025,1006,auto.accessories,bosch,84.84,100987,0add78b1-99c6-4c3b-a70e-bd261554668b
2024-03-10T11:33:41.000000,view,53972,1006,auto.accessories,apple,69.35,100009,b0eea454-0af6-41b0-bf3f-a5b294f8c004
2024-03-10T11:34:18.000000,view,53972,1006,auto.accessories,apple,69.35,100009,b0eea454-0af6-41b0-bf3f-a5b294f8c004
2024-03-10T11:35:31.000000,view,53972,1006,auto.accessories,apple,69.35,100009,b0eea454-0af6-41b0-bf3f-a5b294f8c004
2024-03-10T11:36:30.000000,cart,53972,1006,auto.accessories,apple,69.35,100009,b0eea454-0af6-41b0-bf3f-a5b294f8c004
2024-03-10T11:37:42.000000,purchase,53972,1006,auto.accessories,apple,69.35,100009,b0eea454-0af6-41b0-bf3f-a5b294f8c004
2024-03-10T12:00:00.000000,view,51148,1003,appliances.kitchen.refrigerators,lg,1282.89,100439,7aac6689-b8ef-47ef-8745-ac650daa930c
2024-03-10T12:02:52.000000,view,51148,1003,appliances.kitchen.refrigerators,lg,1282.89,100439,7aac6689-b8ef-47ef-8745-ac650daa930c
2024-03-10T12:03:11.000000,view,51148,1003,appliances.kitchen.refrigerators,lg,1282.89,100439,7aac6689-b8ef-47ef-8745-ac650daa930c
2024-03-10T12:05:53.000000,cart,51148,1003,appliances.kitchen.refrigerators,lg,1282.89,100439,7aac6689-b8ef-47ef-8745-ac650daa930c
2024-03-10T12:07:41.000000,purchase,51148,1003,appliances.kitchen.refrigerators,lg,1282.89,100439,7aac6689-b8ef-47ef-8745-ac650daa930c
2024-03-10T12:15:37.000000,view,50598,1004,computers.notebook,xiaomi,2774.19,100176,7adaee5b-4f08-4903-8f84-5b1a10142fa8
2024-03-10T12:18:19.000000,view,50598,1004,computers.notebook,xiaomi,2774.19,100176,7adaee5b-4f08-4903-8f84-5b1a10142fa8
2024-03-10T12:19:28.000000,view,50598,1004,computers.notebook,xiaomi,2774.19,100176,7adaee5b-4f08-4903-8f84-5b1a10142fa8
2024-03-10T13:00:00.000000,view,71080,1006,auto.accessories,samsung,131.09,100482,b7f48052-3d72-482d-8919-f87fd02b5077
2024-03-10T13:00:00.000000,view,52785,1003,appliances.kitchen.refrigerators,apple,1385.45,100656,671b6dea-5e4f-4af7-b004-cc13766b8aec
2024-03-10T13:00:17.000000,view,52785,1003,appliances.kitchen.refrigerators,apple,1385.45,100656,671b6dea-5e4f-4af7-b004-cc13766b8aec
2024-03-10T13:02:27.000000,view,71080,1006,auto.accessories,samsung,131.09,100482,b7f48052-3d72-482d-8919-f87fd02b5077
2024-03-10T13:03:17.000000,view,52785,1003,appliances.kitchen.refrigerators,apple,1385.45,100656,671b6dea-5e4f-4af7-b004-cc13766b8aec
2024-03-10T13:05:05.000000,cart,71080,1006,auto.accessories,samsung,131.09,100482,b7f48052-3d72-482d-8919-f87fd02b5077
2024-03-10T13:06:00.000000,cart,52785,1003,appliances.kitchen.refrigerators,apple,1385.45,100656,671b6dea-5e4f-4af7-b004-cc13766b8aec
2024-03-10T13:06:44.000000,purchase,52785,1003,appliances.kitchen.refrigerators,apple,1385.45,100656,671b6dea-5e4f-4af7-b004-cc13766b8aec
2024-03-10T13:20:18.000000,view,79810,1002,electronics.audio.headphone,lg,53.81,100716,773d466c-7a17-419e-a41d-7996008dccfd
2024-03-10T13:22:49.000000,view,79810,1002,electronics.audio.headphone,lg,53.81,100716,773d466c-7a17-419e-a41d-7996008dccfd
2024-03-10T13:24:17.000000,view,79810,1002,electronics.audio.headphone,lg,53.81,100716,773d466c-7a17-419e-a41d-7996008dccfd
2024-03-10T13:24:54.000000,view,79810,1002,electronics.audio.headphone,lg,53.81,100716,773d466c-7a17-419e-a41d-7996008dccfd
2024-03-10T14:36:00.000000,view,85559,1001,electronics.smartphone,nike,635.08,100028,f22d77d0-2b14-42a0-be3c-fa579876966e
2024-03-10T16:28:01.000000,view,77701,1004,computers.notebook,lg,1966.41,100325,d7b39b2c-2633-42c6-81a6-a15f1a5df748
2024-03-10T16:28:50.000000,view,77701,1004,computers.notebook,lg,1966.41,100325,d7b39b2c-2633-42c6-81a6-a15f1a5df748
2024-03-10T16:31:03.000000,view,77701,1004,computers.notebook,lg,1966.41,100325,d7b39b2c-2633-42c6-81a6-a15f1a5df748
2024-03-10T16:31:07.000000,view,85858,1006,auto.accessories,apple,143.51,100273,571692c8-ff4b-4039-831a-ffde120860b4
2024-03-10T16:31:18.000000,view,77701,1004,computers.notebook,lg,1966.41,100325,d7b39b2c-2633-42c6-81a6-a15f1a5df748
2024-03-10T16:31:40.000000,view,85858,1006,auto.accessories,apple,143.51,100273,571692c8-ff4b-4039-831a-ffde120860b4
2024-03-10T16:33:32.000000,view,85858,1006,auto.accessories,apple,143.51,100273,571692c8-ff4b-4039-831a-ffde120860b4
2024-03-10T16:34:47.000000,view,85858,1006,auto.accessories,apple,143.51,100273,571692c8-ff4b-4039-831a-ffde120860b4
2024-03-10T16:35:42.000000,cart,85858,1006,auto.accessories,apple,143.51,100273,571692c8-ff4b-4039-831a-ffde120860b4
2024-03-10T17:02:56.000000,view,78112,1006,auto.accessories,asus,45.98,100158,6f3611ce-3b0f-4062-8d25-b61036fe412f
2024-03-10T17:04:43.000000,view,78112,1006,auto.accessories,asus,45.98,100158,6f3611ce-3b0f-4062-8d25-b61036fe412f
2024-03-10T17:06:22.000000,view,78112,1006,auto.accessories,asus,45.98,100158,6f3611ce-3b0f-4062-8d25-b61036fe412f
2024-03-10T17:09:02.000000,view,78112,1006,auto.accessories,asus,45.98,100158,6f3611ce-3b0f-4062-8d25-b61036fe412f
2024-03-10T17:11:39.000000,cart,78112,1006,auto.accessories,asus,45.98,100158,6f3611ce-3b0f-4062-8d25-b61036fe412f
2024-03-10T17:12:11.000000,purchase,78112,1006,auto.accessories,asus,45.98,100158,6f3611ce-3b0f-4062-8d25-b61036fe412f
2024-03-10T18:00:00.000000,view,50186,1005,apparel.shoes,nike,178.61,100633,2aa38da1-9203-45f3-a1d4-eecd4c9cc868
2024-03-10T18:02:31.000000,view,50186,1005,apparel.shoes,nike,178.61,100633,2aa38da1-9203-45f3-a1d4-eecd4c9cc868
2024-03-10T18:03:18.000000,view,50186,1005,apparel.shoes,nike,178.61,100633,2aa38da1-9203-45f3-a1d4-eecd4c9cc868
2024-03-10T18:03:52.000000,view,50186,1005,apparel.shoes,nike,178.61,100633,2aa38da1-9203-45f3-a1d4-eecd4c9cc868
2024-03-10T18:05:11.000000,cart,50186,1005,apparel.shoes,nike,178.61,100633,2aa38da1-9203-45f3-a1d4-eecd4c9cc868
2024-03-10T18:06:00.000000,purchase,50186,1005,apparel.shoes,nike,178.61,100633,2aa38da1-9203-45f3-a1d4-eecd4c9cc868
2024-03-10T20:00:00.000000,view,99445,1001,electronics.smartphone,asus,1087.83,100400,9aa30ebe-3e68-4f4a-b729-e22fad3fe6d0
2024-03-10T20:00:00.000000,view,73231,1004,computers.notebook,apple,3067.38,100877,913d6dd5-b01c-4fbb-a156-3e40efb09c65
2024-03-10T20:00:35.000000,cart,73231,1004,computers.notebook,apple,3067.38,100877,913d6dd5-b01c-4fbb-a156-3e40efb09c65
2024-03-10T20:02:41.000000,view,99445,1001,electronics.smartphone,asus,1087.83,100400,9aa30ebe-3e68-4f4a-b729-e22fad3fe6d0
2024-03-10T20:03:46.000000,view,99445,1001,electronics.smartphone,asus,1087.83,100400,9aa30ebe-3e68-4f4a-b729-e22fad3fe6d0
2024-03-10T20:04:03.000000,cart,99445,1001,electronics.smartphone,asus,1087.83,100400,9aa30ebe-3e68-4f4a-b729-e22fad3fe6d0
2024-03-10T20:05:37.000000,purchase,99445,1001,electronics.smartphone,asus,1087.83,100400,9aa30ebe-3e68-4f4a-b729-e22fad3fe6d0
2024-03-10T20:05:58.000000,view,65569,1003,appliances.kitchen.refrigerators,nike,408.44,100132,f0c144af-f518-4c9e-99ae-329217ab194d
2024-03-10T20:07:16.000000,view,65569,1003,appliances.kitchen.refrigerators,nike,408.44,100132,f0c144af-f518-4c9e-99ae-329217ab194d
2024-03-10T20:09:01.000000,view,65569,1003,appliances.kitchen.refrigerators,nike,408.44,100132,f0c144af-f518-4c9e-99ae-329217ab194d
2024-03-10T20:09:16.000000,view,65569,1003,appliances.kitchen.refrigerators,nike,408.44,100132,f0c144af-f518-4c9e-99ae-329217ab194d
2024-03-10T21:01:49.000000,view,74732,1001,electronics.smartphone,apple,955.47,100323,03737c13-992e-4359-8c22-174e76a0e1ce
2024-03-10T21:03:34.000000,view,74732,1001,electronics.smartphone,apple,955.47,100323,03737c13-992e-4359-8c22-174e76a0e1ce
2024-03-10T21:04:45.000000,cart,74732,1001,electronics.smartphone,apple,955.47,100323,03737c13-992e-4359-8c22-174e76a0e1ce
2024-03-10T21:05:02.000000,purchase,74732,1001,electronics.smartphone,apple,955.47,100323,03737c13-992e-4359-8c22-174e76a0e1ce
2024-03-10T21:19:39.000000,view,66377,1004,computers.notebook,lg,906.14,100176,92fcad9f-95d0-4d27-826f-01b5edb9bb82
2024-03-10T21:20:07.000000,view,79391,1003,appliances.kitchen.refrigerators,xiaomi,1685.7,100355,d5321c48-f313-4cd8-9625-6e69d17735ec
2024-03-10T21:21:25.000000,view,66377,1004,computers.notebook,lg,906.14,100176,92fcad9f-95d0-4d27-826f-01b5edb9bb82
2024-03-10T21:22:08.000000,cart,79391,1003,appliances.kitchen.refrigerators,xiaomi,1685.7,100355,d5321c48-f313-4cd8-9625-6e69d17735ec
2024-03-10T21:22:31.000000,view,66377,1004,computers.notebook,lg,906.14,100176,92fcad9f-95d0-4d27-826f-01b5edb9bb82
2024-03-10T21:23:48.000000,view,66377,1004,computers.notebook,lg,906.14,100176,92fcad9f-95d0-4d27-826f-01b5edb9bb82
2024-03-10T22:06:24.000000,view,76790,1001,electronics.smartphone,nike,572.57,100991,1712e860-fbe3-4c11-a69c-b4ea1e37af0a
2024-03-10T22:08:26.000000,view,60140,1004,computers.notebook,samsung,3240.01,100326,125a8f94-6d21-498b-91fb-661cb79dc3d1
2024-03-10T22:08:49.000000,view,76790,1001,electronics.smartphone,nike,572.57,100991,1712e860-fbe3-4c11-a69c-b4ea1e37af0a
2024-03-11T00:06:52.000000,view,61107,1002,electronics.audio.headphone,asus,210.36,100162,575310bf-b328-4c81-9c20-4befa048e5d6
2024-03-11T00:08:03.000000,view,61107,1002,electronics.audio.headphone,asus,210.36,100162,575310bf-b328-4c81-9c20-4befa048e5d6
2024-03-11T00:11:00.000000,view,61107,1002,electronics.audio.headphone,asus,210.36,100162,575310bf-b328-4c81-9c20-4befa048e5d6
2024-03-11T00:32:48.000000,view,82960,1002,electronics.audio.headphone,asus,146.03,100456,d547627d-3729-4e4a-b196-232b725e23e8
2024-03-11T00:33:25.000000,view,82960,1002,electronics.audio.headphone,asus,146.03,100456,d547627d-3729-4e4a-b196-232b725e23e8
2024-03-11T00:33:54.000000,view,82960,1002,electronics.audio.headphone,asus,146.03,100456,d547627d-3729-4e4a-b196-232b725e23e8
2024-03-11T00:35:06.000000,cart,82960,1002,electronics.audio.headphone,asus,146.03,100456,d547627d-3729-4e4a-b196-232b725e23e8
2024-03-11T00:36:53.000000,purchase,82960,1002,electronics.audio.headphone,asus,146.03,100456,d547627d-3729-4e4a-b196-232b725e23e8
2024-03-11T01:03:38.000000,view,95200,1006,auto.accessories,samsung,141.41,100453,8c9da2b2-c8a3-4f9c-b258-83bea78abda6
2024-03-11T01:04:46.000000,view,95200,1006,auto.accessories,samsung,141.41,100453,8c9da2b2-c8a3-4f9c-b258-83bea78abda6
2024-03-11T01:06:52.000000,cart,95200,1006,auto.accessories,samsung,141.41,100453,8c9da2b2-c8a3-4f9c-b258-83bea78abda6
2024-03-11T01:08:24.000000,purchase,95200,1006,auto.accessories,samsung,141.41,100453,8c9da2b2-c8a3-4f9c-b258-83bea78abda6
2024-03-11T02:10:06.000000,view,65619,1004,computers.notebook,samsung,1061.56,100991,885eaf72-7da7-46c8-9232-f29d0072d8c0
2024-03-11T02:12:09.000000,view,65619,1004,computers.notebook,samsung,1061.56,100991,885eaf72-7da7-46c8-9232-f29d0072d8c0
2024-03-11T02:12:19.000000,view,65619,1004,computers.notebook,samsung,1061.56,100991,885eaf72-7da7-46c8-9232-f29d0072d8c0
2024-03-11T02:13:45.000000,cart,65619,1004,computers.notebook,samsung,1061.56,100991,885eaf72-7da7-46c8-9232-f29d0072d8c0
2024-03-11T02:14:13.000000,purchase,65619,1004,computers.notebook,samsung,1061.56,100991,885eaf72-7da7-46c8-9232-f29d0072d8c0
2024-03-11T04:02:30.000000,view,66046,1001,electronics.smartphone,apple,174.28,100877,024e657a-c88b-4af9-aca8-67eeb377370c
2024-03-11T04:04:41.000000,view,66046,1001,electronics.smartphone,apple,174.28,100877,024e657a-c88b-4af9-aca8-67eeb377370c
2024-03-11T04:05:24.000000,cart,66046,1001,electronics.smartphone,apple,174.28,100877,024e657a-c88b-4af9-aca8-67eeb377370c
2024-03-11T05:11:10.000000,view,93886,1004,computers.notebook,xiaomi,1624.94,100162,8f290c59-fb3c-4102-9a95-b313f3f75ef2
2024-03-11T05:13:32.000000,view,93886,1004,computers.notebook,xiaomi,1624.94,100162,8f290c59-fb3c-4102-9a95-b313f3f75ef2
2024-03-11T09:00:00.000000,view,64441,1004,computers.notebook,asus,1782.52,100250,da605124-6899-480b-8c74-b57473b2ff86
2024-03-11T09:01:33.000000,cart,64441,1004,computers.notebook,asus,1782.52,100250,da605124-6899-480b-8c74-b57473b2ff86
2024-03-11T09:03:10.000000,purchase,64441,1004,computers.notebook,asus,1782.52,100250,da605124-6899-480b-8c74-b57473b2ff86
2024-03-11T10:00:00.000000,view,87598,1003,appliances.kitchen.refrigerators,samsung,891.97,100165,cc2f81e6-7168-4268-bd22-c093c89dfc59
2024-03-11T10:00:00.000000,view,69604,1003,appliances.kitchen.refrigerators,bosch,2153.38,100816,7454c530-b21b-49aa-8a40-126b68dc0194
2024-03-11T10:00:17.000000,view,69604,1003,appliances.kitchen.refrigerators,bosch,2153.38,100816,7454c530-b21b-49aa-8a40-126b68dc0194
2024-03-11T10:02:17.000000,view,87598,1003,appliances.kitchen.refrigerators,samsung,891.97,100165,cc2f81e6-7168-4268-bd22-c093c89dfc59
2024-03-11T10:03:16.000000,view,69604,1003,appliances.kitchen.refrigerators,bosch,2153.38,100816,7454c530-b21b-49aa-8a40-126b68dc0194
2024-03-11T10:03:18.000000,cart,87598,1003,appliances.kitchen.refrigerators,samsung,891.97,100165,cc2f81e6-7168-4268-bd22-c093c89dfc59
2024-03-11T10:50:18.000000,view,78889,1001,electronics.smartphone,bosch,264.83,100923,64da1816-bd4f-4bba-a28a-f56f7be1beea
2024-03-11T10:51:52.000000,view,78889,1001,electronics.smartphone,bosch,264.83,100923,64da1816-bd4f-4bba-a28a-f56f7be1beea
2024-03-11T10:54:05.000000,view,78889,1001,electronics.smartphone,bosch,264.83,100923,64da1816-bd4f-4bba-a28a-f56f7be1beea
2024-03-11T10:56:36.000000,view,78889,1001,electronics.smartphone,bosch,264.83,100923,64da1816-bd4f-4bba-a28a-f56f7be1beea
2024-03-11T10:59:15.000000,cart,78889,1001,electronics.smartphone,bosch,264.83,100923,64da1816-bd4f-4bba-a28a-f56f7be1beea
2024-03-11T11:00:00.000000,view,97782,1003,appliances.kitchen.refrigerators,samsung,1669.09,100340,a8334c69-239d-4583-89e2-5abd375f4be0
2024-03-11T11:02:30.000000,cart,97782,1003,appliances.kitchen.refrigerators,samsung,1669.09,100340,a8334c69-239d-4583-89e2-5abd375f4be0
2024-03-11T12:00:00.000000,view,72812,1005,apparel.shoes,asus,95.6,100163,334dff7b-b1bc-4765-a7a7-87b1de7ba4c5
2024-03-11T12:01:07.000000,view,72812,1005,apparel.shoes,asus,95.6,100163,334dff7b-b1bc-4765-a7a7-87b1de7ba4c5
2024-03-11T12:03:52.000000,view,72812,1005,apparel.shoes,asus,95.6,100163,334dff7b-b1bc-4765-a7a7-87b1de7ba4c5
2024-03-11T12:07:37.000000,view,87383,1003,appliances.kitchen.refrigerators,nike,2465.77,100058,f7f8367d-c0f2-4a9e-a58d-97a1d4475a13
2024-03-11T12:08:59.000000,view,87383,1003,appliances.kitchen.refrigerators,nike,2465.77,100058,f7f8367d-c0f2-4a9e-a58d-97a1d4475a13
2024-03-11T12:10:46.000000,view,87383,1003,appliances.kitchen.refrigerators,nike,2465.77,100058,f7f8367d-c0f2-4a9e-a58d-97a1d4475a13
2024-03-11T12:13:04.000000,view,87383,1003,appliances.kitchen.refrigerators,nike,2465.77,100058,f7f8367d-c0f2-4a9e-a58d-97a1d4475a13
2024-03-11T13:00:00.000000,view,66908,1004,computers.notebook,samsung,2774.53,100403,1a024f11-0ec8-4691-9812-11275e12862e
2024-03-11T13:00:00.000000,view,74384,1004,computers.notebook,bosch,2236.31,100889,a3162be4-00c7-4e7e-9885-046c93d8cfa9
2024-03-11T13:00:15.000000,view,74384,1004,computers.notebook,bosch,2236.31,100889,a3162be4-00c7-4e7e-9885-046c93d8cfa9
2024-03-11T13:01:16.000000,view,66908,1004,computers.notebook,samsung,2774.53,100403,1a024f11-0ec8-4691-9812-11275e12862e
2024-03-11T13:02:44.000000,view,74384,1004,computers.notebook,bosch,2236.31,100889,a3162be4-00c7-4e7e-9885-046c93d8cfa9
2024-03-11T13:03:32.000000,view,66908,1004,computers.notebook,samsung,2774.53,100403,1a024f11-0ec8-4691-9812-11275e12862e
2024-03-11T13:04:05.000000,cart,74384,1004,computers.notebook,bosch,2236.31,100889,a3162be4-00c7-4e7e-9885-046c93d8cfa9
2024-03-11T13:04:14.000000,cart,66908,1004,computers.notebook,samsung,2774.53,100403,1a024f11-0ec8-4691-9812-11275e12862e
2024-03-11T13:04:51.000000,purchase,66908,1004,computers.notebook,samsung,2774.53,100403,1a024f11-0ec8-4691-9812-11275e12862e
2024-03-11T13:05:54.000000,purchase,74384,1004,computers.notebook,bosch,2236.31,100889,a3162be4-00c7-4e7e-9885-046c93d8cfa9
2024-03-11T13:08:57.000000,view,54279,1003,appliances.kitchen.refrigerators,xiaomi,1255.13,100463,2e2247bf-2f13-46d5-ba85-9a158f807392
2024-03-11T13:09:17.000000,view,65357,1002,electronics.audio.headphone,nike,47.78,100896,cf7a640d-5a2c-4ac4-b6ba-de62d129a8dd
2024-03-11T13:10:05.000000,view,54279,1003,appliances.kitchen.refrigerators,xiaomi,1255.13,100463,2e2247bf-2f13-46d5-ba85-9a158f807392
2024-03-11T13:10:36.000000,view,54279,1003,appliances.kitchen.refrigerators,xiaomi,1255.13,100463,2e2247bf-2f13-46d5-ba85-9a158f807392
2024-03-11T13:12:13.000000,view,65357,1002,electronics.audio.headphone,nike,47.78,100896,cf7a640d-5a2c-4ac4-b6ba-de62d129a8dd
2024-03-11T13:15:03.000000,view,65357,1002,electronics.audio.headphone,nike,47.78,100896,cf7a640d-5a2c-4ac4-b6ba-de62d129a8dd
2024-03-11T13:17:12.000000,view,65357,1002,electronics.audio.headphone,nike,47.78,100896,cf7a640d-5a2c-4ac4-b6ba-de62d129a8dd
2024-03-11T14:00:00.000000,view,86337,1001,electronics.smartphone,nike,218.74,100488,a6289cb4-2ef2-4944-95c3-17a5ce420f99
2024-03-11T14:01:43.000000,view,86337,1001,electronics.smartphone,nike,218.74,100488,a6289cb4-2ef2-4944-95c3-17a5ce420f99
2024-03-11T14:02:29.000000,cart,86337,1001,electronics.smartphone,nike,218.74,100488,a6289cb4-2ef2-4944-95c3-17a5ce420f99
2024-03-11T14:04:28.000000,purchase,86337,1001,electronics.smartphone,nike,218.74,100488,a6289cb4-2ef2-4944-95c3-17a5ce420f99
2024-03-11T15:37:58.000000,view,86066,1001,electronics.smartphone,lg,252.8,100009,7d534e2b-a3f8-40fb-8b47-8a88d57876f0
2024-03-11T16:59:38.000000,view,56082,1004,computers.notebook,xiaomi,2056.59,100923,99a3fd42-b0dc-4641-8520-24daf4299de9
2024-03-11T17:00:08.000000,view,56082,1004,computers.notebook,xiaomi,2056.59,100923,99a3fd42-b0dc-4641-8520-24daf4299de9
2024-03-11T17:03:03.000000,view,56082,1004,computers.notebook,xiaomi,2056.59,100923,99a3fd42-b0dc-4641-8520-24daf4299de9
2024-03-11T17:03:42.000000,view,56082,1004,computers.notebook,xiaomi,2056.59,100923,99a3fd42-b0dc-4641-8520-24daf4299de9
2024-03-11T17:07:59.000000,view,97462,1005,apparel.shoes,lg,60.69,100712,cac017aa-4c76-49ab-8ef0-698cf832aad5
2024-03-11T17:10:57.000000,view,97462,1005,apparel.shoes,lg,60.69,100712,cac017aa-4c76-49ab-8ef0-698cf832aad5
2024-03-11T17:11:53.000000,view,97462,1005,apparel.shoes,lg,60.69,100712,cac017aa-4c76-49ab-8ef0-698cf832aad5
2024-03-11T17:33:54.000000,view,82256,1005,apparel.shoes,bosch,166.84,100263,92f6e5aa-fa46-400b-8a84-2f26dbd86a98
2024-03-11T17:35:19.000000,view,82256,1005,apparel.shoes,bosch,166.84,100263,92f6e5aa-fa46-400b-8a84-2f26dbd86a98
2024-03-11T18:00:00.000000,view,91235,1001,electronics.smartphone,lg,1017.2,100899,2827c8e0-b43f-4e7e-bab2-de015692d79b
2024-03-11T18:00:00.000000,view,88870,1001,electronics.smartphone,nike,377.21,100998,0e25acb4-aae5-4f91-8d93-1c89ab35eef8
2024-03-11T18:01:02.000000,view,91235,1001,electronics.smartphone,lg,1017.2,100899,2827c8e0-b43f-4e7e-bab2-de015692d79b
2024-03-11T18:02:21.000000,view,88870,1001,electronics.smartphone,nike,377.21,100998,0e25acb4-aae5-4f91-8d93-1c89ab35eef8
2024-03-11T18:02:37.000000,view,91235,1001,electronics.smartphone,lg,1017.2,100899,2827c8e0-b43f-4e7e-bab2-de015692d79b
2024-03-11T18:03:48.000000,view,88870,1001,electronics.smartphone,nike,377.21,100998,0e25acb4-aae5-4f91-8d93-1c89ab35eef8
2024-03-11T18:03:49.000000,view,91235,1001,electronics.smartphone,lg,1017.2,100899,2827c8e0-b43f-4e7e-bab2-de015692d79b
2024-03-11T18:04:23.000000,view,88870,1001,electronics.smartphone,nike,377.21,100998,0e25acb4-aae5-4f91-8d93-1c89ab35eef8
2024-03-11T18:04:33.000000,cart,91235,1001,electronics.smartphone,lg,1017.2,100899,2827c8e0-b43f-4e7e-bab2-de015692d79b
2024-03-11T18:06:15.000000,purchase,91235,1001,electronics.smartphone,lg,1017.2,100899,2827c8e0-b43f-4e7e-bab2-de015692d79b
2024-03-11T19:03:33.000000,view,94336,1001,electronics.smartphone,xiaomi,596.61,100340,8d537c88-5e8c-4035-a5f7-937e02acd86d
2024-03-11T19:06:00.000000,view,94336,1001,electronics.smartphone,xiaomi,596.61,100340,8d537c88-5e8c-4035-a5f7-937e02acd86d
2024-03-11T19:07:02.000000,cart,94336,1001,electronics.smartphone,xiaomi,596.61,100340,8d537c88-5e8c-4035-a5f7-937e02acd86d
2024-03-11T19:08:50.000000,purchase,94336,1001,electronics.smartphone,xiaomi,596.61,100340,8d537c88-5e8c-4035-a5f7-937e02acd86d
2024-03-11T19:08:57.000000,view,72731,1003,appliances.kitchen.refrigerators,apple,2034.05,100781,6961c7b9-836a-4205-abed-724390eea05c
2024-03-11T19:11:08.000000,view,72731,1003,appliances.kitchen.refrigerators,apple,2034.05,100781,6961c7b9-836a-4205-abed-724390eea05c
2024-03-11T19:13:05.000000,view,85633,1003,appliances.kitchen.refrigerators,asus,1199.02,100158,a474c97d-447a-44bc-80a6-d36b44f416b4
2024-03-11T19:13:16.000000,view,85633,1003,appliances.kitchen.refrigerators,asus,1199.02,100158,a474c97d-447a-44bc-80a6-d36b44f416b4
2024-03-11T23:09:00.000000,view,76560,1001,electronics.smartphone,apple,548.23,100095,29f35caf-2bfc-470d-b9f6-89409ccf0c4b
2024-03-11T23:09:24.000000,view,76560,1001,electronics.smartphone,apple,548.23,100095,29f35caf-2bfc-470d-b9f6-89409ccf0c4b
2024-03-11T23:12:17.000000,view,76560,1001,electronics.smartphone,apple,548.23,100095,29f35caf-2bfc-470d-b9f6-89409ccf0c4b
2024-03-11T23:12:29.000000,view,76560,1001,electronics.smartphone,apple,548.23,100095,29f35caf-2bfc-470d-b9f6-89409ccf0c4b
2024-03-11T23:13:22.000000,cart,76560,1001,electronics.smartphone,apple,548.23,100095,29f35caf-2bfc-470d-b9f6-89409ccf0c4b
2024-03-12T00:24:38.000000,view,71954,1003,appliances.kitchen.refrigerators,samsung,1438.88,100528,e3c37d73-cda3-47ca-b91e-8ae6fbc22295
2024-03-12T00:25:59.000000,view,71954,1003,appliances.kitchen.refrigerators,samsung,1438.88,100528,e3c37d73-cda3-47ca-b91e-8ae6fbc22295
2024-03-12T00:27:16.000000,view,71954,1003,appliances.kitchen.refrigerators,samsung,1438.88,100528,e3c37d73-cda3-47ca-b91e-8ae6fbc22295
2024-03-12T00:29:59.000000,view,71954,1003,appliances.kitchen.refrigerators,samsung,1438.88,100528,e3c37d73-cda3-47ca-b91e-8ae6fbc22295
2024-03-12T01:10:52.000000,view,95625,1004,computers.notebook,bosch,2523.04,100132,089decf9-711e-4695-a01e-531cdded960c
2024-03-12T01:11:36.000000,view,95625,1004,computers.notebook,bosch,2523.04,100132,089decf9-711e-4695-a01e-531cdded960c
2024-03-12T01:38:11.000000,view,68728,1004,computers.notebook,lg,3051.63,100969,d0200f0b-79ac-4ba0-9a60-4d0b8144ef26
2024-03-12T01:39:32.000000,view,68728,1004,computers.notebook,lg,3051.63,100969,d0200f0b-79ac-4ba0-9a60-4d0b8144ef26
2024-03-12T01:41:45.000000,view,68728,1004,computers.notebook,lg,3051.63,100969,d0200f0b-79ac-4ba0-9a60-4d0b8144ef26
2024-03-12T02:07:24.000000,view,62959,1001,electronics.smartphone,apple,1097.62,100118,e3dd4e25-9263-403e-91bc-010f0bc6f771
2024-03-12T02:08:06.000000,view,62959,1001,electronics.smartphone,apple,1097.62,100118,e3dd4e25-9263-403e-91bc-010f0bc6f771
2024-03-12T02:08:39.000000,view,62959,1001,electronics.smartphone,apple,1097.62,100118,e3dd4e25-9263-403e-91bc-010f0bc6f771
2024-03-12T02:10:13.000000,view,62959,1001,electronics.smartphone,apple,1097.62,100118,e3dd4e25-9263-403e-91bc-010f0bc6f771
2024-03-12T02:10:54.000000,cart,62959,1001,electronics.smartphone,apple,1097.62,100118,e3dd4e25-9263-403e-91bc-010f0bc6f771
2024-03-12T02:12:08.000000,purchase,62959,1001,electronics.smartphone,apple,1097.62,100118,e3dd4e25-9263-403e-91bc-010f0bc6f771
2024-03-12T04:05:10.000000,view,52856,1003,appliances.kitchen.refrigerators,bosch,309.6,100923,ff594625-156f-42e2-9509-eba7353ebda0
2024-03-12T04:06:27.000000,view,52856,1003,appliances.kitchen.refrigerators,bosch,309.6,100923,ff594625-156f-42e2-9509-eba7353ebda0
2024-03-12T04:11:59.000000,view,87304,1005,apparel.shoes,xiaomi,180.68,100318,45746096-6c85-4c11-ab1d-a154e8c8e9e4
2024-03-12T04:14:07.000000,view,87304,1005,apparel.shoes,xiaomi,180.68,100318,45746096-6c85-4c11-ab1d-a154e8c8e9e4
2024-03-12T04:16:44.000000,view,87304,1005,apparel.shoes,xiaomi,180.68,100318,45746096-6c85-4c11-ab1d-a154e8c8e9e4
2024-03-12T04:17:04.000000,view,87304,1005,apparel.shoes,xiaomi,180.68,100318,45746096-6c85-4c11-ab1d-a154e8c8e9e4
2024-03-12T04:17:37.000000,cart,87304,1005,apparel.shoes,xiaomi,180.68,100318,45746096-6c85-4c11-ab1d-a154e8c8e9e4
2024-03-12T04:18:50.000000,purchase,87304,1005,apparel.shoes,xiaomi,180.68,100318,45746096-6c85-4c11-ab1d-a154e8c8e9e4
2024-03-12T05:10:38.000000,view,95414,1005,apparel.shoes,nike,89.4,100688,8a648d97-689d-4be4-8d90-c90d858a3778
2024-03-12T05:13:22.000000,cart,95414,1005,apparel.shoes,nike,89.4,100688,8a648d97-689d-4be4-8d90-c90d858a3778
2024-03-12T05:15:15.000000,purchase,95414,1005,apparel.shoes,nike,89.4,100688,8a648d97-689d-4be4-8d90-c90d858a3778
2024-03-12T07:24:18.000000,view,67816,1006,auto.accessories,nike,53.43,100176,98e8de5f-ed5d-4e45-9463-794104a422bf
2024-03-12T07:26:13.000000,view,67816,1006,auto.accessories,nike,53.43,100176,98e8de5f-ed5d-4e45-9463-794104a422bf
2024-03-12T07:27:11.000000,view,67816,1006,auto.accessories,nike,53.43,100176,98e8de5f-ed5d-4e45-9463-794104a422bf
2024-03-12T07:27:38.000000,cart,67816,1006,auto.accessories,nike,53.43,100176,98e8de5f-ed5d-4e45-9463-794104a422bf
2024-03-12T07:28:30.000000,purchase,67816,1006,auto.accessories,nike,53.43,100176,98e8de5f-ed5d-4e45-9463-794104a422bf
2024-03-12T08:00:00.000000,view,95447,1006,auto.accessories,bosch,51.11,100046,94db5e21-34cc-4dae-a1d9-a12ebe143d6b
2024-03-12T08:00:00.000000,view,67542,1003,appliances.kitchen.refrigerators,asus,2343.87,100914,c362f933-7674-45a9-ae88-991a9c849d17
2024-03-12T08:01:19.000000,view,95447,1006,auto.accessories,bosch,51.11,100046,94db5e21-34cc-4dae-a1d9-a12ebe143d6b
2024-03-12T08:02:30.000000,view,67542,1003,appliances.kitchen.refrigerators,asus,2343.87,100914,c362f933-7674-45a9-ae88-991a9c849d17
2024-03-12T08:04:44.000000,view,67542,1003,appliances.kitchen.refrigerators,asus,2343.87,100914,c362f933-7674-45a9-ae88-991a9c849d17
2024-03-12T08:07:28.000000,view,67542,1003,appliances.kitchen.refrigerators,asus,2343.87,100914,c362f933-7674-45a9-ae88-991a9c849d17
2024-03-12T08:08:31.000000,cart,67542,1003,appliances.kitchen.refrigerators,asus,2343.87,100914,c362f933-7674-45a9-ae88-991a9c849d17
2024-03-12T08:10:25.000000,purchase,67542,1003,appliances.kitchen.refrigerators,asus,2343.87,100914,c362f933-7674-45a9-ae88-991a9c849d17
2024-03-12T09:00:00.000000,view,79246,1003,appliances.kitchen.refrigerators,nike,772.05,100067,07c0ddd9-9273-4a90-b6ae-dbecde99cafa
2024-03-12T09:00:00.000000,view,85606,1002,electronics.audio.headphone,lg,155.68,100730,ae3ca894-6ccb-488b-b168-fa78c73e85ba
2024-03-12T09:00:00.000000,view,52131,1001,electronics.smartphone,asus,665.23,100758,0a2d68a0-d684-4773-bfb2-c34bcdac54d9
2024-03-12T09:00:31.000000,view,52131,1001,electronics.smartphone,asus,665.23,100758,0a2d68a0-d684-4773-bfb2-c34bcdac54d9
2024-03-12T09:02:15.000000,view,79246,1003,appliances.kitchen.refrigerators,nike,772.05,100067,07c0ddd9-9273-4a90-b6ae-dbecde99cafa
2024-03-12T09:02:32.000000,cart,52131,1001,electronics.smartphone,asus,665.23,100758,0a2d68a0-d684-4773-bfb2-c34bcdac54d9
2024-03-12T09:02:53.000000,purchase,52131,1001,electronics.smartphone,asus,665.23,100758,0a2d68a0-d684-4773-bfb2-c34bcdac54d9
2024-03-12T09:03:16.000000,view,79246,1003,appliances.kitchen.refrigerators,nike,772.05,100067,07c0ddd9-9273-4a90-b6ae-dbecde99cafa
2024-03-12T09:03:57.000000,cart,79246,1003,appliances.kitchen.refrigerators,nike,772.05,100067,07c0ddd9-9273-4a90-b6ae-dbecde99cafa
2024-03-12T09:04:21.000000,purchase,79246,1003,appliances.kitchen.refrigerators,nike,772.05,100067,07c0ddd9-9273-4a90-b6ae-dbecde99cafa
2024-03-12T10:00:00.000000,view,64673,1005,apparel.shoes,samsung,83.98,100859,7fd4c2e7-cb83-4700-862c-80baeecb716a
2024-03-12T10:02:59.000000,view,64673,1005,apparel.shoes,samsung,83.98,100859,7fd4c2e7-cb83-4700-862c-80baeecb716a
2024-03-12T10:04:26.000000,view,64673,1005,apparel.shoes,samsung,83.98,100859,7fd4c2e7-cb83-4700-862c-80baeecb716a
2024-03-12T10:07:11.000000,view,64673,1005,apparel.shoes,samsung,83.98,100859,7fd4c2e7-cb83-4700-862c-80baeecb716a
2024-03-12T10:31:57.000000,view,95110,1002,electronics.audio.headphone,bosch,106.13,100528,fed212ff-5eef-4dd2-a9d2-09cee58cc891
2024-03-12T10:34:25.000000,view,95110,1002,electronics.audio.headphone,bosch,106.13,100528,fed212ff-5eef-4dd2-a9d2-09cee58cc891
2024-03-12T10:36:56.000000,view,95110,1002,electronics.audio.headphone,bosch,106.13,100528,fed212ff-5eef-4dd2-a9d2-09cee58cc891
2024-03-12T10:38:28.000000,cart,95110,1002,electronics.audio.headphone,bosch,106.13,100528,fed212ff-5eef-4dd2-a9d2-09cee58cc891
2024-03-12T11:00:00.000000,view,65571,1005,apparel.shoes,lg,121.75,100145,04bb266f-12ac-4312-b854-e3e267202a29
2024-03-12T11:03:00.000000,view,65571,1005,apparel.shoes,lg,121.75,100145,04bb266f-12ac-4312-b854-e3e267202a29
2024-03-12T11:03:22.000000,view,65571,1005,apparel.shoes,lg,121.75,100145,04bb266f-12ac-4312-b854-e3e267202a29
2024-03-12T11:05:09.000000,cart,65571,1005,apparel.shoes,lg,121.75,100145,04bb266f-12ac-4312-b854-e3e267202a29
2024-03-12T12:00:00.000000,view,68940,1003,appliances.kitchen.refrigerators,bosch,1850.78,100078,48db261c-392a-4995-a9cf-f831aaeaf0f1
2024-03-12T12:00:00.000000,view,81439,1006,auto.accessories,asus,23.54,100517,e2f42a29-1400-4b14-a157-9e479c48b5c2
2024-03-12T12:00:00.000000,view,62690,1002,electronics.audio.headphone,asus,232.64,100789,fc05817c-8137-4ab0-b35a-9a087ac42533
2024-03-12T12:00:59.000000,view,62690,1002,electronics.audio.headphone,asus,232.64,100789,fc05817c-8137-4ab0-b35a-9a087ac42533
2024-03-12T12:01:05.000000,view,81439,1006,auto.accessories,asus,23.54,100517,e2f42a29-1400-4b14-a157-9e479c48b5c2
2024-03-12T12:01:31.000000,view,68940,1003,appliances.kitchen.refrigerators,bosch,1850.78,100078,48db261c-392a-4995-a9cf-f831aaeaf0f1
2024-03-12T12:01:31.000000,cart,81439,1006,auto.accessories,asus,23.54,100517,e2f42a29-1400-4b14-a157-9e479c48b5c2
2024-03-12T12:01:50.000000,cart,62690,1002,electronics.audio.headphone,asus,232.64,100789,fc05817c-8137-4ab0-b35a-9a087ac42533
2024-03-12T12:02:34.000000,purchase,81439,1006,auto.accessories,asus,23.54,100517,e2f42a29-1400-4b14-a157-9e479c48b5c2
2024-03-12T12:02:36.000000,purchase,62690,1002,electronics.audio.headphone,asus,232.64,100789,fc05817c-8137-4ab0-b35a-9a087ac42533
2024-03-12T12:03:43.000000,view,68940,1003,appliances.kitchen.refrigerators,bosch,1850.78,100078,48db261c-392a-4995-a9cf-f831aaeaf0f1
2024-03-12T12:05:22.000000,view,68940,1003,appliances.kitchen.refrigerators,bosch,1850.78,100078,48db261c-392a-4995-a9cf-f831aaeaf0f1
2024-03-12T12:08:56.000000,view,90541,1001,electronics.smartphone,bosch,460.15,100096,13d9238c-80d8-4578-8c82-d88298a7a5d4
2024-03-12T12:09:24.000000,view,90541,1001,electronics.smartphone,bosch,460.15,100096,13d9238c-80d8-4578-8c82-d88298a7a5d4
2024-03-12T12:09:55.000000,cart,90541,1001,electronics.smartphone,bosch,460.15,100096,13d9238c-80d8-4578-8c82-d88298a7a5d4
2024-03-12T13:00:00.000000,view,81966,1003,appliances.kitchen.refrigerators,bosch,2000.61,100600,3a0a6df0-d212-42c6-9531-bb3902243d3d
2024-03-12T13:00:00.000000,view,73302,1002,electronics.audio.headphone,samsung,184.5,100629,baf46bd9-967d-4a80-a789-681c7e26843f
2024-03-12T13:00:56.000000,view,64983,1001,electronics.smartphone,xiaomi,199.19,100775,017dc247-2a0c-4f4b-a0be-4909c14193b9
2024-03-12T13:01:16.000000,view,81966,1003,appliances.kitchen.refrigerators,bosch,2000.61,100600,3a0a6df0-d212-42c6-9531-bb3902243d3d
2024-03-12T13:02:23.000000,view,81966,1003,appliances.kitchen.refrigerators,bosch,2000.61,100600,3a0a6df0-d212-42c6-9531-bb3902243d3d
2024-03-12T13:02:34.000000,cart,81966,1003,appliances.kitchen.refrigerators,bosch,2000.61,100600,3a0a6df0-d212-42c6-9531-bb3902243d3d
2024-03-12T13:02:51.000000,view,73302,1002,electronics.audio.headphone,samsung,184.5,100629,baf46bd9-967d-4a80-a789-681c7e26843f
2024-03-12T13:04:45.000000,cart,73302,1002,electronics.audio.headphone,samsung,184.5,100629,baf46bd9-967d-4a80-a789-681c7e26843f
2024-03-12T13:04:51.000000,view,76681,1003,appliances.kitchen.refrigerators,samsung,1413.72,100163,408bb288-64ad-43e8-8b7a-c6eab8e77dfc
2024-03-12T13:06:09.000000,purchase,73302,1002,electronics.audio.headphone,samsung,184.5,100629,baf46bd9-967d-4a80-a789-681c7e26843f
2024-03-12T13:07:09.000000,cart,76681,1003,appliances.kitchen.refrigerators,samsung,1413.72,100163,408bb288-64ad-43e8-8b7a-c6eab8e77dfc
2024-03-12T14:00:00.000000,view,80025,1003,appliances.kitchen.refrigerators,asus,2317.76,100131,7c9ea1f0-40aa-453d-b211-86730a5fc34c
2024-03-12T14:00:00.000000,view,69718,1003,appliances.kitchen.refrigerators,samsung,2368.0,100727,68133e39-e1ee-433c-9a32-b6d437a883e3
2024-03-12T14:00:46.000000,view,69718,1003,appliances.kitchen.refrigerators,samsung,2368.0,100727,68133e39-e1ee-433c-9a32-b6d437a883e3
2024-03-12T14:01:28.000000,view,69718,1003,appliances.kitchen.refrigerators,samsung,2368.0,100727,68133e39-e1ee-433c-9a32-b6d437a883e3
2024-03-12T14:02:07.000000,view,69718,1003,appliances.kitchen.refrigerators,samsung,2368.0,100727,68133e39-e1ee-433c-9a32-b6d437a883e3
2024-03-12T14:04:03.000000,view,90540,1002,electronics.audio.headphone,bosch,122.91,100165,18edc3e0-ed6a-43a9-9ec7-e3051db41cc3
2024-03-12T14:15:39.000000,view,87894,1006,auto.accessories,nike,100.99,100688,61546f96-b36c-4ef5-81cb-179285197d8d
2024-03-12T14:16:48.000000,view,87894,1006,auto.accessories,nike,100.99,100688,61546f96-b36c-4ef5-81cb-179285197d8d
2024-03-12T14:17:29.000000,cart,87894,1006,auto.accessories,nike,100.99,100688,61546f96-b36c-4ef5-81cb-179285197d8d
2024-03-12T14:18:04.000000,purchase,87894,1006,auto.accessories,nike,100.99,100688,61546f96-b36c-4ef5-81cb-179285197d8d
2024-03-12T15:00:00.000000,view,57880,1003,appliances.kitchen.refrigerators,nike,1527.39,100423,da11beea-c8ad-41a3-ac60-9f6b052d89b3
2024-03-12T15:00:00.000000,view,87639,1004,computers.notebook,xiaomi,1661.31,100749,bf9ea922-6179-466f-a7c8-78b3381f48e0
2024-03-12T15:00:55.000000,view,87639,1004,computers.notebook,xiaomi,1661.31,100749,bf9ea922-6179-466f-a7c8-78b3381f48e0
2024-03-12T15:02:40.000000,cart,87639,1004,computers.notebook,xiaomi,1661.31,100749,bf9ea922-6179-466f-a7c8-78b3381f48e0
2024-03-12T15:02:56.000000,view,57880,1003,appliances.kitchen.refrigerators,nike,1527.39,100423,da11beea-c8ad-41a3-ac60-9f6b052d89b3
2024-03-12T15:04:35.000000,view,57880,1003,appliances.kitchen.refrigerators,nike,1527.39,100423,da11beea-c8ad-41a3-ac60-9f6b052d89b3
2024-03-12T15:05:30.000000,view,57880,1003,appliances.kitchen.refrigerators,nike,1527.39,100423,da11beea-c8ad-41a3-ac60-9f6b052d89b3
2024-03-12T16:00:00.000000,view,73173,1001,electronics.smartphone,lg,1067.29,100044,d1cf0fa8-769e-4a28-982d-ba9728f8c487
2024-03-12T16:00:23.000000,view,73173,1001,electronics.smartphone,lg,1067.29,100044,d1cf0fa8-769e-4a28-982d-ba9728f8c487
2024-03-12T16:01:46.000000,view,73173,1001,electronics.smartphone,lg,1067.29,100044,d1cf0fa8-769e-4a28-982d-ba9728f8c487
2024-03-12T16:04:29.000000,view,73173,1001,electronics.smartphone,lg,1067.29,100044,d1cf0fa8-769e-4a28-982d-ba9728f8c487
2024-03-12T16:05:58.000000,cart,73173,1001,electronics.smartphone,lg,1067.29,100044,d1cf0fa8-769e-4a28-982d-ba9728f8c487
2024-03-12T17:00:00.000000,view,81287,1006,auto.accessories,lg,57.28,100366,e57fc0c9-8cce-4306-9ebe-1408978d69b4
2024-03-12T17:01:47.000000,view,81287,1006,auto.accessories,lg,57.28,100366,e57fc0c9-8cce-4306-9ebe-1408978d69b4
2024-03-12T17:02:39.000000,view,81287,1006,auto.accessories,lg,57.28,100366,e57fc0c9-8cce-4306-9ebe-1408978d69b4
2024-03-12T17:03:02.000000,view,81287,1006,auto.accessories,lg,57.28,100366,e57fc0c9-8cce-4306-9ebe-1408978d69b4
2024-03-12T17:07:33.000000,view,83018,1005,apparel.shoes,lg,153.24,100357,3bc1f9a2-80b5-4e80-af0d-6cdba82ac81d
2024-03-12T17:09:00.000000,view,83018,1005,apparel.shoes,lg,153.24,100357,3bc1f9a2-80b5-4e80-af0d-6cdba82ac81d
2024-03-12T17:10:06.000000,view,83018,1005,apparel.shoes,lg,153.24,100357,3bc1f9a2-80b5-4e80-af0d-6cdba82ac81d
2024-03-12T17:18:52.000000,view,83265,1004,computers.notebook,samsung,419.57,100501,4d4a2431-9f9c-43a0-a043-097d17ca53c5
2024-03-12T17:19:52.000000,view,83265,1004,computers.notebook,samsung,419.57,100501,4d4a2431-9f9c-43a0-a043-097d17ca53c5
2024-03-12T17:20:53.000000,view,88414,1004,computers.notebook,nike,3419.85,100327,4e2c583a-1237-48ac-a196-779529d7a7ce
2024-03-12T17:21:09.000000,cart,83265,1004,computers.notebook,samsung,419.57,100501,4d4a2431-9f9c-43a0-a043-097d17ca53c5
2024-03-12T18:00:00.000000,view,62610,1005,apparel.shoes,apple,192.83,100289,27e15a3d-a825-4d70-8a75-39cbcc4bbae6
2024-03-12T18:00:00.000000,view,82308,1006,auto.accessories,apple,104.94,100682,96b781fa-5841-44f2-8044-3f234dfd8b29
2024-03-12T18:00:00.000000,view,82849,1003,appliances.kitchen.refrigerators,xiaomi,611.35,100761,8b65f5fe-6666-46be-9ac9-f9e21a4c528a
2024-03-12T18:00:48.000000,view,82849,1003,appliances.kitchen.refrigerators,xiaomi,611.35,100761,8b65f5fe-6666-46be-9ac9-f9e21a4c528a
2024-03-12T18:01:02.000000,view,82849,1003,appliances.kitchen.refrigerators,xiaomi,611.35,100761,8b65f5fe-6666-46be-9ac9-f9e21a4c528a
2024-03-12T18:01:17.000000,view,82308,1006,auto.accessories,apple,104.94,100682,96b781fa-5841-44f2-8044-3f234dfd8b29
2024-03-12T18:03:43.000000,view,82308,1006,auto.accessories,apple,104.94,100682,96b781fa-5841-44f2-8044-3f234dfd8b29
2024-03-12T18:04:59.000000,view,82308,1006,auto.accessories,apple,104.94,100682,96b781fa-5841-44f2-8044-3f234dfd8b29
2024-03-12T19:00:00.000000,view,91852,1006,auto.accessories,apple,92.84,100185,167f1ae0-65de-4388-984f-b4a9c5457e6f
2024-03-12T19:03:00.000000,view,91852,1006,auto.accessories,apple,92.84,100185,167f1ae0-65de-4388-984f-b4a9c5457e6f
2024-03-12T19:04:47.000000,view,73770,1001,electronics.smartphone,apple,783.35,100366,7e0b76a0-2278-419b-a65b-67737635a839
2024-03-12T19:04:59.000000,view,91852,1006,auto.accessories,apple,92.84,100185,167f1ae0-65de-4388-984f-b4a9c5457e6f
2024-03-12T19:05:04.000000,view,73770,1001,electronics.smartphone,apple,783.35,100366,7e0b76a0-2278-419b-a65b-67737635a839
2024-03-12T19:05:35.000000,view,91852,1006,auto.accessories,apple,92.84,100185,167f1ae0-65de-4388-984f-b4a9c5457e6f
2024-03-12T19:06:15.000000,view,73770,1001,electronics.smartphone,apple,783.35,100366,7e0b76a0-2278-419b-a65b-67737635a839
2024-03-12T19:07:37.000000,cart,73770,1001,electronics.smartphone,apple,783.35,100366,7e0b76a0-2278-419b-a65b-67737635a839
2024-03-12T19:08:05.000000,purchase,73770,1001,electronics.smartphone,apple,783.35,100366,7e0b76a0-2278-419b-a65b-67737635a839
2024-03-12T19:09:29.000000,view,60692,1001,electronics.smartphone,samsung,215.61,100770,d028fafb-962d-4cf5-a78a-d5193c5be80f
2024-03-12T19:10:05.000000,view,60692,1001,electronics.smartphone,samsung,215.61,100770,d028fafb-962d-4cf5-a78a-d5193c5be80f
2024-03-12T19:22:33.000000,view,54966,1006,auto.accessories,bosch,40.41,100501,8df79d38-b41e-4ae1-a23e-146ac51a37a1
2024-03-12T19:23:41.000000,view,54966,1006,auto.accessories,bosch,40.41,100501,8df79d38-b41e-4ae1-a23e-146ac51a37a1
2024-03-12T19:24:32.000000,view,54966,1006,auto.accessories,bosch,40.41,100501,8df79d38-b41e-4ae1-a23e-146ac51a37a1
2024-03-12T20:05:23.000000,view,93231,1001,electronics.smartphone,lg,893.02,100488,f7d1c9e4-4e92-49e4-b6c9-2b66b040ece8
2024-03-12T20:07:46.000000,cart,93231,1001,electronics.smartphone,lg,893.02,100488,f7d1c9e4-4e92-49e4-b6c9-2b66b040ece8
2024-03-12T20:09:24.000000,purchase,93231,1001,electronics.smartphone,lg,893.02,100488,f7d1c9e4-4e92-49e4-b6c9-2b66b040ece8
2024-03-12T20:31:22.000000,view,66734,1001,electronics.smartphone,samsung,289.14,100933,fab6df92-deb7-4bb2-a6d6-6e559c10a259
2024-03-12T20:33:06.000000,view,66734,1001,electronics.smartphone,samsung,289.14,100933,fab6df92-deb7-4bb2-a6d6-6e559c10a259
2024-03-12T20:35:09.000000,view,66734,1001,electronics.smartphone,samsung,289.14,100933,fab6df92-deb7-4bb2-a6d6-6e559c10a259
2024-03-12T21:06:54.000000,view,59047,1001,electronics.smartphone,bosch,547.48,100899,285556c6-0929-4301-bf14-4a80f7a7ca66
2024-03-12T21:09:49.000000,view,59047,1001,electronics.smartphone,bosch,547.48,100899,285556c6-0929-4301-bf14-4a80f7a7ca66
2024-03-12T21:12:10.000000,view,59047,1001,electronics.smartphone,bosch,547.48,100899,285556c6-0929-4301-bf14-4a80f7a7ca66
2024-03-12T21:13:32.000000,view,97816,1001,electronics.smartphone,xiaomi,829.73,100463,715a829b-025a-41c7-827b-4a93d6539885
2024-03-12T21:13:53.000000,view,97816,1001,electronics.smartphone,xiaomi,829.73,100463,715a829b-025a-41c7-827b-4a93d6539885
2024-03-12T21:14:01.000000,view,70080,1003,appliances.kitchen.refrigerators,asus,946.04,100544,8146efff-0332-4fdf-ad35-4dad77909c8a
2024-03-12T21:14:39.000000,view,97816,1001,electronics.smartphone,xiaomi,829.73,100463,715a829b-025a-41c7-827b-4a93d6539885
2024-03-12T21:15:52.000000,cart,97816,1001,electronics.smartphone,xiaomi,829.73,100463,715a829b-025a-41c7-827b-4a93d6539885
2024-03-12T21:15:58.000000,view,70080,1003,appliances.kitchen.refrigerators,asus,946.04,100544,8146efff-0332-4fdf-ad35-4dad77909c8a
2024-03-12T21:16:08.000000,purchase,97816,1001,electronics.smartphone,xiaomi,829.73,100463,715a829b-025a-41c7-827b-4a93d6539885
2024-03-12T21:17:08.000000,view,70080,1003,appliances.kitchen.refrigerators,asus,946.04,100544,8146efff-0332-4fdf-ad35-4dad77909c8a
2024-03-12T21:18:37.000000,view,70080,1003,appliances.kitchen.refrigerators,asus,946.04,100544,8146efff-0332-4fdf-ad35-4dad77909c8a
2024-03-12T21:21:37.000000,cart,70080,1003,appliances.kitchen.refrigerators,asus,946.04,100544,8146efff-0332-4fdf-ad35-4dad77909c8a
2024-03-12T21:22:22.000000,purchase,70080,1003,appliances.kitchen.refrigerators,asus,946.04,100544,8146efff-0332-4fdf-ad35-4dad77909c8a
2024-03-12T22:39:42.000000,view,91850,1006,auto.accessories,xiaomi,48.35,100528,47c9d114-ddad-4573-b5ef-2ac251673505
2024-03-12T22:40:38.000000,view,91850,1006,auto.accessories,xiaomi,48.35,100528,47c9d114-ddad-4573-b5ef-2ac251673505
2024-03-12T22:43:33.000000,view,91850,1006,auto.accessories,xiaomi,48.35,100528,47c9d114-ddad-4573-b5ef-2ac251673505
2024-03-12T22:45:50.000000,cart,91850,1006,auto.accessories,xiaomi,48.35,100528,47c9d114-ddad-4573-b5ef-2ac251673505
2024-03-12T22:46:55.000000,purchase,91850,1006,auto.accessories,xiaomi,48.35,100528,47c9d114-ddad-4573-b5ef-2ac251673505
2024-03-12T23:23:12.000000,view,57714,1001,electronics.smartphone,asus,305.06,100544,3459f2d0-7066-4dbb-a823-321cf4ca7167
2024-03-12T23:23:54.000000,view,57714,1001,electronics.smartphone,asus,305.06,100544,3459f2d0-7066-4dbb-a823-321cf4ca7167
2024-03-12T23:24:42.000000,view,57714,1001,electronics.smartphone,asus,305.06,100544,3459f2d0-7066-4dbb-a823-321cf4ca7167
2024-03-12T23:25:10.000000,view,57714,1001,electronics.smartphone,asus,305.06,100544,3459f2d0-7066-4dbb-a823-321cf4ca7167
2024-03-13T00:08:48.000000,view,63220,1002,electronics.audio.headphone,asus,200.56,100366,6b47e289-e9ec-4299-bad1-601b3d079d99
2024-03-13T00:09:59.000000,cart,63220,1002,electronics.audio.headphone,asus,200.56,100366,6b47e289-e9ec-4299-bad1-601b3d079d99
2024-03-13T01:02:09.000000,view,55708,1006,auto.accessories,samsung,106.07,100813,a8789667-64e4-4560-adfa-2caafd8f7a83
2024-03-13T01:03:42.000000,view,55708,1006,auto.accessories,samsung,106.07,100813,a8789667-64e4-4560-adfa-2caafd8f7a83
2024-03-13T01:04:26.000000,view,86264,1001,electronics.smartphone,apple,456.74,100027,1062e6ba-918d-4338-8494-07eb4ab02a84
2024-03-13T01:07:19.000000,view,86264,1001,electronics.smartphone,apple,456.74,100027,1062e6ba-918d-4338-8494-07eb4ab02a84
2024-03-13T01:09:34.000000,cart,86264,1001,electronics.smartphone,apple,456.74,100027,1062e6ba-918d-4338-8494-07eb4ab02a84
2024-03-13T01:14:32.000000,view,65057,1005,apparel.shoes,apple,73.83,100095,f8ca0870-7f1b-4a16-8efc-cb6b2e15d3eb
2024-03-13T01:15:51.000000,view,65057,1005,apparel.shoes,apple,73.83,100095,f8ca0870-7f1b-4a16-8efc-cb6b2e15d3eb
2024-03-13T01:16:12.000000,view,65057,1005,apparel.shoes,apple,73.83,100095,f8ca0870-7f1b-4a16-8efc-cb6b2e15d3eb
2024-03-13T01:16:41.000000,view,65057,1005,apparel.shoes,apple,73.83,100095,f8ca0870-7f1b-4a16-8efc-cb6b2e15d3eb
2024-03-13T02:01:54.000000,view,66108,1003,appliances.kitchen.refrigerators,lg,1300.88,100537,b961072c-2dd8-448c-b600-54eee773af3b
2024-03-13T02:03:07.000000,cart,66108,1003,appliances.kitchen.refrigerators,lg,1300.88,100537,b961072c-2dd8-448c-b600-54eee773af3b
2024-03-13T02:06:50.000000,view,75034,1001,electronics.smartphone,xiaomi,854.3,100998,b8f890e3-d1ca-4d25-9c1b-0ec73de33aee
2024-03-13T02:07:07.000000,view,75034,1001,electronics.smartphone,xiaomi,854.3,100998,b8f890e3-d1ca-4d25-9c1b-0ec73de33aee
2024-03-13T02:07:36.000000,cart,75034,1001,electronics.smartphone,xiaomi,854.3,100998,b8f890e3-d1ca-4d25-9c1b-0ec73de33aee
2024-03-13T02:08:57.000000,purchase,75034,1001,electronics.smartphone,xiaomi,854.3,100998,b8f890e3-d1ca-4d25-9c1b-0ec73de33aee
2024-03-13T04:16:43.000000,view,52313,1006,auto.accessories,nike,106.29,100497,221110ea-01f5-41c3-a377-6b0be1fe9773
2024-03-13T04:17:14.000000,cart,52313,1006,auto.accessories,nike,106.29,100497,221110ea-01f5-41c3-a377-6b0be1fe9773
2024-03-13T04:17:35.000000,purchase,52313,1006,auto.accessories,nike,106.29,100497,221110ea-01f5-41c3-a377-6b0be1fe9773
2024-03-13T04:42:56.000000,view,53591,1001,electronics.smartphone,xiaomi,522.28,100969,d09a265c-07c4-4ba4-a92a-044b18e4f09a
2024-03-13T04:43:28.000000,view,53591,1001,electronics.smartphone,xiaomi,522.28,100969,d09a265c-07c4-4ba4-a92a-044b18e4f09a
2024-03-13T04:45:54.000000,cart,53591,1001,electronics.smartphone,xiaomi,522.28,100969,d09a265c-07c4-4ba4-a92a-044b18e4f09a
2024-03-13T04:46:13.000000,purchase,53591,1001,electronics.smartphone,xiaomi,522.28,100969,d09a265c-07c4-4ba4-a92a-044b18e4f09a
2024-03-13T05:28:39.000000,view,72390,1002,electronics.audio.headphone,asus,173.56,100518,ab7bb296-23c8-49e5-93b4-a266f83f91d7
2024-03-13T05:31:15.000000,view,72390,1002,electronics.audio.headphone,asus,173.56,100518,ab7bb296-23c8-49e5-93b4-a266f83f91d7
2024-03-13T06:03:43.000000,view,58134,1001,electronics.smartphone,apple,794.38,100635,f4d6f4f1-e96b-406e-8b79-2e4016bea1f0
2024-03-13T06:04:07.000000,view,58134,1001,electronics.smartphone,apple,794.38,100635,f4d6f4f1-e96b-406e-8b79-2e4016bea1f0
2024-03-13T07:08:27.000000,view,96514,1003,appliances.kitchen.refrigerators,nike,2025.61,100693,5c62ce5d-0eff-4dd4-953f-1ced0535427a
2024-03-13T07:10:03.000000,view,96514,1003,appliances.kitchen.refrigerators,nike,2025.61,100693,5c62ce5d-0eff-4dd4-953f-1ced0535427a
2024-03-13T07:12:13.000000,view,96514,1003,appliances.kitchen.refrigerators,nike,2025.61,100693,5c62ce5d-0eff-4dd4-953f-1ced0535427a
2024-03-13T07:13:02.000000,view,77313,1003,appliances.kitchen.refrigerators,nike,1630.95,100132,df0c9ac3-a6d6-40bf-a909-2e4d36684e61
2024-03-13T07:14:52.000000,cart,96514,1003,appliances.kitchen.refrigerators,nike,2025.61,100693,5c62ce5d-0eff-4dd4-953f-1ced0535427a
2024-03-13T07:16:46.000000,purchase,96514,1003,appliances.kitchen.refrigerators,nike,2025.61,100693,5c62ce5d-0eff-4dd4-953f-1ced0535427a
2024-03-13T08:00:00.000000,view,53776,1002,electronics.audio.headphone,bosch,93.61,100133,012348fc-3678-4291-be1b-fc6b54215930
2024-03-13T08:00:00.000000,view,53988,1003,appliances.kitchen.refrigerators,xiaomi,643.8,100784,c925ff6e-ce47-4b34-a46e-204bfc5924f2
2024-03-13T08:00:00.000000,view,60479,1004,computers.notebook,bosch,442.76,100848,b099626a-6aaa-4ba3-b91d-bc347169c165
2024-03-13T08:00:22.000000,view,53776,1002,electronics.audio.headphone,bosch,93.61,100133,012348fc-3678-4291-be1b-fc6b54215930
2024-03-13T08:02:04.000000,view,53776,1002,electronics.audio.headphone,bosch,93.61,100133,012348fc-3678-4291-be1b-fc6b54215930
2024-03-13T08:02:47.000000,view,53988,1003,appliances.kitchen.refrigerators,xiaomi,643.8,100784,c925ff6e-ce47-4b34-a46e-204bfc5924f2
2024-03-13T08:03:04.000000,view,53776,1002,electronics.audio.headphone,bosch,93.61,100133,012348fc-3678-4291-be1b-fc6b54215930
2024-03-13T08:04:24.000000,cart,53776,1002,electronics.audio.headphone,bosch,93.61,100133,012348fc-3678-4291-be1b-fc6b54215930
2024-03-13T08:05:33.000000,view,53988,1003,appliances.kitchen.refrigerators,xiaomi,643.8,100784,c925ff6e-ce47-4b34-a46e-204bfc5924f2
2024-03-13T08:08:03.000000,cart,53988,1003,appliances.kitchen.refrigerators,xiaomi,643.8,100784,c925ff6e-ce47-4b34-a46e-204bfc5924f2
2024-03-13T09:00:00.000000,view,60350,1001,electronics.smartphone,samsung,437.47,100319,83392309-4070-4fde-aea5-2280a320bb75
2024-03-13T09:00:00.000000,view,81671,1001,electronics.smartphone,lg,543.38,100986,1f67a022-6b5f-4086-ac12-6486165be503
2024-03-13T09:03:00.000000,view,60350,1001,electronics.smartphone,samsung,437.47,100319,83392309-4070-4fde-aea5-2280a320bb75
2024-03-13T09:03:27.000000,view,60350,1001,electronics.smartphone,samsung,437.47,100319,83392309-4070-4fde-aea5-2280a320bb75
2024-03-13T09:04:39.000000,view,68822,1002,electronics.audio.headphone,apple,151.71,100537,61548f37-452b-4983-9a8c-3ad10b951918
2024-03-13T09:06:30.000000,view,68822,1002,electronics.audio.headphone,apple,151.71,100537,61548f37-452b-4983-9a8c-3ad10b951918
2024-03-13T09:09:00.000000,view,68822,1002,electronics.audio.headphone,apple,151.71,100537,61548f37-452b-4983-9a8c-3ad10b951918
2024-03-13T09:11:28.000000,view,68822,1002,electronics.audio.headphone,apple,151.71,100537,61548f37-452b-4983-9a8c-3ad10b951918
2024-03-13T10:00:00.000000,view,91375,1006,auto.accessories,nike,131.13,100683,d7e7ab2c-f2f5-4046-a267-f4867a21ae9d
2024-03-13T10:00:00.000000,view,72891,1001,electronics.smartphone,lg,719.87,100708,26dc5081-0e43-4b02-af53-f551a16f3244
2024-03-13T10:01:40.000000,view,91375,1006,auto.accessories,nike,131.13,100683,d7e7ab2c-f2f5-4046-a267-f4867a21ae9d
2024-03-13T10:02:44.000000,view,72891,1001,electronics.smartphone,lg,719.87,100708,26dc5081-0e43-4b02-af53-f551a16f3244
2024-03-13T10:03:28.000000,cart,72891,1001,electronics.smartphone,lg,719.87,100708,26dc5081-0e43-4b02-af53-f551a16f3244
2024-03-13T10:03:33.000000,cart,91375,1006,auto.accessories,nike,131.13,100683,d7e7ab2c-f2f5-4046-a267-f4867a21ae9d
2024-03-13T11:00:00.000000,view,69294,1005,apparel.shoes,apple,43.4,100586,1b3e24f3-5e9e-4448-b7c2-02be7750a952
2024-03-13T11:00:00.000000,view,52698,1006,auto.accessories,samsung,134.1,100802,e5302222-ceae-4f27-95a4-ba9ca90a8d19
2024-03-13T11:02:33.000000,view,52698,1006,auto.accessories,samsung,134.1,100802,e5302222-ceae-4f27-95a4-ba9ca90a8d19
2024-03-13T11:02:35.000000,view,69294,1005,apparel.shoes,apple,43.4,100586,1b3e24f3-5e9e-4448-b7c2-02be7750a952
2024-03-13T11:02:48.000000,view,93079,1002,electronics.audio.headphone,asus,135.22,100046,de172f3b-0e16-4539-88bf-02620347f1b2
2024-03-13T11:03:39.000000,view,52698,1006,auto.accessories,samsung,134.1,100802,e5302222-ceae-4f27-95a4-ba9ca90a8d19
2024-03-13T11:05:23.000000,view,69294,1005,apparel.shoes,apple,43.4,100586,1b3e24f3-5e9e-4448-b7c2-02be7750a952
2024-03-13T11:05:40.000000,view,93079,1002,electronics.audio.headphone,asus,135.22,100046,de172f3b-0e16-4539-88bf-02620347f1b2
2024-03-13T11:05:42.000000,cart,52698,1006,auto.accessories,samsung,134.1,100802,e5302222-ceae-4f27-95a4-ba9ca90a8d19
2024-03-13T11:05:57.000000,cart,93079,1002,electronics.audio.headphone,asus,135.22,100046,de172f3b-0e16-4539-88bf-02620347f1b2
2024-03-13T11:07:19.000000,purchase,93079,1002,electronics.audio.headphone,asus,135.22,100046,de172f3b-0e16-4539-88bf-02620347f1b2
2024-03-13T11:07:35.000000,purchase,52698,1006,auto.accessories,samsung,134.1,100802,e5302222-ceae-4f27-95a4-ba9ca90a8d19
2024-03-13T12:00:00.000000,view,68803,1001,electronics.smartphone,xiaomi,370.69,100016,030d0ea2-f357-48db-b484-bb3fb13d0533
2024-03-13T12:00:00.000000,view,71708,1001,electronics.smartphone,xiaomi,857.5,100075,cf7b0967-710d-456a-8234-d0c86cbd89e8
2024-03-13T12:02:09.000000,view,68803,1001,electronics.smartphone,xiaomi,370.69,100016,030d0ea2-f357-48db-b484-bb3fb13d0533
2024-03-13T12:02:39.000000,view,71708,1001,electronics.smartphone,xiaomi,857.5,100075,cf7b0967-710d-456a-8234-d0c86cbd89e8
2024-03-13T12:04:07.000000,view,71708,1001,electronics.smartphone,xiaomi,857.5,100075,cf7b0967-710d-456a-8234-d0c86cbd89e8
2024-03-13T12:04:12.000000,view,68803,1001,electronics.smartphone,xiaomi,370.69,100016,030d0ea2-f357-48db-b484-bb3fb13d0533
2024-03-13T12:06:58.000000,view,71708,1001,electronics.smartphone,xiaomi,857.5,100075,cf7b0967-710d-456a-8234-d0c86cbd89e8
2024-03-13T12:17:06.000000,view,78366,1003,appliances.kitchen.refrigerators,asus,2166.16,100693,9a7cc5a9-d675-4884-b72f-8b3a97a11849
2024-03-13T12:17:32.000000,view,78366,1003,appliances.kitchen.refrigerators,asus,2166.16,100693,9a7cc5a9-d675-4884-b72f-8b3a97a11849
2024-03-13T12:18:19.000000,view,78366,1003,appliances.kitchen.refrigerators,asus,2166.16,100693,9a7cc5a9-d675-4884-b72f-8b3a97a11849
2024-03-13T12:21:05.000000,view,78366,1003,appliances.kitchen.refrigerators,asus,2166.16,100693,9a7cc5a9-d675-4884-b72f-8b3a97a11849
2024-03-13T15:00:00.000000,view,82276,1006,auto.accessories,lg,124.08,100210,9903001a-e3a0-4eab-b18d-59b0bbc5e25f
2024-03-13T15:00:00.000000,view,52509,1003,appliances.kitchen.refrigerators,xiaomi,622.85,100441,de25d316-3c2b-45ea-865a-1e18545d8951
2024-03-13T15:00:00.000000,view,57616,1002,electronics.audio.headphone,xiaomi,262.61,100906,50b6484a-311b-407a-bb36-3f3a494bdde4
2024-03-13T15:01:24.000000,view,82276,1006,auto.accessories,lg,124.08,100210,9903001a-e3a0-4eab-b18d-59b0bbc5e25f
2024-03-13T15:02:23.000000,cart,82276,1006,auto.accessories,lg,124.08,100210,9903001a-e3a0-4eab-b18d-59b0bbc5e25f
2024-03-13T15:02:41.000000,purchase,82276,1006,auto.accessories,lg,124.08,100210,9903001a-e3a0-4eab-b18d-59b0bbc5e25f
2024-03-13T15:02:57.000000,view,57616,1002,electronics.audio.headphone,xiaomi,262.61,100906,50b6484a-311b-407a-bb36-3f3a494bdde4
2024-03-13T15:03:20.000000,view,57616,1002,electronics.audio.headphone,xiaomi,262.61,100906,50b6484a-311b-407a-bb36-3f3a494bdde4
2024-03-13T15:05:27.000000,cart,57616,1002,electronics.audio.headphone,xiaomi,262.61,100906,50b6484a-311b-407a-bb36-3f3a494bdde4
2024-03-13T17:00:00.000000,view,95047,1002,electronics.audio.headphone,samsung,32.17,100198,5f93201d-3378-4b07-b592-089760dc9c9b
2024-03-13T17:01:12.000000,view,91569,1006,auto.accessories,xiaomi,129.34,100848,8d1bc31c-b5f4-46de-b61a-b00f0bac3a38
2024-03-13T17:02:12.000000,cart,95047,1002,electronics.audio.headphone,samsung,32.17,100198,5f93201d-3378-4b07-b592-089760dc9c9b
2024-03-13T17:02:29.000000,view,91569,1006,auto.accessories,xiaomi,129.34,100848,8d1bc31c-b5f4-46de-b61a-b00f0bac3a38
2024-03-13T17:03:44.000000,purchase,95047,1002,electronics.audio.headphone,samsung,32.17,100198,5f93201d-3378-4b07-b592-089760dc9c9b
2024-03-13T17:04:24.000000,view,91569,1006,auto.accessories,xiaomi,129.34,100848,8d1bc31c-b5f4-46de-b61a-b00f0bac3a38
2024-03-13T17:04:52.000000,view,91569,1006,auto.accessories,xiaomi,129.34,100848,8d1bc31c-b5f4-46de-b61a-b00f0bac3a38
2024-03-13T18:00:00.000000,view,79722,1003,appliances.kitchen.refrigerators,bosch,1183.03,100675,0e409b38-fe53-403b-8c6f-80f64fc0e7fd
2024-03-13T18:02:52.000000,view,79722,1003,appliances.kitchen.refrigerators,bosch,1183.03,100675,0e409b38-fe53-403b-8c6f-80f64fc0e7fd
2024-03-13T18:04:27.000000,view,79722,1003,appliances.kitchen.refrigerators,bosch,1183.03,100675,0e409b38-fe53-403b-8c6f-80f64fc0e7fd
2024-03-13T18:04:41.000000,view,87294,1005,apparel.shoes,lg,186.86,100188,8806ab71-88d4-4ca4-9467-a4ac0f4d0645
2024-03-13T18:05:28.000000,cart,79722,1003,appliances.kitchen.refrigerators,bosch,1183.03,100675,0e409b38-fe53-403b-8c6f-80f64fc0e7fd
2024-03-13T18:06:13.000000,purchase,79722,1003,appliances.kitchen.refrigerators,bosch,1183.03,100675,0e409b38-fe53-403b-8c6f-80f64fc0e7fd
2024-03-13T18:06:29.000000,view,69672,1006,auto.accessories,lg,20.42,100430,c8dafb8f-6c91-4d40-a1dd-bf6bdb07e33f
2024-03-13T18:08:48.000000,view,69672,1006,auto.accessories,lg,20.42,100430,c8dafb8f-6c91-4d40-a1dd-bf6bdb07e33f
2024-03-13T19:03:36.000000,view,77134,1005,apparel.shoes,lg,47.28,100210,db35916d-f71a-4d5f-8dc6-8b5526a9a137
2024-03-13T19:06:09.000000,view,77134,1005,apparel.shoes,lg,47.28,100210,db35916d-f71a-4d5f-8dc6-8b5526a9a137
2024-03-13T19:09:02.000000,view,77134,1005,apparel.shoes,lg,47.28,100210,db35916d-f71a-4d5f-8dc6-8b5526a9a137
2024-03-13T19:10:06.000000,cart,77134,1005,apparel.shoes,lg,47.28,100210,db35916d-f71a-4d5f-8dc6-8b5526a9a137
2024-03-13T20:00:00.000000,view,92139,1006,auto.accessories,asus,100.77,100053,35bfa275-b9b1-4bb2-9a9a-458a9c0cc6cf
2024-03-13T20:00:00.000000,view,61343,1006,auto.accessories,samsung,104.45,100220,1405d7fb-db06-40d9-82eb-88247f6b1a26
2024-03-13T20:00:00.000000,view,53525,1006,auto.accessories,xiaomi,145.99,100431,544714a1-4491-493d-8925-4e532223f4b0
2024-03-13T20:00:46.000000,view,53525,1006,auto.accessories,xiaomi,145.99,100431,544714a1-4491-493d-8925-4e532223f4b0
2024-03-13T20:02:24.000000,view,53525,1006,auto.accessories,xiaomi,145.99,100431,544714a1-4491-493d-8925-4e532223f4b0
2024-03-13T20:02:50.000000,view,92139,1006,auto.accessories,asus,100.77,100053,35bfa275-b9b1-4bb2-9a9a-458a9c0cc6cf
2024-03-13T20:04:20.000000,view,92139,1006,auto.accessories,asus,100.77,100053,35bfa275-b9b1-4bb2-9a9a-458a9c0cc6cf
2024-03-13T20:04:31.000000,cart,53525,1006,auto.accessories,xiaomi,145.99,100431,544714a1-4491-493d-8925-4e532223f4b0
2024-03-13T20:05:44.000000,purchase,53525,1006,auto.accessories,xiaomi,145.99,100431,544714a1-4491-493d-8925-4e532223f4b0
2024-03-13T20:07:04.000000,view,98737,1001,electronics.smartphone,apple,413.91,100145,65b674c7-6943-4017-b91a-192fdd3bee62
2024-03-13T20:08:11.000000,view,98737,1001,electronics.smartphone,apple,413.91,100145,65b674c7-6943-4017-b91a-192fdd3bee62
2024-03-13T20:11:03.000000,view,98737,1001,electronics.smartphone,apple,413.91,100145,65b674c7-6943-4017-b91a-192fdd3bee62
2024-03-13T20:13:58.000000,view,98737,1001,electronics.smartphone,apple,413.91,100145,65b674c7-6943-4017-b91a-192fdd3bee62
2024-03-13T22:36:58.000000,view,99806,1006,auto.accessories,lg,21.97,100028,13f986be-d3e6-4228-9992-535b4a2df1c3
2024-03-13T22:39:28.000000,view,99806,1006,auto.accessories,lg,21.97,100028,13f986be-d3e6-4228-9992-535b4a2df1c3
2024-03-13T22:40:11.000000,view,99806,1006,auto.accessories,lg,21.97,100028,13f986be-d3e6-4228-9992-535b4a2df1c3
2024-03-13T23:06:52.000000,view,63750,1002,electronics.audio.headphone,samsung,294.41,100682,d62701a5-b662-4653-94f2-aa35f5470387
2024-03-13T23:07:41.000000,view,63750,1002,electronics.audio.headphone,samsung,294.41,100682,d62701a5-b662-4653-94f2-aa35f5470387
2024-03-13T23:11:02.000000,view,94622,1003,appliances.kitchen.refrigerators,bosch,1713.1,100427,33385a19-4ae0-4353-9e28-4d9805248ba9
2024-03-13T23:11:45.000000,view,94622,1003,appliances.kitchen.refrigerators,bosch,1713.1,100427,33385a19-4ae0-4353-9e28-4d9805248ba9
2024-03-13T23:13:14.000000,cart,94622,1003,appliances.kitchen.refrigerators,bosch,1713.1,100427,33385a19-4ae0-4353-9e28-4d9805248ba9
2024-03-13T23:14:59.000000,purchase,94622,1003,appliances.kitchen.refrigerators,bosch,1713.1,100427,33385a19-4ae0-4353-9e28-4d9805248ba9
2024-03-14T01:12:28.000000,view,92730,1006,auto.accessories,bosch,147.41,100031,33d9c306-0cd1-4f06-8c35-178278221be6
2024-03-14T01:12:47.000000,view,92730,1006,auto.accessories,bosch,147.41,100031,33d9c306-0cd1-4f06-8c35-178278221be6
2024-03-14T01:13:29.000000,view,92730,1006,auto.accessories,bosch,147.41,100031,33d9c306-0cd1-4f06-8c35-178278221be6
2024-03-14T01:15:47.000000,view,92730,1006,auto.accessories,bosch,147.41,100031,33d9c306-0cd1-4f06-8c35-178278221be6
2024-03-14T01:18:28.000000,cart,92730,1006,auto.accessories,bosch,147.41,100031,33d9c306-0cd1-4f06-8c35-178278221be6
2024-03-14T01:37:44.000000,view,95075,1006,auto.accessories,lg,144.56,100456,17c127ab-6bc6-44a3-85ed-9d6c37f8f2fa
2024-03-14T01:38:57.000000,view,95075,1006,auto.accessories,lg,144.56,100456,17c127ab-6bc6-44a3-85ed-9d6c37f8f2fa
2024-03-14T01:40:18.000000,view,95075,1006,auto.accessories,lg,144.56,100456,17c127ab-6bc6-44a3-85ed-9d6c37f8f2fa
2024-03-14T01:43:03.000000,view,95075,1006,auto.accessories,lg,144.56,100456,17c127ab-6bc6-44a3-85ed-9d6c37f8f2fa
2024-03-14T01:45:43.000000,cart,95075,1006,auto.accessories,lg,144.56,100456,17c127ab-6bc6-44a3-85ed-9d6c37f8f2fa
2024-03-14T01:46:10.000000,purchase,95075,1006,auto.accessories,lg,144.56,100456,17c127ab-6bc6-44a3-85ed-9d6c37f8f2fa
2024-03-14T08:00:00.000000,view,90448,1001,electronics.smartphone,nike,839.53,100736,b5937686-2141-4adb-ba09-1e1306832fa5
2024-03-14T08:00:36.000000,view,90448,1001,electronics.smartphone,nike,839.53,100736,b5937686-2141-4adb-ba09-1e1306832fa5
2024-03-14T08:46:37.000000,view,88717,1002,electronics.audio.headphone,asus,255.45,100969,f7a763dd-0580-424f-bf9a-f66f2fc3d65f
2024-03-14T08:48:43.000000,view,88717,1002,electronics.audio.headphone,asus,255.45,100969,f7a763dd-0580-424f-bf9a-f66f2fc3d65f
2024-03-14T08:51:01.000000,view,88717,1002,electronics.audio.headphone,asus,255.45,100969,f7a763dd-0580-424f-bf9a-f66f2fc3d65f
2024-03-14T08:52:37.000000,cart,88717,1002,electronics.audio.headphone,asus,255.45,100969,f7a763dd-0580-424f-bf9a-f66f2fc3d65f
2024-03-14T08:53:50.000000,purchase,88717,1002,electronics.audio.headphone,asus,255.45,100969,f7a763dd-0580-424f-bf9a-f66f2fc3d65f
2024-03-14T09:00:00.000000,view,97893,1003,appliances.kitchen.refrigerators,apple,2078.35,100189,2d08b48b-4556-4bba-96f8-62085d00c51f
2024-03-14T09:00:00.000000,view,89256,1001,electronics.smartphone,lg,658.46,100601,5ff5b12d-f56f-49aa-bf0c-784821a39c88
2024-03-14T09:00:30.000000,view,97893,1003,appliances.kitchen.refrigerators,apple,2078.35,100189,2d08b48b-4556-4bba-96f8-62085d00c51f
2024-03-14T09:00:54.000000,view,97893,1003,appliances.kitchen.refrigerators,apple,2078.35,100189,2d08b48b-4556-4bba-96f8-62085d00c51f
2024-03-14T09:02:29.000000,view,97893,1003,appliances.kitchen.refrigerators,apple,2078.35,100189,2d08b48b-4556-4bba-96f8-62085d00c51f
2024-03-14T09:09:50.000000,view,53367,1003,appliances.kitchen.refrigerators,samsung,855.45,100027,e59ad6de-bd38-41b4-8f0a-a73deeaf25b2
2024-03-14T09:10:29.000000,view,53367,1003,appliances.kitchen.refrigerators,samsung,855.45,100027,e59ad6de-bd38-41b4-8f0a-a73deeaf25b2
2024-03-14T09:10:55.000000,view,53367,1003,appliances.kitchen.refrigerators,samsung,855.45,100027,e59ad6de-bd38-41b4-8f0a-a73deeaf25b2
2024-03-14T09:12:47.000000,view,53367,1003,appliances.kitchen.refrigerators,samsung,855.45,100027,e59ad6de-bd38-41b4-8f0a-a73deeaf25b2
2024-03-14T09:15:02.000000,cart,53367,1003,appliances.kitchen.refrigerators,samsung,855.45,100027,e59ad6de-bd38-41b4-8f0a-a73deeaf25b2
2024-03-14T10:00:00.000000,view,96810,1004,computers.notebook,bosch,2869.95,100219,db3a08e1-f822-4b44-b14d-618089bfc729
2024-03-14T10:00:00.000000,view,96017,1001,electronics.smartphone,asus,837.88,100796,471343ab-ef49-4c3f-b5bf-82a414782f18
2024-03-14T10:00:00.000000,view,96330,1002,electronics.audio.headphone,bosch,296.65,100947,321bab94-7dbb-4ad1-826e-5cac3bb43c9b
2024-03-14T10:00:53.000000,view,96017,1001,electronics.smartphone,asus,837.88,100796,471343ab-ef49-4c3f-b5bf-82a414782f18
2024-03-14T10:02:32.000000,view,96810,1004,computers.notebook,bosch,2869.95,100219,db3a08e1-f822-4b44-b14d-618089bfc729
2024-03-14T10:02:56.000000,view,96017,1001,electronics.smartphone,asus,837.88,100796,471343ab-ef49-4c3f-b5bf-82a414782f18
2024-03-14T10:03:16.000000,view,96017,1001,electronics.smartphone,asus,837.88,100796,471343ab-ef49-4c3f-b5bf-82a414782f18
2024-03-14T10:05:28.000000,view,96810,1004,computers.notebook,bosch,2869.95,100219,db3a08e1-f822-4b44-b14d-618089bfc729
2024-03-14T10:15:09.000000,view,56292,1006,auto.accessories,nike,49.36,100991,e20c9484-c72b-4347-8ae1-d8711f7467ab
2024-03-14T10:17:45.000000,view,59869,1002,electronics.audio.headphone,nike,288.44,100497,fd064792-e916-4b83-b7b8-a6deb94eca9d
2024-03-14T10:17:50.000000,view,56292,1006,auto.accessories,nike,49.36,100991,e20c9484-c72b-4347-8ae1-d8711f7467ab
2024-03-14T10:18:11.000000,view,59869,1002,electronics.audio.headphone,nike,288.44,100497,fd064792-e916-4b83-b7b8-a6deb94eca9d
2024-03-14T10:19:53.000000,view,59869,1002,electronics.audio.headphone,nike,288.44,100497,fd064792-e916-4b83-b7b8-a6deb94eca9d
2024-03-14T10:20:05.000000,view,56292,1006,auto.accessories,nike,49.36,100991,e20c9484-c72b-4347-8ae1-d8711f7467ab
2024-03-14T10:21:17.000000,view,56292,1006,auto.accessories,nike,49.36,100991,e20c9484-c72b-4347-8ae1-d8711f7467ab
2024-03-14T10:22:41.000000,cart,56292,1006,auto.accessories,nike,49.36,100991,e20c9484-c72b-4347-8ae1-d8711f7467ab
2024-03-14T11:32:45.000000,view,69769,1006,auto.accessories,lg,97.98,100881,c9405266-70e5-44ac-a096-2053f9581faf
2024-03-14T12:00:00.000000,view,81695,1004,computers.notebook,asus,2786.9,100164,44fc9c0d-3aab-41a3-9704-f4fcffe06525
2024-03-14T12:02:07.000000,view,81695,1004,computers.notebook,asus,2786.9,100164,44fc9c0d-3aab-41a3-9704-f4fcffe06525
2024-03-14T12:04:14.000000,view,81695,1004,computers.notebook,asus,2786.9,100164,44fc9c0d-3aab-41a3-9704-f4fcffe06525
2024-03-14T13:00:00.000000,view,87804,1006,auto.accessories,bosch,35.6,100460,9dfed35a-1200-42bf-93c1-466a341d8fb2
2024-03-14T13:00:00.000000,view,60682,1001,electronics.smartphone,xiaomi,1151.8,100615,e6372ae6-060e-4514-893a-b7c2b5bd6494
2024-03-14T13:01:02.000000,view,87804,1006,auto.accessories,bosch,35.6,100460,9dfed35a-1200-42bf-93c1-466a341d8fb2
2024-03-14T13:02:30.000000,cart,87804,1006,auto.accessories,bosch,35.6,100460,9dfed35a-1200-42bf-93c1-466a341d8fb2
2024-03-14T14:00:00.000000,view,73853,1006,auto.accessories,bosch,123.46,100481,fcec22a8-74ee-4d59-a25c-408829b24317
2024-03-14T14:00:00.000000,view,90002,1001,electronics.smartphone,bosch,830.95,100966,51abb668-0a2c-41ad-b532-9ff1babfc8cd
2024-03-14T14:02:00.000000,view,73853,1006,auto.accessories,bosch,123.46,100481,fcec22a8-74ee-4d59-a25c-408829b24317
2024-03-14T14:02:39.000000,view,77867,1002,electronics.audio.headphone,asus,279.27,100736,b91d090c-ac3a-4c59-b166-9097bd9d515a
2024-03-14T14:03:44.000000,view,73853,1006,auto.accessories,bosch,123.46,100481,fcec22a8-74ee-4d59-a25c-408829b24317
2024-03-14T14:03:45.000000,view,77867,1002,electronics.audio.headphone,asus,279.27,100736,b91d090c-ac3a-4c59-b166-9097bd9d515a
2024-03-14T14:05:30.000000,cart,77867,1002,electronics.audio.headphone,asus,279.27,100736,b91d090c-ac3a-4c59-b166-9097bd9d515a
2024-03-14T14:07:09.000000,purchase,77867,1002,electronics.audio.headphone,asus,279.27,100736,b91d090c-ac3a-4c59-b166-9097bd9d515a
2024-03-14T15:07:39.000000,view,81949,1003,appliances.kitchen.refrigerators,lg,366.58,100218,b50ff326-d30f-4b38-aada-dc4defef7f3a
2024-03-14T15:08:17.000000,view,81949,1003,appliances.kitchen.refrigerators,lg,366.58,100218,b50ff326-d30f-4b38-aada-dc4defef7f3a
2024-03-14T15:09:56.000000,view,81949,1003,appliances.kitchen.refrigerators,lg,366.58,100218,b50ff326-d30f-4b38-aada-dc4defef7f3a
2024-03-14T15:12:08.000000,view,81949,1003,appliances.kitchen.refrigerators,lg,366.58,100218,b50ff326-d30f-4b38-aada-dc4defef7f3a
2024-03-14T16:00:00.000000,view,75842,1004,computers.notebook,xiaomi,858.84,100191,be679b72-c0ff-4a20-a18c-1e6d73a7a0fe
2024-03-14T16:00:31.000000,view,75842,1004,computers.notebook,xiaomi,858.84,100191,be679b72-c0ff-4a20-a18c-1e6d73a7a0fe
2024-03-14T16:02:42.000000,view,75842,1004,computers.notebook,xiaomi,858.84,100191,be679b72-c0ff-4a20-a18c-1e6d73a7a0fe
2024-03-14T16:04:00.000000,view,73678,1001,electronics.smartphone,asus,601.82,100796,d77bef85-ffba-4cf6-8e9b-20669b9b301a
2024-03-14T16:04:27.000000,view,73678,1001,electronics.smartphone,asus,601.82,100796,d77bef85-ffba-4cf6-8e9b-20669b9b301a
2024-03-14T17:05:35.000000,view,52523,1001,electronics.smartphone,nike,343.47,100403,201c9210-5c5e-4817-b843-9af57282ed29
2024-03-14T17:08:13.000000,view,52523,1001,electronics.smartphone,nike,343.47,100403,201c9210-5c5e-4817-b843-9af57282ed29
2024-03-14T17:09:44.000000,view,52523,1001,electronics.smartphone,nike,343.47,100403,201c9210-5c5e-4817-b843-9af57282ed29
2024-03-14T17:10:04.000000,view,52523,1001,electronics.smartphone,nike,343.47,100403,201c9210-5c5e-4817-b843-9af57282ed29
2024-03-14T18:00:00.000000,view,62560,1001,electronics.smartphone,lg,1140.68,100811,19dc3096-5b5b-42fe-88e8-6094391497df
2024-03-14T18:02:20.000000,view,62560,1001,electronics.smartphone,lg,1140.68,100811,19dc3096-5b5b-42fe-88e8-6094391497df
2024-03-14T18:05:07.000000,cart,62560,1001,electronics.smartphone,lg,1140.68,100811,19dc3096-5b5b-42fe-88e8-6094391497df
2024-03-14T19:00:00.000000,view,66988,1006,auto.accessories,asus,32.47,100394,7d70374f-bfdb-4607-b76a-48b2e74d7c3d
2024-03-14T19:00:00.000000,view,89964,1001,electronics.smartphone,xiaomi,412.44,100447,01974c4f-b7df-4612-abd3-e56eb168b3d5
2024-03-14T19:00:33.000000,view,89964,1001,electronics.smartphone,xiaomi,412.44,100447,01974c4f-b7df-4612-abd3-e56eb168b3d5
2024-03-14T19:02:17.000000,view,89964,1001,electronics.smartphone,xiaomi,412.44,100447,01974c4f-b7df-4612-abd3-e56eb168b3d5
2024-03-14T19:02:32.000000,view,89964,1001,electronics.smartphone,xiaomi,412.44,100447,01974c4f-b7df-4612-abd3-e56eb168b3d5
2024-03-14T19:02:40.000000,view,66988,1006,auto.accessories,asus,32.47,100394,7d70374f-bfdb-4607-b76a-48b2e74d7c3d
2024-03-14T19:05:18.000000,view,66988,1006,auto.accessories,asus,32.47,100394,7d70374f-bfdb-4607-b76a-48b2e74d7c3d
2024-03-14T20:00:00.000000,view,87943,1004,computers.notebook,nike,1516.58,100208,4e423f00-8ce2-45c8-9af9-5380ea546e79
2024-03-14T20:00:00.000000,view,96890,1004,computers.notebook,asus,2647.59,100612,056241fe-ad6b-4579-83c8-5feb027fbea2
2024-03-14T20:02:04.000000,view,96890,1004,computers.notebook,asus,2647.59,100612,056241fe-ad6b-4579-83c8-5feb027fbea2
2024-03-14T20:04:49.000000,view,62806,1004,computers.notebook,xiaomi,3427.18,100304,b8c78eb8-7145-4858-a232-6fa5c37a2fb1
2024-03-14T20:05:16.000000,view,62806,1004,computers.notebook,xiaomi,3427.18,100304,b8c78eb8-7145-4858-a232-6fa5c37a2fb1
2024-03-14T20:06:25.000000,view,53200,1005,apparel.shoes,nike,150.32,100889,169c549b-afcb-46a4-b9ff-833716726317
2024-03-14T20:06:53.000000,cart,62806,1004,computers.notebook,xiaomi,3427.18,100304,b8c78eb8-7145-4858-a232-6fa5c37a2fb1
2024-03-14T20:07:14.000000,view,53200,1005,apparel.shoes,nike,150.32,100889,169c549b-afcb-46a4-b9ff-833716726317
2024-03-14T20:09:37.000000,view,53200,1005,apparel.shoes,nike,150.32,100889,169c549b-afcb-46a4-b9ff-833716726317
2024-03-14T20:13:21.000000,view,89683,1005,apparel.shoes,xiaomi,132.4,100537,8a59456e-4c7a-468d-9a6e-0e9df0bf11f8
2024-03-14T20:14:35.000000,view,89683,1005,apparel.shoes,xiaomi,132.4,100537,8a59456e-4c7a-468d-9a6e-0e9df0bf11f8
2024-03-14T20:16:59.000000,view,89683,1005,apparel.shoes,xiaomi,132.4,100537,8a59456e-4c7a-468d-9a6e-0e9df0bf11f8
2024-03-14T20:18:53.000000,view,89683,1005,apparel.shoes,xiaomi,132.4,100537,8a59456e-4c7a-468d-9a6e-0e9df0bf11f8
2024-03-14T21:02:36.000000,view,60568,1003,appliances.kitchen.refrigerators,bosch,442.24,100502,3e66d024-140d-4fd7-b928-f39136164ce7
2024-03-14T21:03:30.000000,view,87024,1005,apparel.shoes,xiaomi,69.42,100816,d03c5fb7-148e-44a2-94ea-180fff564ba3
2024-03-14T21:04:52.000000,cart,60568,1003,appliances.kitchen.refrigerators,bosch,442.24,100502,3e66d024-140d-4fd7-b928-f39136164ce7
2024-03-14T21:06:21.000000,view,87024,1005,apparel.shoes,xiaomi,69.42,100816,d03c5fb7-148e-44a2-94ea-180fff564ba3
2024-03-14T21:06:40.000000,purchase,60568,1003,appliances.kitchen.refrigerators,bosch,442.24,100502,3e66d024-140d-4fd7-b928-f39136164ce7
2024-03-14T21:07:25.000000,view,50272,1006,auto.accessories,samsung,136.53,100371,53cb6447-5c53-415f-aa8c-ecd38ac432a3
2024-03-14T21:07:41.000000,view,87024,1005,apparel.shoes,xiaomi,69.42,100816,d03c5fb7-148e-44a2-94ea-180fff564ba3
2024-03-14T21:07:43.000000,view,50272,1006,auto.accessories,samsung,136.53,100371,53cb6447-5c53-415f-aa8c-ecd38ac432a3
2024-03-14T21:07:56.000000,view,50272,1006,auto.accessories,samsung,136.53,100371,53cb6447-5c53-415f-aa8c-ecd38ac432a3
2024-03-14T21:08:12.000000,view,50272,1006,auto.accessories,samsung,136.53,100371,53cb6447-5c53-415f-aa8c-ecd38ac432a3
2024-03-14T21:08:13.000000,view,87024,1005,apparel.shoes,xiaomi,69.42,100816,d03c5fb7-148e-44a2-94ea-180fff564ba3
2024-03-14T21:35:43.000000,view,66351,1003,appliances.kitchen.refrigerators,samsung,1711.11,100881,6bd22604-9aa8-4948-a01a-4e5ee50e5325
2024-03-14T21:37:22.000000,cart,66351,1003,appliances.kitchen.refrigerators,samsung,1711.11,100881,6bd22604-9aa8-4948-a01a-4e5ee50e5325
2024-03-14T21:37:43.000000,purchase,66351,1003,appliances.kitchen.refrigerators,samsung,1711.11,100881,6bd22604-9aa8-4948-a01a-4e5ee50e5325
2024-03-14T23:07:14.000000,view,64912,1005,apparel.shoes,asus,155.42,100075,be154499-507c-4c27-9612-978b3a12e502
2024-03-14T23:08:07.000000,view,64912,1005,apparel.shoes,asus,155.42,100075,be154499-507c-4c27-9612-978b3a12e502
2024-03-14T23:10:31.000000,view,64912,1005,apparel.shoes,asus,155.42,100075,be154499-507c-4c27-9612-978b3a12e502
2024-03-14T23:12:40.000000,view,68784,1001,electronics.smartphone,xiaomi,570.99,100368,791412f8-c6e0-4546-9407-677a85143968
2024-03-14T23:13:22.000000,view,64912,1005,apparel.shoes,asus,155.42,100075,be154499-507c-4c27-9612-978b3a12e502
2024-03-14T23:14:42.000000,view,68784,1001,electronics.smartphone,xiaomi,570.99,100368,791412f8-c6e0-4546-9407-677a85143968
2024-03-15T02:38:18.000000,view,85424,1003,appliances.kitchen.refrigerators,bosch,1502.56,100263,6f53c6ec-fbdf-412d-b7f8-6094a19e1146
2024-03-15T02:44:32.000000,view,77681,1003,appliances.kitchen.refrigerators,bosch,2078.27,100144,8e390627-1a47-4752-83f9-70c7839df9dd
2024-03-15T02:44:48.000000,cart,77681,1003,appliances.kitchen.refrigerators,bosch,2078.27,100144,8e390627-1a47-4752-83f9-70c7839df9dd
2024-03-15T03:06:13.000000,view,64607,1003,appliances.kitchen.refrigerators,lg,1436.02,100156,4e068664-a0de-475b-a8e3-b15cda62aa98
2024-03-15T03:06:14.000000,view,88417,1004,computers.notebook,nike,1047.48,100848,733fedf1-8f1a-424b-ba52-cf004ca63443
2024-03-15T03:07:51.000000,view,64607,1003,appliances.kitchen.refrigerators,lg,1436.02,100156,4e068664-a0de-475b-a8e3-b15cda62aa98
2024-03-15T03:08:54.000000,view,88417,1004,computers.notebook,nike,1047.48,100848,733fedf1-8f1a-424b-ba52-cf004ca63443
2024-03-15T03:10:05.000000,view,64607,1003,appliances.kitchen.refrigerators,lg,1436.02,100156,4e068664-a0de-475b-a8e3-b15cda62aa98
2024-03-15T03:14:01.000000,view,66325,1002,electronics.audio.headphone,lg,197.48,100704,89fc8d85-a3f4-42fe-be56-8697e9dd0318
2024-03-15T03:16:37.000000,view,66325,1002,electronics.audio.headphone,lg,197.48,100704,89fc8d85-a3f4-42fe-be56-8697e9dd0318
2024-03-15T03:17:06.000000,view,66325,1002,electronics.audio.headphone,lg,197.48,100704,89fc8d85-a3f4-42fe-be56-8697e9dd0318
2024-03-15T03:18:03.000000,view,66325,1002,electronics.audio.headphone,lg,197.48,100704,89fc8d85-a3f4-42fe-be56-8697e9dd0318
2024-03-15T03:18:38.000000,cart,66325,1002,electronics.audio.headphone,lg,197.48,100704,89fc8d85-a3f4-42fe-be56-8697e9dd0318
2024-03-15T05:12:35.000000,view,51056,1003,appliances.kitchen.refrigerators,xiaomi,1792.45,100403,12e9de08-5ccd-44a8-a411-285bf9522e9b
2024-03-15T05:15:03.000000,view,51056,1003,appliances.kitchen.refrigerators,xiaomi,1792.45,100403,12e9de08-5ccd-44a8-a411-285bf9522e9b
2024-03-15T05:15:24.000000,view,51056,1003,appliances.kitchen.refrigerators,xiaomi,1792.45,100403,12e9de08-5ccd-44a8-a411-285bf9522e9b
2024-03-15T05:18:07.000000,cart,51056,1003,appliances.kitchen.refrigerators,xiaomi,1792.45,100403,12e9de08-5ccd-44a8-a411-285bf9522e9b
2024-03-15T05:18:35.000000,purchase,51056,1003,appliances.kitchen.refrigerators,xiaomi,1792.45,100403,12e9de08-5ccd-44a8-a411-285bf9522e9b
2024-03-15T05:45:09.000000,view,66420,1003,appliances.kitchen.refrigerators,nike,622.14,100144,469adc64-4916-4b11-99a0-a37f32b77979
2024-03-15T05:46:34.000000,cart,66420,1003,appliances.kitchen.refrigerators,nike,622.14,100144,469adc64-4916-4b11-99a0-a37f32b77979
2024-03-15T05:47:58.000000,purchase,66420,1003,appliances.kitchen.refrigerators,nike,622.14,100144,469adc64-4916-4b11-99a0-a37f32b77979
2024-03-15T06:12:18.000000,view,65072,1004,computers.notebook,samsung,638.97,100156,f27e442b-9796-4622-880e-2547ca8edc0a
2024-03-15T06:13:22.000000,view,65072,1004,computers.notebook,samsung,638.97,100156,f27e442b-9796-4622-880e-2547ca8edc0a
2024-03-15T06:14:10.000000,view,65072,1004,computers.notebook,samsung,638.97,100156,f27e442b-9796-4622-880e-2547ca8edc0a
2024-03-15T06:15:07.000000,cart,65072,1004,computers.notebook,samsung,638.97,100156,f27e442b-9796-4622-880e-2547ca8edc0a
2024-03-15T07:05:08.000000,view,68001,1003,appliances.kitchen.refrigerators,bosch,1601.12,100053,e78712be-1b51-46af-b50f-d6942a699df9
2024-03-15T07:07:27.000000,view,68001,1003,appliances.kitchen.refrigerators,bosch,1601.12,100053,e78712be-1b51-46af-b50f-d6942a699df9
2024-03-15T07:07:55.000000,view,68001,1003,appliances.kitchen.refrigerators,bosch,1601.12,100053,e78712be-1b51-46af-b50f-d6942a699df9
2024-03-15T07:08:42.000000,view,97135,1006,auto.accessories,apple,95.98,100816,4b4372f1-8a69-476b-bd28-d34647603d5b
2024-03-15T07:09:20.000000,view,97135,1006,auto.accessories,apple,95.98,100816,4b4372f1-8a69-476b-bd28-d34647603d5b
2024-03-15T07:10:13.000000,view,97135,1006,auto.accessories,apple,95.98,100816,4b4372f1-8a69-476b-bd28-d34647603d5b
2024-03-15T07:12:23.000000,view,97135,1006,auto.accessories,apple,95.98,100816,4b4372f1-8a69-476b-bd28-d34647603d5b
2024-03-15T07:14:16.000000,cart,97135,1006,auto.accessories,apple,95.98,100816,4b4372f1-8a69-476b-bd28-d34647603d5b
2024-03-15T07:19:08.000000,view,71350,1002,electronics.audio.headphone,samsung,181.85,100403,8e0cdc3b-a78a-4619-81d2-a1eb70f81b92
2024-03-15T07:19:36.000000,view,71350,1002,electronics.audio.headphone,samsung,181.85,100403,8e0cdc3b-a78a-4619-81d2-a1eb70f81b92
2024-03-15T07:22:30.000000,view,71350,1002,electronics.audio.headphone,samsung,181.85,100403,8e0cdc3b-a78a-4619-81d2-a1eb70f81b92
2024-03-15T07:24:29.000000,view,71350,1002,electronics.audio.headphone,samsung,181.85,100403,8e0cdc3b-a78a-4619-81d2-a1eb70f81b92
2024-03-15T07:25:51.000000,cart,71350,1002,electronics.audio.headphone,samsung,181.85,100403,8e0cdc3b-a78a-4619-81d2-a1eb70f81b92
2024-03-15T07:46:36.000000,view,57276,1004,computers.notebook,xiaomi,1862.71,100456,f79c3a35-a93c-4850-b47a-7fdf18412978
2024-03-15T08:00:00.000000,view,74941,1006,auto.accessories,xiaomi,28.14,100264,c57c3990-d488-4e3a-a959-c3edb7e8ac76
2024-03-15T08:00:00.000000,view,87530,1004,computers.notebook,apple,3294.09,100842,1b3ccc12-7f0b-4a7c-b51c-3806ad7b0600
2024-03-15T08:01:41.000000,view,74941,1006,auto.accessories,xiaomi,28.14,100264,c57c3990-d488-4e3a-a959-c3edb7e8ac76
2024-03-15T08:03:36.000000,view,74941,1006,auto.accessories,xiaomi,28.14,100264,c57c3990-d488-4e3a-a959-c3edb7e8ac76
2024-03-15T08:05:15.000000,cart,74941,1006,auto.accessories,xiaomi,28.14,100264,c57c3990-d488-4e3a-a959-c3edb7e8ac76
2024-03-15T08:06:01.000000,purchase,74941,1006,auto.accessories,xiaomi,28.14,100264,c57c3990-d488-4e3a-a959-c3edb7e8ac76
2024-03-15T08:12:15.000000,view,65060,1006,auto.accessories,nike,104.41,100597,154367fc-c31d-4710-8801-ae246bdd0066
2024-03-15T08:14:58.000000,view,65060,1006,auto.accessories,nike,104.41,100597,154367fc-c31d-4710-8801-ae246bdd0066
2024-03-15T08:16:12.000000,view,65060,1006,auto.accessories,nike,104.41,100597,154367fc-c31d-4710-8801-ae246bdd0066
2024-03-15T08:18:31.000000,view,65060,1006,auto.accessories,nike,104.41,100597,154367fc-c31d-4710-8801-ae246bdd0066
2024-03-15T08:26:37.000000,view,97621,1004,computers.notebook,nike,1170.59,100142,40175a52-6f22-41c6-a236-67f5a77ba240
2024-03-15T08:29:36.000000,view,97621,1004,computers.notebook,nike,1170.59,100142,40175a52-6f22-41c6-a236-67f5a77ba240
2024-03-15T08:32:30.000000,view,97621,1004,computers.notebook,nike,1170.59,100142,40175a52-6f22-41c6-a236-67f5a77ba240
2024-03-15T08:34:18.000000,cart,97621,1004,computers.notebook,nike,1170.59,100142,40175a52-6f22-41c6-a236-67f5a77ba240
2024-03-15T09:00:00.000000,view,87121,1003,appliances.kitchen.refrigerators,apple,2062.61,100266,982b1361-6fd1-4acd-bb18-a433e8435524
2024-03-15T09:00:00.000000,view,76516,1004,computers.notebook,asus,3479.44,100756,901d65aa-aaf1-422e-8fd1-97863ba7858c
2024-03-15T09:01:59.000000,view,87121,1003,appliances.kitchen.refrigerators,apple,2062.61,100266,982b1361-6fd1-4acd-bb18-a433e8435524
2024-03-15T09:02:45.000000,view,76516,1004,computers.notebook,asus,3479.44,100756,901d65aa-aaf1-422e-8fd1-97863ba7858c
2024-03-15T09:03:02.000000,view,87121,1003,appliances.kitchen.refrigerators,apple,2062.61,100266,982b1361-6fd1-4acd-bb18-a433e8435524
2024-03-15T09:04:40.000000,view,87121,1003,appliances.kitchen.refrigerators,apple,2062.61,100266,982b1361-6fd1-4acd-bb18-a433e8435524
2024-03-15T09:05:12.000000,view,76516,1004,computers.notebook,asus,3479.44,100756,901d65aa-aaf1-422e-8fd1-97863ba7858c
2024-03-15T09:07:07.000000,cart,76516,1004,computers.notebook,asus,3479.44,100756,901d65aa-aaf1-422e-8fd1-97863ba7858c
2024-03-15T09:08:33.000000,purchase,76516,1004,computers.notebook,asus,3479.44,100756,901d65aa-aaf1-422e-8fd1-97863ba7858c
2024-03-15T10:11:27.000000,view,85850,1003,appliances.kitchen.refrigerators,nike,2378.34,100927,c6ba8a18-824e-48d4-bc25-2c578d0ec24d
2024-03-15T10:13:23.000000,view,85850,1003,appliances.kitchen.refrigerators,nike,2378.34,100927,c6ba8a18-824e-48d4-bc25-2c578d0ec24d
2024-03-15T10:15:39.000000,cart,85850,1003,appliances.kitchen.refrigerators,nike,2378.34,100927,c6ba8a18-824e-48d4-bc25-2c578d0ec24d
2024-03-15T10:16:39.000000,view,71641,1004,computers.notebook,bosch,2632.79,100156,7a0dc591-5e5e-4020-8ff5-a843a341d73d
2024-03-15T10:18:51.000000,view,71641,1004,computers.notebook,bosch,2632.79,100156,7a0dc591-5e5e-4020-8ff5-a843a341d73d
2024-03-15T10:18:55.000000,view,97346,1004,computers.notebook,apple,846.88,100031,1d5a9356-3fe7-4a30-9bd3-a37a5744a352
2024-03-15T10:19:24.000000,view,97346,1004,computers.notebook,apple,846.88,100031,1d5a9356-3fe7-4a30-9bd3-a37a5744a352
2024-03-15T10:21:03.000000,view,71641,1004,computers.notebook,bosch,2632.79,100156,7a0dc591-5e5e-4020-8ff5-a843a341d73d
2024-03-15T10:22:06.000000,view,71641,1004,computers.notebook,bosch,2632.79,100156,7a0dc591-5e5e-4020-8ff5-a843a341d73d
2024-03-15T10:24:47.000000,cart,71641,1004,computers.notebook,bosch,2632.79,100156,7a0dc591-5e5e-4020-8ff5-a843a341d73d
2024-03-15T10:25:54.000000,purchase,71641,1004,computers.notebook,bosch,2632.79,100156,7a0dc591-5e5e-4020-8ff5-a843a341d73d
2024-03-15T10:40:18.000000,view,74663,1003,appliances.kitchen.refrigerators,bosch,1273.62,100263,be08799f-c140-4222-aaa4-029701813b56
2024-03-15T10:40:36.000000,cart,74663,1003,appliances.kitchen.refrigerators,bosch,1273.62,100263,be08799f-c140-4222-aaa4-029701813b56
2024-03-15T11:00:00.000000,view,57593,1005,apparel.shoes,xiaomi,176.84,100550,53511b48-dee6-42a4-8581-e7b617dc4e0c
2024-03-15T11:02:33.000000,view,57593,1005,apparel.shoes,xiaomi,176.84,100550,53511b48-dee6-42a4-8581-e7b617dc4e0c
2024-03-15T11:02:59.000000,view,89210,1004,computers.notebook,xiaomi,1091.47,100947,43dae14a-0f1b-40fd-9654-f4cb5fdcac53
2024-03-15T11:04:07.000000,view,57593,1005,apparel.shoes,xiaomi,176.84,100550,53511b48-dee6-42a4-8581-e7b617dc4e0c
2024-03-15T11:04:08.000000,view,92780,1002,electronics.audio.headphone,nike,258.61,100189,a3215864-6576-450c-ac04-63213379bb30
2024-03-15T11:05:02.000000,view,57593,1005,apparel.shoes,xiaomi,176.84,100550,53511b48-dee6-42a4-8581-e7b617dc4e0c
2024-03-15T11:13:07.000000,view,69698,1005,apparel.shoes,nike,41.82,100878,7e1c37a1-8896-4e6c-99ad-6601980e5a28
2024-03-15T11:15:43.000000,view,69698,1005,apparel.shoes,nike,41.82,100878,7e1c37a1-8896-4e6c-99ad-6601980e5a28
2024-03-15T11:17:00.000000,view,69698,1005,apparel.shoes,nike,41.82,100878,7e1c37a1-8896-4e6c-99ad-6601980e5a28
2024-03-15T11:19:04.000000,view,65447,1005,apparel.shoes,apple,151.5,100704,1033dce3-57c6-4273-a963-fe0d3f49d2a4
2024-03-15T11:19:19.000000,view,69698,1005,apparel.shoes,nike,41.82,100878,7e1c37a1-8896-4e6c-99ad-6601980e5a28
2024-03-15T11:21:51.000000,view,65447,1005,apparel.shoes,apple,151.5,100704,1033dce3-57c6-4273-a963-fe0d3f49d2a4
2024-03-15T11:22:13.000000,view,65447,1005,apparel.shoes,apple,151.5,100704,1033dce3-57c6-4273-a963-fe0d3f49d2a4
2024-03-15T11:22:19.000000,cart,69698,1005,apparel.shoes,nike,41.82,100878,7e1c37a1-8896-4e6c-99ad-6601980e5a28
2024-03-15T11:22:41.000000,view,65447,1005,apparel.shoes,apple,151.5,100704,1033dce3-57c6-4273-a963-fe0d3f49d2a4
2024-03-15T11:23:59.000000,purchase,69698,1005,apparel.shoes,nike,41.82,100878,7e1c37a1-8896-4e6c-99ad-6601980e5a28
2024-03-15T12:00:00.000000,view,67412,1004,computers.notebook,samsung,558.08,100530,533eb3f6-4ebe-4121-a517-7f6fafd040b8
2024-03-15T12:02:50.000000,view,67412,1004,computers.notebook,samsung,558.08,100530,533eb3f6-4ebe-4121-a517-7f6fafd040b8
2024-03-15T12:05:05.000000,view,67412,1004,computers.notebook,samsung,558.08,100530,533eb3f6-4ebe-4121-a517-7f6fafd040b8
2024-03-15T12:07:47.000000,view,67412,1004,computers.notebook,samsung,558.08,100530,533eb3f6-4ebe-4121-a517-7f6fafd040b8
2024-03-15T12:29:04.000000,view,82243,1006,auto.accessories,asus,40.35,100176,2144a0e7-5eb0-4819-bb1e-097baf3f0745
2024-03-15T12:29:52.000000,cart,82243,1006,auto.accessories,asus,40.35,100176,2144a0e7-5eb0-4819-bb1e-097baf3f0745
2024-03-15T12:31:15.000000,purchase,82243,1006,auto.accessories,asus,40.35,100176,2144a0e7-5eb0-4819-bb1e-097baf3f0745
2024-03-15T14:00:00.000000,view,93124,1006,auto.accessories,nike,68.49,100696,25da50fa-f217-4b73-a235-34a179ab26b7
2024-03-15T14:00:00.000000,view,63585,1001,electronics.smartphone,lg,464.89,100864,0608d530-ac96-4696-8f70-d8d462a603ed
2024-03-15T14:02:10.000000,view,63585,1001,electronics.smartphone,lg,464.89,100864,0608d530-ac96-4696-8f70-d8d462a603ed
2024-03-15T14:03:25.000000,view,63585,1001,electronics.smartphone,lg,464.89,100864,0608d530-ac96-4696-8f70-d8d462a603ed
2024-03-15T14:05:14.000000,view,63585,1001,electronics.smartphone,lg,464.89,100864,0608d530-ac96-4696-8f70-d8d462a603ed
2024-03-15T15:00:00.000000,view,79735,1001,electronics.smartphone,samsung,274.58,100620,bf917ae5-e629-4c39-a5b0-98a8455ecacc
2024-03-15T15:00:58.000000,view,79735,1001,electronics.smartphone,samsung,274.58,100620,bf917ae5-e629-4c39-a5b0-98a8455ecacc
2024-03-15T15:02:51.000000,view,85219,1001,electronics.smartphone,bosch,177.98,100789,82eda5be-fbaa-4ac5-a028-addd0064f5d1
2024-03-15T15:02:56.000000,view,79735,1001,electronics.smartphone,samsung,274.58,100620,bf917ae5-e629-4c39-a5b0-98a8455ecacc
2024-03-15T15:03:32.000000,view,85219,1001,electronics.smartphone,bosch,177.98,100789,82eda5be-fbaa-4ac5-a028-addd0064f5d1
2024-03-15T16:00:00.000000,view,69199,1001,electronics.smartphone,lg,965.23,100722,20383404-e74d-4aff-b52a-7cf1603a3d2f
2024-03-15T16:01:17.000000,cart,69199,1001,electronics.smartphone,lg,965.23,100722,20383404-e74d-4aff-b52a-7cf1603a3d2f
2024-03-15T16:18:51.000000,view,64328,1003,appliances.kitchen.refrigerators,lg,1968.44,100862,b1fa42d3-eaf3-40f3-a6d9-e964a627cd1a
2024-03-15T16:19:31.000000,view,64328,1003,appliances.kitchen.refrigerators,lg,1968.44,100862,b1fa42d3-eaf3-40f3-a6d9-e964a627cd1a
2024-03-15T17:00:00.000000,view,84949,1006,auto.accessories,nike,129.01,100285,2917d78f-32f6-48dd-a0d7-a88bd5cfa451
2024-03-15T17:00:00.000000,view,83792,1005,apparel.shoes,samsung,117.48,100828,673d4837-bfbe-4de4-a141-e70fb7c3e6ca
2024-03-15T17:01:39.000000,view,84949,1006,auto.accessories,nike,129.01,100285,2917d78f-32f6-48dd-a0d7-a88bd5cfa451
2024-03-15T17:02:07.000000,view,83792,1005,apparel.shoes,samsung,117.48,100828,673d4837-bfbe-4de4-a141-e70fb7c3e6ca
2024-03-15T17:02:27.000000,cart,83792,1005,apparel.shoes,samsung,117.48,100828,673d4837-bfbe-4de4-a141-e70fb7c3e6ca
2024-03-15T17:03:05.000000,cart,84949,1006,auto.accessories,nike,129.01,100285,2917d78f-32f6-48dd-a0d7-a88bd5cfa451
2024-03-15T17:04:15.000000,purchase,83792,1005,apparel.shoes,samsung,117.48,100828,673d4837-bfbe-4de4-a141-e70fb7c3e6ca
2024-03-15T17:06:54.000000,view,91527,1001,electronics.smartphone,lg,978.09,100164,708a570d-a628-4e07-8ac3-9f1a7ab0a5a3
2024-03-15T17:08:02.000000,view,91527,1001,electronics.smartphone,lg,978.09,100164,708a570d-a628-4e07-8ac3-9f1a7ab0a5a3
2024-03-15T18:00:00.000000,view,94055,1004,computers.notebook,samsung,1253.96,100470,6b4da1f3-7163-4793-acb3-f52e5632ab93
2024-03-15T18:00:12.000000,view,94055,1004,computers.notebook,samsung,1253.96,100470,6b4da1f3-7163-4793-acb3-f52e5632ab93
2024-03-15T18:03:05.000000,view,94055,1004,computers.notebook,samsung,1253.96,100470,6b4da1f3-7163-4793-acb3-f52e5632ab93
2024-03-15T18:07:31.000000,view,92391,1001,electronics.smartphone,xiaomi,407.88,100550,c9c3bc83-1515-4aa8-8149-c51ebb043869
2024-03-15T18:07:46.000000,view,92391,1001,electronics.smartphone,xiaomi,407.88,100550,c9c3bc83-1515-4aa8-8149-c51ebb043869
2024-03-15T18:08:21.000000,view,92391,1001,electronics.smartphone,xiaomi,407.88,100550,c9c3bc83-1515-4aa8-8149-c51ebb043869
2024-03-15T18:09:04.000000,view,92391,1001,electronics.smartphone,xiaomi,407.88,100550,c9c3bc83-1515-4aa8-8149-c51ebb043869
2024-03-15T18:10:20.000000,cart,92391,1001,electronics.smartphone,xiaomi,407.88,100550,c9c3bc83-1515-4aa8-8149-c51ebb043869
2024-03-15T20:00:00.000000,view,55914,1003,appliances.kitchen.refrigerators,lg,823.77,100269,2a096e06-ce09-48e4-8b83-8e1838233d79
2024-03-15T20:01:30.000000,cart,55914,1003,appliances.kitchen.refrigerators,lg,823.77,100269,2a096e06-ce09-48e4-8b83-8e1838233d79
2024-03-15T20:11:31.000000,view,84967,1002,electronics.audio.headphone,apple,90.51,100357,725c6661-9b85-4eed-9b17-da5842afe409
2024-03-15T20:14:24.000000,cart,84967,1002,electronics.audio.headphone,apple,90.51,100357,725c6661-9b85-4eed-9b17-da5842afe409
2024-03-15T20:26:01.000000,view,91257,1002,electronics.audio.headphone,samsung,165.98,100156,fac8fc0b-f93e-4e65-9b6e-6e09a3467e16
2024-03-15T20:26:25.000000,view,91257,1002,electronics.audio.headphone,samsung,165.98,100156,fac8fc0b-f93e-4e65-9b6e-6e09a3467e16
2024-03-15T20:27:17.000000,cart,91257,1002,electronics.audio.headphone,samsung,165.98,100156,fac8fc0b-f93e-4e65-9b6e-6e09a3467e16
2024-03-15T21:03:39.000000,view,70671,1004,computers.notebook,samsung,3290.56,100727,7ef55fec-5897-4035-9a54-2e5b735db873
2024-03-15T21:04:36.000000,view,70671,1004,computers.notebook,samsung,3290.56,100727,7ef55fec-5897-4035-9a54-2e5b735db873
2024-03-15T21:05:32.000000,cart,70671,1004,computers.notebook,samsung,3290.56,100727,7ef55fec-5897-4035-9a54-2e5b735db873
2024-03-15T21:05:48.000000,purchase,70671,1004,computers.notebook,samsung,3290.56,100727,7ef55fec-5897-4035-9a54-2e5b735db873
2024-03-15T21:19:45.000000,view,89308,1002,electronics.audio.headphone,apple,298.55,100537,0800d8f0-63c8-4bc5-8dca-6cc895813054
2024-03-15T21:20:24.000000,view,89308,1002,electronics.audio.headphone,apple,298.55,100537,0800d8f0-63c8-4bc5-8dca-6cc895813054
2024-03-15T21:23:08.000000,view,89308,1002,electronics.audio.headphone,apple,298.55,100537,0800d8f0-63c8-4bc5-8dca-6cc895813054
2024-03-15T21:25:03.000000,cart,89308,1002,electronics.audio.headphone,apple,298.55,100537,0800d8f0-63c8-4bc5-8dca-6cc895813054
2024-03-15T21:25:56.000000,purchase,89308,1002,electronics.audio.headphone,apple,298.55,100537,0800d8f0-63c8-4bc5-8dca-6cc895813054
2024-03-15T22:33:07.000000,view,96529,1003,appliances.kitchen.refrigerators,nike,1556.23,100733,ea435ae6-fc6d-4d4b-bc6e-0f34f635bf4a
2024-03-15T22:35:29.000000,view,96529,1003,appliances.kitchen.refrigerators,nike,1556.23,100733,ea435ae6-fc6d-4d4b-bc6e-0f34f635bf4a
2024-03-15T22:36:55.000000,view,71707,1001,electronics.smartphone,nike,457.44,100933,41db466b-d244-420b-ba9a-0ee6ab2f13fe
2024-03-15T23:03:20.000000,view,87945,1006,auto.accessories,samsung,27.72,100947,8e91e548-0304-44b2-a59c-6a2dcaa5501d
2024-03-15T23:04:13.000000,view,87945,1006,auto.accessories,samsung,27.72,100947,8e91e548-0304-44b2-a59c-6a2dcaa5501d
2024-03-15T23:04:55.000000,view,87945,1006,auto.accessories,samsung,27.72,100947,8e91e548-0304-44b2-a59c-6a2dcaa5501d
2024-03-15T23:07:16.000000,view,87945,1006,auto.accessories,samsung,27.72,100947,8e91e548-0304-44b2-a59c-6a2dcaa5501d
2024-03-15T23:08:06.000000,cart,87945,1006,auto.accessories,samsung,27.72,100947,8e91e548-0304-44b2-a59c-6a2dcaa5501d
2024-03-15T23:26:25.000000,view,62291,1006,auto.accessories,bosch,81.51,100554,fc93d96b-9e3f-4e87-a560-3ad997c182fd
2024-03-15T23:26:50.000000,view,62291,1006,auto.accessories,bosch,81.51,100554,fc93d96b-9e3f-4e87-a560-3ad997c182fd
2024-03-15T23:28:50.000000,cart,62291,1006,auto.accessories,bosch,81.51,100554,fc93d96b-9e3f-4e87-a560-3ad997c182fd
2024-03-15T23:30:30.000000,purchase,62291,1006,auto.accessories,bosch,81.51,100554,fc93d96b-9e3f-4e87-a560-3ad997c182fd
2024-03-16T00:10:58.000000,view,73638,1004,computers.notebook,xiaomi,730.31,100096,4b277718-2cfe-4370-8ea1-8b95b4e7de10
2024-03-16T00:13:59.000000,view,70488,1006,auto.accessories,bosch,28.69,100729,fb53e895-41de-4906-a44c-3ffc7a3954e3
2024-03-16T00:16:17.000000,cart,70488,1006,auto.accessories,bosch,28.69,100729,fb53e895-41de-4906-a44c-3ffc7a3954e3
2024-03-16T00:38:18.000000,view,96350,1005,apparel.shoes,bosch,72.5,100933,f33af6e9-8605-4059-a6f4-78d933e1c10e
2024-03-16T00:39:31.000000,view,96350,1005,apparel.shoes,bosch,72.5,100933,f33af6e9-8605-4059-a6f4-78d933e1c10e
2024-03-16T00:41:32.000000,view,96350,1005,apparel.shoes,bosch,72.5,100933,f33af6e9-8605-4059-a6f4-78d933e1c10e
2024-03-16T00:44:19.000000,cart,96350,1005,apparel.shoes,bosch,72.5,100933,f33af6e9-8605-4059-a6f4-78d933e1c10e
2024-03-16T00:46:15.000000,purchase,96350,1005,apparel.shoes,bosch,72.5,100933,f33af6e9-8605-4059-a6f4-78d933e1c10e
2024-03-16T02:06:28.000000,view,55556,1005,apparel.shoes,apple,94.13,100283,1a96764a-579c-4a4a-b591-f89626744c1f
2024-03-16T02:06:54.000000,view,59644,1005,apparel.shoes,xiaomi,175.21,100782,95741fdb-f89d-4641-a79b-a43211cc9601
2024-03-16T02:07:20.000000,view,55556,1005,apparel.shoes,apple,94.13,100283,1a96764a-579c-4a4a-b591-f89626744c1f
2024-03-16T02:07:57.000000,view,59644,1005,apparel.shoes,xiaomi,175.21,100782,95741fdb-f89d-4641-a79b-a43211cc9601
2024-03-16T02:09:21.000000,view,55556,1005,apparel.shoes,apple,94.13,100283,1a96764a-579c-4a4a-b591-f89626744c1f
2024-03-16T02:09:46.000000,view,55556,1005,apparel.shoes,apple,94.13,100283,1a96764a-579c-4a4a-b591-f89626744c1f
2024-03-16T02:09:50.000000,view,59644,1005,apparel.shoes,xiaomi,175.21,100782,95741fdb-f89d-4641-a79b-a43211cc9601
2024-03-16T02:10:33.000000,view,59644,1005,apparel.shoes,xiaomi,175.21,100782,95741fdb-f89d-4641-a79b-a43211cc9601
2024-03-16T02:18:02.000000,view,70610,1002,electronics.audio.headphone,bosch,29.31,100095,5d059853-4965-42f3-b991-21f574f9a458
2024-03-16T02:20:42.000000,view,70610,1002,electronics.audio.headphone,bosch,29.31,100095,5d059853-4965-42f3-b991-21f574f9a458
2024-03-16T03:00:33.000000,view,78005,1001,electronics.smartphone,bosch,1035.48,100208,64609b6f-896b-4237-8372-bc7d67c00f2e
2024-03-16T03:01:33.000000,view,75853,1005,apparel.shoes,bosch,180.13,100722,443c6af9-6fbe-41f8-82e5-6e7cd733111e
2024-03-16T03:02:26.000000,view,75853,1005,apparel.shoes,bosch,180.13,100722,443c6af9-6fbe-41f8-82e5-6e7cd733111e
2024-03-16T03:03:06.000000,view,75853,1005,apparel.shoes,bosch,180.13,100722,443c6af9-6fbe-41f8-82e5-6e7cd733111e
2024-03-16T03:03:24.000000,cart,75853,1005,apparel.shoes,bosch,180.13,100722,443c6af9-6fbe-41f8-82e5-6e7cd733111e
2024-03-16T03:07:35.000000,view,84163,1003,appliances.kitchen.refrigerators,bosch,1366.11,100018,b96e4ccd-d6fe-4332-b19d-bbe0f427bc5a
2024-03-16T03:08:55.000000,view,84163,1003,appliances.kitchen.refrigerators,bosch,1366.11,100018,b96e4ccd-d6fe-4332-b19d-bbe0f427bc5a
2024-03-16T03:10:57.000000,cart,84163,1003,appliances.kitchen.refrigerators,bosch,1366.11,100018,b96e4ccd-d6fe-4332-b19d-bbe0f427bc5a
2024-03-16T03:11:48.000000,purchase,84163,1003,appliances.kitchen.refrigerators,bosch,1366.11,100018,b96e4ccd-d6fe-4332-b19d-bbe0f427bc5a
2024-03-16T03:12:22.000000,view,53176,1001,electronics.smartphone,nike,557.93,100889,00705445-e90f-4602-9ff0-bc016595d1fd
2024-03-16T03:14:29.000000,view,53176,1001,electronics.smartphone,nike,557.93,100889,00705445-e90f-4602-9ff0-bc016595d1fd
2024-03-16T03:15:40.000000,view,53176,1001,electronics.smartphone,nike,557.93,100889,00705445-e90f-4602-9ff0-bc016595d1fd
2024-03-16T03:16:49.000000,view,53176,1001,electronics.smartphone,nike,557.93,100889,00705445-e90f-4602-9ff0-bc016595d1fd
2024-03-16T04:06:27.000000,view,60366,1003,appliances.kitchen.refrigerators,nike,1474.58,100185,9d2152e4-03de-4e76-b5d3-749db17e49a1
2024-03-16T04:08:07.000000,view,60366,1003,appliances.kitchen.refrigerators,nike,1474.58,100185,9d2152e4-03de-4e76-b5d3-749db17e49a1
2024-03-16T04:09:37.000000,view,60366,1003,appliances.kitchen.refrigerators,nike,1474.58,100185,9d2152e4-03de-4e76-b5d3-749db17e49a1
2024-03-16T04:12:07.000000,view,60366,1003,appliances.kitchen.refrigerators,nike,1474.58,100185,9d2152e4-03de-4e76-b5d3-749db17e49a1
2024-03-16T08:10:02.000000,view,75833,1005,apparel.shoes,asus,161.11,100488,887a4dc3-b18b-46ea-8ab7-5493fe7ad035
2024-03-16T08:11:24.000000,view,75833,1005,apparel.shoes,asus,161.11,100488,887a4dc3-b18b-46ea-8ab7-5493fe7ad035
2024-03-16T08:11:26.000000,view,70616,1001,electronics.smartphone,apple,247.87,100366,0efad9d9-b75d-4028-8bb3-b0a7db06b0f7
2024-03-16T08:11:38.000000,view,70616,1001,electronics.smartphone,apple,247.87,100366,0efad9d9-b75d-4028-8bb3-b0a7db06b0f7
2024-03-16T08:12:56.000000,cart,75833,1005,apparel.shoes,asus,161.11,100488,887a4dc3-b18b-46ea-8ab7-5493fe7ad035
2024-03-16T08:13:19.000000,view,70616,1001,electronics.smartphone,apple,247.87,100366,0efad9d9-b75d-4028-8bb3-b0a7db06b0f7
2024-03-16T08:14:48.000000,purchase,75833,1005,apparel.shoes,asus,161.11,100488,887a4dc3-b18b-46ea-8ab7-5493fe7ad035
2024-03-16T09:26:32.000000,view,81561,1002,electronics.audio.headphone,nike,144.72,100544,c88ff7c9-29c1-4597-991d-f9369cec7a62
2024-03-16T10:03:56.000000,view,89441,1003,appliances.kitchen.refrigerators,asus,2283.81,100722,5d90d8c1-dc5b-4b53-8d41-1ba51ca04e3c
2024-03-16T10:06:25.000000,cart,89441,1003,appliances.kitchen.refrigerators,asus,2283.81,100722,5d90d8c1-dc5b-4b53-8d41-1ba51ca04e3c
2024-03-16T10:06:47.000000,view,69982,1006,auto.accessories,apple,30.45,100264,6e319e41-cac6-4cd2-ac11-bf71dd9d9d0f
2024-03-16T10:07:02.000000,view,69982,1006,auto.accessories,apple,30.45,100264,6e319e41-cac6-4cd2-ac11-bf71dd9d9d0f
2024-03-16T10:09:29.000000,cart,69982,1006,auto.accessories,apple,30.45,100264,6e319e41-cac6-4cd2-ac11-bf71dd9d9d0f
2024-03-16T11:00:00.000000,view,96247,1002,electronics.audio.headphone,bosch,284.81,100692,0bfe360a-44c0-419f-9889-7b9c91903138
2024-03-16T11:01:20.000000,view,96247,1002,electronics.audio.headphone,bosch,284.81,100692,0bfe360a-44c0-419f-9889-7b9c91903138
2024-03-16T11:03:58.000000,view,96247,1002,electronics.audio.headphone,bosch,284.81,100692,0bfe360a-44c0-419f-9889-7b9c91903138
2024-03-16T11:06:03.000000,cart,96247,1002,electronics.audio.headphone,bosch,284.81,100692,0bfe360a-44c0-419f-9889-7b9c91903138
2024-03-16T12:00:00.000000,view,93003,1002,electronics.audio.headphone,lg,34.3,100545,828d6034-d94f-4768-bcd5-5bd652931314
2024-03-16T12:00:00.000000,view,76903,1003,appliances.kitchen.refrigerators,bosch,780.41,100709,900c2911-4b20-4ed1-8c9b-3e6d1ab8f896
2024-03-16T12:01:50.000000,view,93003,1002,electronics.audio.headphone,lg,34.3,100545,828d6034-d94f-4768-bcd5-5bd652931314
2024-03-16T12:02:41.000000,view,76903,1003,appliances.kitchen.refrigerators,bosch,780.41,100709,900c2911-4b20-4ed1-8c9b-3e6d1ab8f896
2024-03-16T12:02:49.000000,cart,93003,1002,electronics.audio.headphone,lg,34.3,100545,828d6034-d94f-4768-bcd5-5bd652931314
2024-03-16T12:03:10.000000,purchase,93003,1002,electronics.audio.headphone,lg,34.3,100545,828d6034-d94f-4768-bcd5-5bd652931314
2024-03-16T12:04:12.000000,cart,76903,1003,appliances.kitchen.refrigerators,bosch,780.41,100709,900c2911-4b20-4ed1-8c9b-3e6d1ab8f896
2024-03-16T13:00:00.000000,view,62115,1004,computers.notebook,xiaomi,586.61,100686,be0d2ee1-2c24-40e9-a15a-5e10f47136f1
2024-03-16T13:00:45.000000,cart,62115,1004,computers.notebook,xiaomi,586.61,100686,be0d2ee1-2c24-40e9-a15a-5e10f47136f1
2024-03-16T13:01:21.000000,purchase,62115,1004,computers.notebook,xiaomi,586.61,100686,be0d2ee1-2c24-40e9-a15a-5e10f47136f1
2024-03-16T13:01:34.000000,view,89117,1002,electronics.audio.headphone,xiaomi,38.99,100146,2da75c07-a319-4a5c-a24d-7a535ca7e0d6
2024-03-16T13:03:49.000000,view,89117,1002,electronics.audio.headphone,xiaomi,38.99,100146,2da75c07-a319-4a5c-a24d-7a535ca7e0d6
2024-03-16T13:05:09.000000,view,68499,1001,electronics.smartphone,apple,526.73,100813,ca32299d-2768-433e-80fb-483196aec368
2024-03-16T13:06:25.000000,view,89117,1002,electronics.audio.headphone,xiaomi,38.99,100146,2da75c07-a319-4a5c-a24d-7a535ca7e0d6
2024-03-16T13:07:14.000000,view,68499,1001,electronics.smartphone,apple,526.73,100813,ca32299d-2768-433e-80fb-483196aec368
2024-03-16T13:07:30.000000,view,68499,1001,electronics.smartphone,apple,526.73,100813,ca32299d-2768-433e-80fb-483196aec368
2024-03-16T13:08:55.000000,cart,89117,1002,electronics.audio.headphone,xiaomi,38.99,100146,2da75c07-a319-4a5c-a24d-7a535ca7e0d6
2024-03-16T13:09:17.000000,view,68499,1001,electronics.smartphone,apple,526.73,100813,ca32299d-2768-433e-80fb-483196aec368
2024-03-16T13:12:00.000000,cart,68499,1001,electronics.smartphone,apple,526.73,100813,ca32299d-2768-433e-80fb-483196aec368
2024-03-16T13:13:33.000000,purchase,68499,1001,electronics.smartphone,apple,526.73,100813,ca32299d-2768-433e-80fb-483196aec368
2024-03-16T14:00:49.000000,view,70107,1001,electronics.smartphone,bosch,784.22,100986,34787500-c528-4151-bcb3-7e8b74d0d39c
2024-03-16T14:02:25.000000,view,70107,1001,electronics.smartphone,bosch,784.22,100986,34787500-c528-4151-bcb3-7e8b74d0d39c
2024-03-16T14:05:09.000000,view,85386,1004,computers.notebook,nike,1371.39,100266,f66cd68c-df5a-44d8-9226-78f2c74d9422
2024-03-16T14:07:01.000000,view,85386,1004,computers.notebook,nike,1371.39,100266,f66cd68c-df5a-44d8-9226-78f2c74d9422
2024-03-16T14:08:15.000000,view,85386,1004,computers.notebook,nike,1371.39,100266,f66cd68c-df5a-44d8-9226-78f2c74d9422
2024-03-16T14:08:24.000000,view,58055,1002,electronics.audio.headphone,samsung,124.37,100530,fab93ae8-b93f-475f-98bd-a4deb7456ae1
2024-03-16T14:11:04.000000,view,85386,1004,computers.notebook,nike,1371.39,100266,f66cd68c-df5a-44d8-9226-78f2c74d9422
2024-03-16T14:12:39.000000,view,92170,1002,electronics.audio.headphone,samsung,65.49,100782,d89bffa7-0793-4c85-88da-1ba8e80d1adc
2024-03-16T14:26:47.000000,view,80846,1006,auto.accessories,xiaomi,142.23,100403,de425c9b-7302-4f03-ba0d-94b8aaf05aa5
2024-03-16T14:29:36.000000,view,80846,1006,auto.accessories,xiaomi,142.23,100403,de425c9b-7302-4f03-ba0d-94b8aaf05aa5
2024-03-16T14:29:53.000000,view,80846,1006,auto.accessories,xiaomi,142.23,100403,de425c9b-7302-4f03-ba0d-94b8aaf05aa5
2024-03-16T14:30:44.000000,cart,80846,1006,auto.accessories,xiaomi,142.23,100403,de425c9b-7302-4f03-ba0d-94b8aaf05aa5
2024-03-16T15:00:00.000000,view,97842,1003,appliances.kitchen.refrigerators,apple,1241.84,100242,d40f9e0f-b427-4f1c-b7fe-3f43310e52cd
2024-03-16T15:00:00.000000,view,65512,1001,electronics.smartphone,xiaomi,792.36,100561,9fc3aed4-b974-4da5-a042-332149d2d142
2024-03-16T15:01:13.000000,view,97842,1003,appliances.kitchen.refrigerators,apple,1241.84,100242,d40f9e0f-b427-4f1c-b7fe-3f43310e52cd
2024-03-16T15:28:01.000000,view,60739,1002,electronics.audio.headphone,bosch,249.26,100843,8a6b9859-96fe-42ca-a960-108b17af6535
2024-03-16T15:29:47.000000,view,60739,1002,electronics.audio.headphone,bosch,249.26,100843,8a6b9859-96fe-42ca-a960-108b17af6535
2024-03-16T15:31:26.000000,view,97651,1006,auto.accessories,lg,16.11,100176,89ae08f2-167d-4294-b403-3ad47b2f243a
2024-03-16T15:32:14.000000,cart,97651,1006,auto.accessories,lg,16.11,100176,89ae08f2-167d-4294-b403-3ad47b2f243a
2024-03-16T15:32:35.000000,view,60739,1002,electronics.audio.headphone,bosch,249.26,100843,8a6b9859-96fe-42ca-a960-108b17af6535
2024-03-16T15:32:56.000000,purchase,97651,1006,auto.accessories,lg,16.11,100176,89ae08f2-167d-4294-b403-3ad47b2f243a
2024-03-16T15:35:16.000000,view,60739,1002,electronics.audio.headphone,bosch,249.26,100843,8a6b9859-96fe-42ca-a960-108b17af6535
2024-03-16T15:38:13.000000,cart,60739,1002,electronics.audio.headphone,bosch,249.26,100843,8a6b9859-96fe-42ca-a960-108b17af6535
2024-03-16T15:38:49.000000,purchase,60739,1002,electronics.audio.headphone,bosch,249.26,100843,8a6b9859-96fe-42ca-a960-108b17af6535
2024-03-16T16:00:00.000000,view,58618,1004,computers.notebook,xiaomi,2245.05,100651,3a349ce4-52a2-42de-a886-c642639f6d69
2024-03-16T16:00:00.000000,view,94083,1005,apparel.shoes,apple,117.32,100844,1cd8577f-9ace-41ee-9b19-2b86d64e7db3
2024-03-16T16:00:31.000000,view,94083,1005,apparel.shoes,apple,117.32,100844,1cd8577f-9ace-41ee-9b19-2b86d64e7db3
2024-03-16T16:02:05.000000,view,94083,1005,apparel.shoes,apple,117.32,100844,1cd8577f-9ace-41ee-9b19-2b86d64e7db3
2024-03-16T16:02:10.000000,view,58618,1004,computers.notebook,xiaomi,2245.05,100651,3a349ce4-52a2-42de-a886-c642639f6d69
2024-03-16T16:02:49.000000,view,58618,1004,computers.notebook,xiaomi,2245.05,100651,3a349ce4-52a2-42de-a886-c642639f6d69
2024-03-16T16:04:11.000000,view,92997,1002,electronics.audio.headphone,xiaomi,38.56,100683,801a19e3-42a2-4f03-882f-5463eeba1185
2024-03-16T16:05:23.000000,view,92997,1002,electronics.audio.headphone,xiaomi,38.56,100683,801a19e3-42a2-4f03-882f-5463eeba1185
2024-03-16T16:08:15.000000,view,92997,1002,electronics.audio.headphone,xiaomi,38.56,100683,801a19e3-42a2-4f03-882f-5463eeba1185
2024-03-16T16:10:27.000000,view,92997,1002,electronics.audio.headphone,xiaomi,38.56,100683,801a19e3-42a2-4f03-882f-5463eeba1185
2024-03-16T16:11:39.000000,cart,92997,1002,electronics.audio.headphone,xiaomi,38.56,100683,801a19e3-42a2-4f03-882f-5463eeba1185
2024-03-16T16:13:16.000000,purchase,92997,1002,electronics.audio.headphone,xiaomi,38.56,100683,801a19e3-42a2-4f03-882f-5463eeba1185
2024-03-16T17:06:11.000000,view,86405,1003,appliances.kitchen.refrigerators,lg,1797.4,100906,0adbce10-3339-48e1-a2b2-089ac162ab3e
2024-03-16T17:07:23.000000,view,86405,1003,appliances.kitchen.refrigerators,lg,1797.4,100906,0adbce10-3339-48e1-a2b2-089ac162ab3e
2024-03-16T18:00:00.000000,view,88808,1003,appliances.kitchen.refrigerators,asus,1630.51,100421,ad7adcda-8b7b-48bc-b19c-57c829160857
2024-03-16T18:00:00.000000,view,75687,1005,apparel.shoes,apple,124.86,100951,4c6d7351-9bea-48f7-97ec-bad0f487a3cb
2024-03-16T18:00:22.000000,view,75687,1005,apparel.shoes,apple,124.86,100951,4c6d7351-9bea-48f7-97ec-bad0f487a3cb
2024-03-16T18:01:03.000000,view,88808,1003,appliances.kitchen.refrigerators,asus,1630.51,100421,ad7adcda-8b7b-48bc-b19c-57c829160857
2024-03-16T18:01:56.000000,view,88808,1003,appliances.kitchen.refrigerators,asus,1630.51,100421,ad7adcda-8b7b-48bc-b19c-57c829160857
2024-03-16T18:02:06.000000,view,88808,1003,appliances.kitchen.refrigerators,asus,1630.51,100421,ad7adcda-8b7b-48bc-b19c-57c829160857
2024-03-16T18:19:55.000000,view,98196,1003,appliances.kitchen.refrigerators,bosch,1641.41,100597,e2f09d66-e938-4cbf-a20b-950565ad596c
2024-03-16T18:22:50.000000,cart,98196,1003,appliances.kitchen.refrigerators,bosch,1641.41,100597,e2f09d66-e938-4cbf-a20b-950565ad596c
2024-03-16T18:23:49.000000,purchase,98196,1003,appliances.kitchen.refrigerators,bosch,1641.41,100597,e2f09d66-e938-4cbf-a20b-950565ad596c
2024-03-16T19:00:00.000000,view,69843,1001,electronics.smartphone,apple,358.78,100616,c3a76b7f-45da-40cc-a99f-75d19c0e9631
2024-03-16T19:00:14.000000,view,60964,1005,apparel.shoes,asus,160.8,100382,c1cd8f61-7330-4a9e-a710-37d2650ffc0a
2024-03-16T19:00:49.000000,cart,60964,1005,apparel.shoes,asus,160.8,100382,c1cd8f61-7330-4a9e-a710-37d2650ffc0a
2024-03-16T19:02:38.000000,purchase,60964,1005,apparel.shoes,asus,160.8,100382,c1cd8f61-7330-4a9e-a710-37d2650ffc0a
2024-03-16T19:02:57.000000,view,69843,1001,electronics.smartphone,apple,358.78,100616,c3a76b7f-45da-40cc-a99f-75d19c0e9631
2024-03-16T19:05:17.000000,view,69843,1001,electronics.smartphone,apple,358.78,100616,c3a76b7f-45da-40cc-a99f-75d19c0e9631
2024-03-16T19:06:16.000000,cart,69843,1001,electronics.smartphone,apple,358.78,100616,c3a76b7f-45da-40cc-a99f-75d19c0e9631
2024-03-16T19:08:16.000000,purchase,69843,1001,electronics.smartphone,apple,358.78,100616,c3a76b7f-45da-40cc-a99f-75d19c0e9631
2024-03-16T20:21:34.000000,view,92587,1006,auto.accessories,lg,25.84,100031,5af92ea9-93e2-4892-b302-30adccfe94b0
2024-03-16T20:24:00.000000,view,92587,1006,auto.accessories,lg,25.84,100031,5af92ea9-93e2-4892-b302-30adccfe94b0
2024-03-16T20:25:47.000000,view,92587,1006,auto.accessories,lg,25.84,100031,5af92ea9-93e2-4892-b302-30adccfe94b0
2024-03-16T21:02:05.000000,view,69232,1002,electronics.audio.headphone,nike,202.39,100640,d89b3fb4-394f-4bdb-8b76-6097edad8421
2024-03-16T21:04:20.000000,view,69232,1002,electronics.audio.headphone,nike,202.39,100640,d89b3fb4-394f-4bdb-8b76-6097edad8421
2024-03-16T21:05:13.000000,cart,69232,1002,electronics.audio.headphone,nike,202.39,100640,d89b3fb4-394f-4bdb-8b76-6097edad8421
2024-03-16T21:09:38.000000,view,91432,1003,appliances.kitchen.refrigerators,bosch,768.06,100294,510db046-7af8-4dec-a970-0cdd3df30a8b
2024-03-16T21:09:59.000000,view,91432,1003,appliances.kitchen.refrigerators,bosch,768.06,100294,510db046-7af8-4dec-a970-0cdd3df30a8b
2024-03-16T21:10:50.000000,view,91432,1003,appliances.kitchen.refrigerators,bosch,768.06,100294,510db046-7af8-4dec-a970-0cdd3df30a8b
2024-03-16T21:15:14.000000,view,63760,1006,auto.accessories,samsung,87.17,100357,7ee1858a-6661-41a5-8f53-ef0430ec36af
2024-03-16T21:18:10.000000,cart,63760,1006,auto.accessories,samsung,87.17,100357,7ee1858a-6661-41a5-8f53-ef0430ec36af
2024-03-16T22:16:24.000000,view,73903,1003,appliances.kitchen.refrigerators,samsung,2394.08,100913,492cd1ad-0602-4b37-9408-c7cc8c5d9254
2024-03-16T22:19:02.000000,view,73903,1003,appliances.kitchen.refrigerators,samsung,2394.08,100913,492cd1ad-0602-4b37-9408-c7cc8c5d9254
2024-03-16T22:42:15.000000,view,78225,1002,electronics.audio.headphone,lg,61.98,100263,0747fe45-5969-4c0b-8b7e-50910043b697
2024-03-16T22:44:29.000000,view,78225,1002,electronics.audio.headphone,lg,61.98,100263,0747fe45-5969-4c0b-8b7e-50910043b697
2024-03-16T22:45:07.000000,view,78225,1002,electronics.audio.headphone,lg,61.98,100263,0747fe45-5969-4c0b-8b7e-50910043b697
2024-03-16T22:47:42.000000,view,78225,1002,electronics.audio.headphone,lg,61.98,100263,0747fe45-5969-4c0b-8b7e-50910043b697
2024-03-16T23:02:39.000000,view,69773,1001,electronics.smartphone,bosch,678.42,100779,9a9d9ba6-8132-4f56-9ce4-6dfddb393e86
2024-03-16T23:04:46.000000,view,69773,1001,electronics.smartphone,bosch,678.42,100779,9a9d9ba6-8132-4f56-9ce4-6dfddb393e86
2024-03-16T23:05:42.000000,view,69773,1001,electronics.smartphone,bosch,678.42,100779,9a9d9ba6-8132-4f56-9ce4-6dfddb393e86
2024-03-16T23:07:30.000000,cart,69773,1001,electronics.smartphone,bosch,678.42,100779,9a9d9ba6-8132-4f56-9ce4-6dfddb393e86
2024-03-16T23:08:57.000000,purchase,69773,1001,electronics.smartphone,bosch,678.42,100779,9a9d9ba6-8132-4f56-9ce4-6dfddb393e86
2024-03-17T00:06:15.000000,view,55557,1002,electronics.audio.headphone,nike,103.04,100016,4bf7adbc-5e8a-49b4-908b-b586689d87ab
2024-03-17T00:06:48.000000,view,55557,1002,electronics.audio.headphone,nike,103.04,100016,4bf7adbc-5e8a-49b4-908b-b586689d87ab
2024-03-17T00:07:58.000000,view,55557,1002,electronics.audio.headphone,nike,103.04,100016,4bf7adbc-5e8a-49b4-908b-b586689d87ab
2024-03-17T00:09:27.000000,cart,55557,1002,electronics.audio.headphone,nike,103.04,100016,4bf7adbc-5e8a-49b4-908b-b586689d87ab
2024-03-17T00:10:07.000000,purchase,55557,1002,electronics.audio.headphone,nike,103.04,100016,4bf7adbc-5e8a-49b4-908b-b586689d87ab
2024-03-17T00:21:11.000000,view,89414,1006,auto.accessories,samsung,137.85,100862,98c4ece8-8a22-47e2-a9b7-b8d7ac7eded6
2024-03-17T00:24:10.000000,view,89414,1006,auto.accessories,samsung,137.85,100862,98c4ece8-8a22-47e2-a9b7-b8d7ac7eded6
2024-03-17T00:26:12.000000,cart,89414,1006,auto.accessories,samsung,137.85,100862,98c4ece8-8a22-47e2-a9b7-b8d7ac7eded6
2024-03-17T00:27:32.000000,purchase,89414,1006,auto.accessories,samsung,137.85,100862,98c4ece8-8a22-47e2-a9b7-b8d7ac7eded6
2024-03-17T01:06:09.000000,view,85702,1005,apparel.shoes,xiaomi,85.35,100864,9f5fd617-a9b9-4e3f-8e1e-7f443f0ea812
2024-03-17T01:17:19.000000,view,84674,1003,appliances.kitchen.refrigerators,apple,2173.69,100729,98150c63-8e50-4733-a5d1-e3957b690276
2024-03-17T01:19:01.000000,cart,84674,1003,appliances.kitchen.refrigerators,apple,2173.69,100729,98150c63-8e50-4733-a5d1-e3957b690276
2024-03-17T01:19:27.000000,purchase,84674,1003,appliances.kitchen.refrigerators,apple,2173.69,100729,98150c63-8e50-4733-a5d1-e3957b690276
2024-03-17T02:04:44.000000,view,59257,1006,auto.accessories,asus,146.95,100651,894ae263-1094-4fc5-8b41-0c93854c21e0
2024-03-17T02:06:13.000000,view,59257,1006,auto.accessories,asus,146.95,100651,894ae263-1094-4fc5-8b41-0c93854c21e0
2024-03-17T02:08:40.000000,cart,59257,1006,auto.accessories,asus,146.95,100651,894ae263-1094-4fc5-8b41-0c93854c21e0
2024-03-17T02:09:32.000000,view,67258,1001,electronics.smartphone,nike,410.67,100164,100cc369-30bc-45c5-9057-3cffac456bf0
2024-03-17T04:03:15.000000,view,60801,1002,electronics.audio.headphone,samsung,155.75,100421,21cbd47c-5da7-4742-b096-fbcfa6fedb76
2024-03-17T04:04:47.000000,cart,60801,1002,electronics.audio.headphone,samsung,155.75,100421,21cbd47c-5da7-4742-b096-fbcfa6fedb76
2024-03-17T04:05:08.000000,purchase,60801,1002,electronics.audio.headphone,samsung,155.75,100421,21cbd47c-5da7-4742-b096-fbcfa6fedb76
2024-03-17T04:18:54.000000,view,70863,1001,electronics.smartphone,lg,301.1,100889,da5a3c1d-4632-43b7-acd7-71ae5aec9e8e
2024-03-17T04:19:27.000000,view,70863,1001,electronics.smartphone,lg,301.1,100889,da5a3c1d-4632-43b7-acd7-71ae5aec9e8e
2024-03-17T04:20:34.000000,view,70863,1001,electronics.smartphone,lg,301.1,100889,da5a3c1d-4632-43b7-acd7-71ae5aec9e8e
2024-03-17T04:22:31.000000,view,70863,1001,electronics.smartphone,lg,301.1,100889,da5a3c1d-4632-43b7-acd7-71ae5aec9e8e
2024-03-17T06:04:15.000000,view,69017,1006,auto.accessories,samsung,123.17,100414,ab4a01ac-48a9-49a9-86d1-52a53c1fc8c9
2024-03-17T06:05:49.000000,view,69017,1006,auto.accessories,samsung,123.17,100414,ab4a01ac-48a9-49a9-86d1-52a53c1fc8c9
2024-03-17T06:07:44.000000,view,69017,1006,auto.accessories,samsung,123.17,100414,ab4a01ac-48a9-49a9-86d1-52a53c1fc8c9
2024-03-17T06:15:42.000000,view,97507,1002,electronics.audio.headphone,bosch,290.18,100145,7294ffe2-2501-4ac5-bbb3-e6fcd2ae1ab6
2024-03-17T06:17:46.000000,view,97507,1002,electronics.audio.headphone,bosch,290.18,100145,7294ffe2-2501-4ac5-bbb3-e6fcd2ae1ab6
2024-03-17T06:18:41.000000,view,97507,1002,electronics.audio.headphone,bosch,290.18,100145,7294ffe2-2501-4ac5-bbb3-e6fcd2ae1ab6
2024-03-17T06:19:10.000000,cart,97507,1002,electronics.audio.headphone,bosch,290.18,100145,7294ffe2-2501-4ac5-bbb3-e6fcd2ae1ab6
2024-03-17T11:23:40.000000,view,64205,1005,apparel.shoes,nike,119.89,100991,ea278dd7-6325-42af-833a-3ac628286589
2024-03-17T11:25:25.000000,view,64205,1005,apparel.shoes,nike,119.89,100991,ea278dd7-6325-42af-833a-3ac628286589
2024-03-17T11:27:18.000000,view,64205,1005,apparel.shoes,nike,119.89,100991,ea278dd7-6325-42af-833a-3ac628286589
2024-03-17T11:27:37.000000,cart,64205,1005,apparel.shoes,nike,119.89,100991,ea278dd7-6325-42af-833a-3ac628286589
2024-03-17T11:27:55.000000,purchase,64205,1005,apparel.shoes,nike,119.89,100991,ea278dd7-6325-42af-833a-3ac628286589
2024-03-17T12:07:48.000000,view,86456,1002,electronics.audio.headphone,apple,266.25,100722,3f9323c3-0382-4889-a8d7-19a5759f7d8a
2024-03-17T12:10:48.000000,view,86456,1002,electronics.audio.headphone,apple,266.25,100722,3f9323c3-0382-4889-a8d7-19a5759f7d8a
2024-03-17T12:11:08.000000,cart,86456,1002,electronics.audio.headphone,apple,266.25,100722,3f9323c3-0382-4889-a8d7-19a5759f7d8a
2024-03-17T12:19:06.000000,view,61222,1003,appliances.kitchen.refrigerators,nike,745.76,100592,d91b89cf-5d6b-4a00-a158-88463f896aa8
2024-03-17T12:19:43.000000,view,61222,1003,appliances.kitchen.refrigerators,nike,745.76,100592,d91b89cf-5d6b-4a00-a158-88463f896aa8
2024-03-17T12:21:52.000000,view,61222,1003,appliances.kitchen.refrigerators,nike,745.76,100592,d91b89cf-5d6b-4a00-a158-88463f896aa8
2024-03-17T12:24:21.000000,view,61222,1003,appliances.kitchen.refrigerators,nike,745.76,100592,d91b89cf-5d6b-4a00-a158-88463f896aa8
2024-03-17T14:14:12.000000,view,89797,1003,appliances.kitchen.refrigerators,xiaomi,1467.1,100813,7384675c-9db0-4134-91f0-d500876f5fad
2024-03-17T14:15:21.000000,view,89797,1003,appliances.kitchen.refrigerators,xiaomi,1467.1,100813,7384675c-9db0-4134-91f0-d500876f5fad
2024-03-17T14:17:54.000000,view,89797,1003,appliances.kitchen.refrigerators,xiaomi,1467.1,100813,7384675c-9db0-4134-91f0-d500876f5fad
2024-03-17T15:07:46.000000,view,99086,1006,auto.accessories,lg,16.6,100736,491fd165-0dd0-40c0-ad32-fb7960ff505a
2024-03-17T15:08:45.000000,view,99086,1006,auto.accessories,lg,16.6,100736,491fd165-0dd0-40c0-ad32-fb7960ff505a
2024-03-17T15:09:27.000000,view,99086,1006,auto.accessories,lg,16.6,100736,491fd165-0dd0-40c0-ad32-fb7960ff505a
2024-03-17T15:11:18.000000,cart,99086,1006,auto.accessories,lg,16.6,100736,491fd165-0dd0-40c0-ad32-fb7960ff505a
2024-03-17T15:13:08.000000,purchase,99086,1006,auto.accessories,lg,16.6,100736,491fd165-0dd0-40c0-ad32-fb7960ff505a
2024-03-17T17:05:56.000000,view,65635,1005,apparel.shoes,lg,139.34,100219,467dce0a-e1ee-4e56-9a9f-f24d25a370f3
2024-03-17T17:08:09.000000,view,65635,1005,apparel.shoes,lg,139.34,100219,467dce0a-e1ee-4e56-9a9f-f24d25a370f3
2024-03-17T17:09:57.000000,cart,65635,1005,apparel.shoes,lg,139.34,100219,467dce0a-e1ee-4e56-9a9f-f24d25a370f3
2024-03-17T18:22:42.000000,view,96111,1004,computers.notebook,xiaomi,943.18,100497,bdd2e18c-bb3d-4f87-a156-97797b582435
2024-03-17T18:23:17.000000,view,96111,1004,computers.notebook,xiaomi,943.18,100497,bdd2e18c-bb3d-4f87-a156-97797b582435
2024-03-17T18:25:50.000000,view,96111,1004,computers.notebook,xiaomi,943.18,100497,bdd2e18c-bb3d-4f87-a156-97797b582435
2024-03-17T18:33:09.000000,view,82988,1003,appliances.kitchen.refrigerators,bosch,2093.63,100638,6dc17924-ece4-4fbc-922f-f6e41f907343
2024-03-17T18:35:35.000000,view,82988,1003,appliances.kitchen.refrigerators,bosch,2093.63,100638,6dc17924-ece4-4fbc-922f-f6e41f907343
2024-03-17T18:37:57.000000,view,82988,1003,appliances.kitchen.refrigerators,bosch,2093.63,100638,6dc17924-ece4-4fbc-922f-f6e41f907343
2024-03-17T18:40:50.000000,cart,82988,1003,appliances.kitchen.refrigerators,bosch,2093.63,100638,6dc17924-ece4-4fbc-922f-f6e41f907343
2024-03-17T18:41:12.000000,purchase,82988,1003,appliances.kitchen.refrigerators,bosch,2093.63,100638,6dc17924-ece4-4fbc-922f-f6e41f907343
2024-03-17T19:10:42.000000,view,51337,1004,computers.notebook,xiaomi,2557.47,100264,ef4c5868-63ad-40fb-9f3d-949d296219a2
2024-03-17T19:12:13.000000,cart,51337,1004,computers.notebook,xiaomi,2557.47,100264,ef4c5868-63ad-40fb-9f3d-949d296219a2
2024-03-17T19:13:17.000000,purchase,51337,1004,computers.notebook,xiaomi,2557.47,100264,ef4c5868-63ad-40fb-9f3d-949d296219a2
2024-03-17T20:01:25.000000,view,96406,1002,electronics.audio.headphone,bosch,159.67,100966,f4db332a-1340-4db3-b196-39e691918368
2024-03-17T20:02:34.000000,view,60902,1001,electronics.smartphone,lg,878.7,100032,a5cc5d60-65fb-48f4-a53f-5f3222c1a4e1
2024-03-17T20:02:55.000000,cart,60902,1001,electronics.smartphone,lg,878.7,100032,a5cc5d60-65fb-48f4-a53f-5f3222c1a4e1
2024-03-17T20:03:17.000000,purchase,60902,1001,electronics.smartphone,lg,878.7,100032,a5cc5d60-65fb-48f4-a53f-5f3222c1a4e1
2024-03-17T20:03:49.000000,view,96406,1002,electronics.audio.headphone,bosch,159.67,100966,f4db332a-1340-4db3-b196-39e691918368
2024-03-17T20:04:16.000000,view,73543,1006,auto.accessories,asus,29.81,100223,074b3fdc-0f5e-46bf-8e79-00dbfc286e09
2024-03-17T20:04:33.000000,view,73543,1006,auto.accessories,asus,29.81,100223,074b3fdc-0f5e-46bf-8e79-00dbfc286e09
2024-03-17T20:05:35.000000,view,96406,1002,electronics.audio.headphone,bosch,159.67,100966,f4db332a-1340-4db3-b196-39e691918368
2024-03-17T20:05:43.000000,view,73543,1006,auto.accessories,asus,29.81,100223,074b3fdc-0f5e-46bf-8e79-00dbfc286e09
2024-03-17T20:07:46.000000,cart,96406,1002,electronics.audio.headphone,bosch,159.67,100966,f4db332a-1340-4db3-b196-39e691918368
2024-03-17T20:08:28.000000,purchase,96406,1002,electronics.audio.headphone,bosch,159.67,100966,f4db332a-1340-4db3-b196-39e691918368
2024-03-17T20:09:26.000000,view,51228,1001,electronics.smartphone,lg,529.73,100987,d9fb855b-5eb3-4b6f-9b06-368ecd17061a
2024-03-17T20:12:12.000000,view,51228,1001,electronics.smartphone,lg,529.73,100987,d9fb855b-5eb3-4b6f-9b06-368ecd17061a
2024-03-17T20:13:29.000000,view,51228,1001,electronics.smartphone,lg,529.73,100987,d9fb855b-5eb3-4b6f-9b06-368ecd17061a
2024-03-18T01:02:46.000000,view,50332,1002,electronics.audio.headphone,asus,139.89,100242,421e9921-0e07-47c4-ad98-6899a931542f
2024-03-18T01:26:40.000000,view,90520,1001,electronics.smartphone,asus,580.16,100497,064ac073-89e2-4d98-ab38-ea92d5b8d1cf
2024-03-18T01:28:01.000000,view,90520,1001,electronics.smartphone,asus,580.16,100497,064ac073-89e2-4d98-ab38-ea92d5b8d1cf
2024-03-18T01:29:14.000000,view,90520,1001,electronics.smartphone,asus,580.16,100497,064ac073-89e2-4d98-ab38-ea92d5b8d1cf
2024-03-18T01:29:53.000000,view,90520,1001,electronics.smartphone,asus,580.16,100497,064ac073-89e2-4d98-ab38-ea92d5b8d1cf
2024-03-18T02:41:51.000000,view,75957,1005,apparel.shoes,asus,116.99,100638,f67c3e82-bffa-4fca-871e-699c1ed33122
2024-03-18T02:44:24.000000,view,75957,1005,apparel.shoes,asus,116.99,100638,f67c3e82-bffa-4fca-871e-699c1ed33122
2024-03-18T02:45:06.000000,view,75957,1005,apparel.shoes,asus,116.99,100638,f67c3e82-bffa-4fca-871e-699c1ed33122
2024-03-18T02:46:06.000000,view,75957,1005,apparel.shoes,asus,116.99,100638,f67c3e82-bffa-4fca-871e-699c1ed33122
2024-03-18T02:46:36.000000,cart,75957,1005,apparel.shoes,asus,116.99,100638,f67c3e82-bffa-4fca-871e-699c1ed33122
2024-03-18T02:48:30.000000,view,70605,1006,auto.accessories,apple,41.22,100883,00035a7b-4504-42d2-8b8b-0e0fb3d4fdb1
2024-03-18T02:49:17.000000,view,70605,1006,auto.accessories,apple,41.22,100883,00035a7b-4504-42d2-8b8b-0e0fb3d4fdb1
2024-03-18T02:50:09.000000,view,70605,1006,auto.accessories,apple,41.22,100883,00035a7b-4504-42d2-8b8b-0e0fb3d4fdb1
2024-03-18T02:53:03.000000,view,70605,1006,auto.accessories,apple,41.22,100883,00035a7b-4504-42d2-8b8b-0e0fb3d4fdb1
2024-03-18T03:13:24.000000,view,56851,1004,computers.notebook,xiaomi,2965.79,100683,d7471692-135a-4bc3-b00f-b3d2a0b58e0f
2024-03-18T04:04:07.000000,view,84337,1006,auto.accessories,apple,19.57,100093,c47e6049-cd19-446e-a02f-a3e6d2ff1522
2024-03-18T04:05:15.000000,view,62650,1005,apparel.shoes,bosch,176.05,100447,eac2dccc-e99e-4738-9521-4197163dcc4c
2024-03-18T04:07:22.000000,view,62650,1005,apparel.shoes,bosch,176.05,100447,eac2dccc-e99e-4738-9521-4197163dcc4c
2024-03-18T04:13:16.000000,view,59152,1006,auto.accessories,apple,112.88,100294,8e773afe-5718-4a6c-9b57-7f7294a2fd2e
2024-03-18T04:15:16.000000,view,59152,1006,auto.accessories,apple,112.88,100294,8e773afe-5718-4a6c-9b57-7f7294a2fd2e
2024-03-18T04:16:19.000000,view,59152,1006,auto.accessories,apple,112.88,100294,8e773afe-5718-4a6c-9b57-7f7294a2fd2e
2024-03-18T05:06:39.000000,view,85147,1001,electronics.smartphone,xiaomi,794.22,100877,78e85c82-cf49-48fe-bd42-6338494b1cec
2024-03-18T05:09:10.000000,view,85147,1001,electronics.smartphone,xiaomi,794.22,100877,78e85c82-cf49-48fe-bd42-6338494b1cec
2024-03-18T05:09:24.000000,view,85147,1001,electronics.smartphone,xiaomi,794.22,100877,78e85c82-cf49-48fe-bd42-6338494b1cec
2024-03-18T05:11:56.000000,view,85147,1001,electronics.smartphone,xiaomi,794.22,100877,78e85c82-cf49-48fe-bd42-6338494b1cec
2024-03-18T05:12:41.000000,cart,85147,1001,electronics.smartphone,xiaomi,794.22,100877,78e85c82-cf49-48fe-bd42-6338494b1cec
2024-03-18T05:16:25.000000,view,94708,1003,appliances.kitchen.refrigerators,apple,1209.03,100368,7b77aa5b-7374-41c3-85de-5bd08d1fb216
2024-03-18T05:17:42.000000,view,94708,1003,appliances.kitchen.refrigerators,apple,1209.03,100368,7b77aa5b-7374-41c3-85de-5bd08d1fb216
2024-03-18T05:18:02.000000,view,94708,1003,appliances.kitchen.refrigerators,apple,1209.03,100368,7b77aa5b-7374-41c3-85de-5bd08d1fb216
2024-03-18T05:20:50.000000,view,94708,1003,appliances.kitchen.refrigerators,apple,1209.03,100368,7b77aa5b-7374-41c3-85de-5bd08d1fb216
2024-03-18T05:23:44.000000,cart,94708,1003,appliances.kitchen.refrigerators,apple,1209.03,100368,7b77aa5b-7374-41c3-85de-5bd08d1fb216
2024-03-18T05:25:40.000000,purchase,94708,1003,appliances.kitchen.refrigerators,apple,1209.03,100368,7b77aa5b-7374-41c3-85de-5bd08d1fb216
2024-03-18T08:04:17.000000,view,94167,1003,appliances.kitchen.refrigerators,apple,1194.05,100369,aa8d7aea-14d9-4b2a-8de8-fa39126368b6
2024-03-18T09:19:42.000000,view,97322,1005,apparel.shoes,xiaomi,61.38,100357,3ddf120c-0b46-4172-a610-a993170bb6e4
2024-03-18T09:20:01.000000,view,73994,1002,electronics.audio.headphone,bosch,200.62,100729,7ccbad08-9550-4153-b14b-77584f86c120
2024-03-18T09:20:47.000000,view,73994,1002,electronics.audio.headphone,bosch,200.62,100729,7ccbad08-9550-4153-b14b-77584f86c120
2024-03-18T09:21:15.000000,view,97322,1005,apparel.shoes,xiaomi,61.38,100357,3ddf120c-0b46-4172-a610-a993170bb6e4
2024-03-18T09:21:39.000000,view,97322,1005,apparel.shoes,xiaomi,61.38,100357,3ddf120c-0b46-4172-a610-a993170bb6e4
2024-03-18T09:22:13.000000,view,73994,1002,electronics.audio.headphone,bosch,200.62,100729,7ccbad08-9550-4153-b14b-77584f86c120
2024-03-18T12:28:52.000000,view,72802,1001,electronics.smartphone,lg,796.56,100991,bbe28cb3-394f-423f-bfff-af0c788c6af5
2024-03-18T13:25:30.000000,view,73443,1001,electronics.smartphone,samsung,380.95,100889,b3635a74-50b6-4515-8d9e-74a0e121a2e0
2024-03-18T13:27:51.000000,cart,73443,1001,electronics.smartphone,samsung,380.95,100889,b3635a74-50b6-4515-8d9e-74a0e121a2e0
2024-03-18T14:16:44.000000,view,93450,1002,electronics.audio.headphone,apple,248.14,100927,bf455afa-1e55-4f0a-96f9-d2381791ad81
2024-03-18T14:18:27.000000,view,93450,1002,electronics.audio.headphone,apple,248.14,100927,bf455afa-1e55-4f0a-96f9-d2381791ad81
2024-03-18T14:20:51.000000,view,93450,1002,electronics.audio.headphone,apple,248.14,100927,bf455afa-1e55-4f0a-96f9-d2381791ad81
2024-03-18T14:23:01.000000,view,93450,1002,electronics.audio.headphone,apple,248.14,100927,bf455afa-1e55-4f0a-96f9-d2381791ad81
2024-03-18T15:06:04.000000,view,69828,1004,computers.notebook,xiaomi,1951.16,100421,3e9c7153-bcb2-4945-a43f-413168a8a92a
2024-03-18T15:24:51.000000,view,55150,1006,auto.accessories,apple,96.4,100592,6243f467-5182-477a-b971-5a1b9aa9c330
2024-03-18T15:26:38.000000,cart,55150,1006,auto.accessories,apple,96.4,100592,6243f467-5182-477a-b971-5a1b9aa9c330
2024-03-18T15:28:29.000000,purchase,55150,1006,auto.accessories,apple,96.4,100592,6243f467-5182-477a-b971-5a1b9aa9c330
2024-03-18T16:25:57.000000,view,64988,1005,apparel.shoes,nike,185.1,100271,77cd70ef-2d9d-49bf-8566-127f3ed78ff4
2024-03-18T16:26:57.000000,view,64988,1005,apparel.shoes,nike,185.1,100271,77cd70ef-2d9d-49bf-8566-127f3ed78ff4
2024-03-18T16:28:14.000000,view,64988,1005,apparel.shoes,nike,185.1,100271,77cd70ef-2d9d-49bf-8566-127f3ed78ff4
2024-03-18T16:29:07.000000,view,64988,1005,apparel.shoes,nike,185.1,100271,77cd70ef-2d9d-49bf-8566-127f3ed78ff4
2024-03-18T18:20:15.000000,view,59614,1001,electronics.smartphone,nike,971.95,100813,99a23187-e403-4e7c-bd79-7fbd4423170b
2024-03-18T18:38:31.000000,view,81546,1004,computers.notebook,lg,1062.62,100009,81b63a98-b56f-4f82-b67f-da49d1268273
2024-03-18T18:38:56.000000,view,81546,1004,computers.notebook,lg,1062.62,100009,81b63a98-b56f-4f82-b67f-da49d1268273
2024-03-18T18:39:48.000000,view,81546,1004,computers.notebook,lg,1062.62,100009,81b63a98-b56f-4f82-b67f-da49d1268273
2024-03-18T18:41:35.000000,view,81546,1004,computers.notebook,lg,1062.62,100009,81b63a98-b56f-4f82-b67f-da49d1268273
2024-03-18T20:05:00.000000,view,84056,1006,auto.accessories,lg,114.56,100285,cf3c084f-399b-4d63-991a-a57bbd13502b
2024-03-18T22:04:37.000000,view,58541,1003,appliances.kitchen.refrigerators,bosch,766.43,100620,d8bfa312-ab1f-4b24-a0de-a830aa2b3e05
2024-03-19T01:13:49.000000,view,66293,1001,electronics.smartphone,apple,1156.45,100736,a6c6391f-fb9f-4275-911c-aed29904a0de
2024-03-19T01:16:25.000000,view,66293,1001,electronics.smartphone,apple,1156.45,100736,a6c6391f-fb9f-4275-911c-aed29904a0de
2024-03-19T01:18:36.000000,cart,66293,1001,electronics.smartphone,apple,1156.45,100736,a6c6391f-fb9f-4275-911c-aed29904a0de
2024-03-19T02:06:33.000000,view,59604,1004,computers.notebook,apple,2606.09,100285,46e7d541-860c-449d-a2b3-afb05c96146b
2024-03-19T02:07:03.000000,view,59604,1004,computers.notebook,apple,2606.09,100285,46e7d541-860c-449d-a2b3-afb05c96146b
2024-03-19T02:07:36.000000,view,59604,1004,computers.notebook,apple,2606.09,100285,46e7d541-860c-449d-a2b3-afb05c96146b
2024-03-19T02:07:43.000000,view,76609,1006,auto.accessories,lg,66.51,100223,49c500f0-2378-40db-907a-00d3614aaf46
2024-03-19T02:08:01.000000,view,59604,1004,computers.notebook,apple,2606.09,100285,46e7d541-860c-449d-a2b3-afb05c96146b
2024-03-19T02:10:42.000000,view,76609,1006,auto.accessories,lg,66.51,100223,49c500f0-2378-40db-907a-00d3614aaf46
2024-03-19T03:46:22.000000,view,81706,1006,auto.accessories,asus,80.29,100933,b10e63b3-610b-418c-a428-9605b5ca1319
2024-03-19T03:47:54.000000,cart,81706,1006,auto.accessories,asus,80.29,100933,b10e63b3-610b-418c-a428-9605b5ca1319
2024-03-19T03:48:07.000000,view,58841,1003,appliances.kitchen.refrigerators,lg,2487.28,100638,32c735fb-fcf0-4bfa-9e7b-0f788a65e62d
2024-03-19T03:49:24.000000,view,58841,1003,appliances.kitchen.refrigerators,lg,2487.28,100638,32c735fb-fcf0-4bfa-9e7b-0f788a65e62d
2024-03-19T03:50:16.000000,view,58841,1003,appliances.kitchen.refrigerators,lg,2487.28,100638,32c735fb-fcf0-4bfa-9e7b-0f788a65e62d
2024-03-19T03:53:09.000000,view,58841,1003,appliances.kitchen.refrigerators,lg,2487.28,100638,32c735fb-fcf0-4bfa-9e7b-0f788a65e62d
2024-03-19T03:55:07.000000,cart,58841,1003,appliances.kitchen.refrigerators,lg,2487.28,100638,32c735fb-fcf0-4bfa-9e7b-0f788a65e62d
2024-03-19T03:56:55.000000,purchase,58841,1003,appliances.kitchen.refrigerators,lg,2487.28,100638,32c735fb-fcf0-4bfa-9e7b-0f788a65e62d
2024-03-19T05:31:27.000000,view,88716,1002,electronics.audio.headphone,lg,138.17,100554,d86c95d1-47b6-4ef0-8149-730580a36157
2024-03-19T05:32:45.000000,view,88716,1002,electronics.audio.headphone,lg,138.17,100554,d86c95d1-47b6-4ef0-8149-730580a36157
2024-03-19T05:33:58.000000,view,88716,1002,electronics.audio.headphone,lg,138.17,100554,d86c95d1-47b6-4ef0-8149-730580a36157
2024-03-19T09:11:36.000000,view,77343,1003,appliances.kitchen.refrigerators,bosch,639.39,100223,0b62b68d-23b4-4d44-8883-710e27e8dab5
2024-03-19T09:12:20.000000,view,77343,1003,appliances.kitchen.refrigerators,bosch,639.39,100223,0b62b68d-23b4-4d44-8883-710e27e8dab5
2024-03-19T09:12:32.000000,cart,77343,1003,appliances.kitchen.refrigerators,bosch,639.39,100223,0b62b68d-23b4-4d44-8883-710e27e8dab5
2024-03-19T09:12:49.000000,purchase,77343,1003,appliances.kitchen.refrigerators,bosch,639.39,100223,0b62b68d-23b4-4d44-8883-710e27e8dab5
2024-03-19T09:19:48.000000,view,61477,1004,computers.notebook,asus,1686.66,100318,5bf1663e-1684-4382-9d5e-b68014b90bcb
2024-03-19T09:22:36.000000,view,61477,1004,computers.notebook,asus,1686.66,100318,5bf1663e-1684-4382-9d5e-b68014b90bcb
2024-03-19T12:36:45.000000,view,89666,1003,appliances.kitchen.refrigerators,nike,1394.89,100554,65964f7f-f527-47c4-b8ce-0e968227673e
2024-03-19T12:57:10.000000,view,98196,1003,appliances.kitchen.refrigerators,samsung,1971.39,100638,6eba5e21-d57a-4fc8-bfb3-32c54d1b5ee2
2024-03-19T12:58:47.000000,view,98196,1003,appliances.kitchen.refrigerators,samsung,1971.39,100638,6eba5e21-d57a-4fc8-bfb3-32c54d1b5ee2
2024-03-19T12:59:55.000000,view,98196,1003,appliances.kitchen.refrigerators,samsung,1971.39,100638,6eba5e21-d57a-4fc8-bfb3-32c54d1b5ee2
2024-03-19T13:01:55.000000,view,98196,1003,appliances.kitchen.refrigerators,samsung,1971.39,100638,6eba5e21-d57a-4fc8-bfb3-32c54d1b5ee2
2024-03-19T13:11:36.000000,view,53788,1002,electronics.audio.headphone,asus,293.88,100283,35f8813d-bba3-4a2e-8b13-b245a6f7fc43
2024-03-19T13:13:33.000000,view,53788,1002,electronics.audio.headphone,asus,293.88,100283,35f8813d-bba3-4a2e-8b13-b245a6f7fc43
2024-03-19T13:15:25.000000,view,53788,1002,electronics.audio.headphone,asus,293.88,100283,35f8813d-bba3-4a2e-8b13-b245a6f7fc43
2024-03-19T14:14:41.000000,view,73320,1004,computers.notebook,nike,3418.94,100366,0fc27a8e-8a62-4f8d-a689-1f30e33e5510
2024-03-19T14:48:27.000000,view,58290,1004,computers.notebook,asus,1608.46,100933,71f2820d-4168-4656-8214-da8fb68091b9
2024-03-19T14:48:53.000000,view,58290,1004,computers.notebook,asus,1608.46,100933,71f2820d-4168-4656-8214-da8fb68091b9
2024-03-19T14:50:58.000000,view,58290,1004,computers.notebook,asus,1608.46,100933,71f2820d-4168-4656-8214-da8fb68091b9
2024-03-19T15:01:36.000000,view,92731,1005,apparel.shoes,bosch,119.38,100686,4669d1f7-396c-4fd9-b32e-5f11f3db60b8
2024-03-19T15:04:35.000000,view,92731,1005,apparel.shoes,bosch,119.38,100686,4669d1f7-396c-4fd9-b32e-5f11f3db60b8
2024-03-19T15:05:07.000000,cart,92731,1005,apparel.shoes,bosch,119.38,100686,4669d1f7-396c-4fd9-b32e-5f11f3db60b8
2024-03-19T16:02:49.000000,view,59712,1004,computers.notebook,samsung,2156.44,100131,46c63f84-5ffa-4bab-82c6-f346b462144d
2024-03-19T18:03:45.000000,view,89841,1002,electronics.audio.headphone,lg,289.54,100758,8a89b7c3-0782-41f0-97c7-bad47b0b72e2
2024-03-19T18:04:45.000000,view,89841,1002,electronics.audio.headphone,lg,289.54,100758,8a89b7c3-0782-41f0-97c7-bad47b0b72e2
2024-03-19T19:01:01.000000,view,77919,1004,computers.notebook,apple,3472.44,100951,cffbd808-ca98-4061-bdd7-f22e71c2c972
2024-03-19T19:01:59.000000,view,77919,1004,computers.notebook,apple,3472.44,100951,cffbd808-ca98-4061-bdd7-f22e71c2c972
2024-03-19T19:02:52.000000,view,77919,1004,computers.notebook,apple,3472.44,100951,cffbd808-ca98-4061-bdd7-f22e71c2c972
2024-03-19T19:03:31.000000,cart,77919,1004,computers.notebook,apple,3472.44,100951,cffbd808-ca98-4061-bdd7-f22e71c2c972
2024-03-19T19:24:28.000000,view,78927,1006,auto.accessories,nike,27.37,100597,7f4b195f-b72b-48d5-8dae-acd56440d590
2024-03-19T19:25:38.000000,view,78927,1006,auto.accessories,nike,27.37,100597,7f4b195f-b72b-48d5-8dae-acd56440d590
2024-03-19T20:13:38.000000,view,80434,1004,computers.notebook,lg,1801.75,100503,4c3c1f17-fa0d-42c4-862e-610d67dceda4
2024-03-19T20:15:26.000000,view,80434,1004,computers.notebook,lg,1801.75,100503,4c3c1f17-fa0d-42c4-862e-610d67dceda4
2024-03-19T23:06:39.000000,view,96806,1004,computers.notebook,xiaomi,439.11,100640,ff404526-a6d1-499a-adee-c90244620714
2024-03-20T02:01:14.000000,view,81195,1002,electronics.audio.headphone,apple,214.47,100561,047bd450-f22b-40f1-be96-3b4e176a2068
2024-03-20T02:04:12.000000,view,81195,1002,electronics.audio.headphone,apple,214.47,100561,047bd450-f22b-40f1-be96-3b4e176a2068
2024-03-20T02:41:45.000000,view,95651,1003,appliances.kitchen.refrigerators,lg,2406.1,100009,243c78db-8157-4b2d-a854-1dcdc9864e74
2024-03-20T02:42:34.000000,view,95651,1003,appliances.kitchen.refrigerators,lg,2406.1,100009,243c78db-8157-4b2d-a854-1dcdc9864e74
2024-03-20T02:43:32.000000,view,95651,1003,appliances.kitchen.refrigerators,lg,2406.1,100009,243c78db-8157-4b2d-a854-1dcdc9864e74
2024-03-20T02:44:57.000000,view,95651,1003,appliances.kitchen.refrigerators,lg,2406.1,100009,243c78db-8157-4b2d-a854-1dcdc9864e74
2024-03-20T03:39:09.000000,view,97246,1002,electronics.audio.headphone,samsung,172.1,100843,14f55228-a1a1-4c88-8c67-199cd3d07711
2024-03-20T03:42:05.000000,view,97246,1002,electronics.audio.headphone,samsung,172.1,100843,14f55228-a1a1-4c88-8c67-199cd3d07711
2024-03-20T03:42:51.000000,view,97246,1002,electronics.audio.headphone,samsung,172.1,100843,14f55228-a1a1-4c88-8c67-199cd3d07711
2024-03-20T03:43:12.000000,cart,97246,1002,electronics.audio.headphone,samsung,172.1,100843,14f55228-a1a1-4c88-8c67-199cd3d07711
2024-03-20T03:44:54.000000,purchase,97246,1002,electronics.audio.headphone,samsung,172.1,100843,14f55228-a1a1-4c88-8c67-199cd3d07711
2024-03-20T05:12:47.000000,view,55254,1005,apparel.shoes,apple,54.31,100770,3853385e-4350-4fca-af15-d02c4a1572be
2024-03-20T05:13:05.000000,view,55254,1005,apparel.shoes,apple,54.31,100770,3853385e-4350-4fca-af15-d02c4a1572be
2024-03-20T05:13:18.000000,view,55254,1005,apparel.shoes,apple,54.31,100770,3853385e-4350-4fca-af15-d02c4a1572be
2024-03-20T05:14:21.000000,cart,55254,1005,apparel.shoes,apple,54.31,100770,3853385e-4350-4fca-af15-d02c4a1572be
2024-03-20T05:20:13.000000,view,52769,1006,auto.accessories,lg,92.49,100736,144644bb-eaf2-4d6b-9fe7-07c8698bb300
2024-03-20T05:22:39.000000,view,52769,1006,auto.accessories,lg,92.49,100736,144644bb-eaf2-4d6b-9fe7-07c8698bb300
2024-03-20T05:23:14.000000,view,52769,1006,auto.accessories,lg,92.49,100736,144644bb-eaf2-4d6b-9fe7-07c8698bb300
2024-03-20T08:49:57.000000,view,86847,1004,computers.notebook,lg,3048.49,100263,e37a0434-d272-4aef-9791-f71f92b2ccdb
2024-03-20T08:51:47.000000,cart,86847,1004,computers.notebook,lg,3048.49,100263,e37a0434-d272-4aef-9791-f71f92b2ccdb
2024-03-20T12:09:47.000000,view,95922,1002,electronics.audio.headphone,lg,68.45,100784,5192a124-a8ef-48df-8581-5c266f68bcba
2024-03-20T12:10:43.000000,view,95922,1002,electronics.audio.headphone,lg,68.45,100784,5192a124-a8ef-48df-8581-5c266f68bcba
2024-03-20T12:13:11.000000,view,95922,1002,electronics.audio.headphone,lg,68.45,100784,5192a124-a8ef-48df-8581-5c266f68bcba
2024-03-20T12:13:43.000000,view,95922,1002,electronics.audio.headphone,lg,68.45,100784,5192a124-a8ef-48df-8581-5c266f68bcba
2024-03-20T15:22:12.000000,view,73315,1006,auto.accessories,bosch,29.4,100693,518ddd3a-3514-4bf6-9b53-52c43c6ea98d
2024-03-20T15:45:35.000000,view,77740,1001,electronics.smartphone,apple,797.69,100843,8a9dd4ca-39b6-4e1c-a9b0-493b7480d948
2024-03-20T15:46:29.000000,view,77740,1001,electronics.smartphone,apple,797.69,100843,8a9dd4ca-39b6-4e1c-a9b0-493b7480d948
2024-03-20T15:48:51.000000,cart,77740,1001,electronics.smartphone,apple,797.69,100843,8a9dd4ca-39b6-4e1c-a9b0-493b7480d948
2024-03-20T15:49:23.000000,purchase,77740,1001,electronics.smartphone,apple,797.69,100843,8a9dd4ca-39b6-4e1c-a9b0-493b7480d948
2024-03-20T16:12:02.000000,view,98293,1005,apparel.shoes,asus,115.8,100722,db5ddb9d-1f53-4103-aaf0-5abb36408c06
2024-03-20T16:14:33.000000,cart,98293,1005,apparel.shoes,asus,115.8,100722,db5ddb9d-1f53-4103-aaf0-5abb36408c06
2024-03-20T16:15:18.000000,purchase,98293,1005,apparel.shoes,asus,115.8,100722,db5ddb9d-1f53-4103-aaf0-5abb36408c06
2024-03-20T17:32:00.000000,view,77458,1004,computers.notebook,apple,3130.24,100518,94a71f4c-934b-412d-92e3-d378c9fc1bf5
2024-03-20T17:34:23.000000,cart,77458,1004,computers.notebook,apple,3130.24,100518,94a71f4c-934b-412d-92e3-d378c9fc1bf5
2024-03-20T17:34:38.000000,purchase,77458,1004,computers.notebook,apple,3130.24,100518,94a71f4c-934b-412d-92e3-d378c9fc1bf5
2024-03-20T18:29:20.000000,view,55791,1005,apparel.shoes,xiaomi,87.24,100976,d631d242-69b3-44d0-a085-c7b140ebc638
2024-03-20T18:29:41.000000,view,55791,1005,apparel.shoes,xiaomi,87.24,100976,d631d242-69b3-44d0-a085-c7b140ebc638
2024-03-20T19:14:33.000000,view,92743,1002,electronics.audio.headphone,xiaomi,38.13,100784,42a011b7-2e9b-47a4-b1de-ff68a25cccc1
2024-03-20T19:14:58.000000,view,92743,1002,electronics.audio.headphone,xiaomi,38.13,100784,42a011b7-2e9b-47a4-b1de-ff68a25cccc1
2024-03-20T19:15:40.000000,view,92743,1002,electronics.audio.headphone,xiaomi,38.13,100784,42a011b7-2e9b-47a4-b1de-ff68a25cccc1
2024-03-20T19:17:40.000000,view,92743,1002,electronics.audio.headphone,xiaomi,38.13,100784,42a011b7-2e9b-47a4-b1de-ff68a25cccc1
2024-03-20T22:02:17.000000,view,76227,1002,electronics.audio.headphone,bosch,76.69,100378,065bd26a-a9ef-4655-83cb-0386b1c33482
2024-03-20T22:04:15.000000,view,76227,1002,electronics.audio.headphone,bosch,76.69,100378,065bd26a-a9ef-4655-83cb-0386b1c33482
2024-03-20T22:05:07.000000,view,76227,1002,electronics.audio.headphone,bosch,76.69,100378,065bd26a-a9ef-4655-83cb-0386b1c33482
2024-03-20T23:06:18.000000,view,67722,1005,apparel.shoes,lg,111.85,100758,42022f5f-bbc5-4af7-b3e7-11b5177fcdd2
2024-03-20T23:08:23.000000,view,63579,1006,auto.accessories,apple,44.64,100310,711c30cd-3570-4c6c-9975-f7907f3f0b22
2024-03-20T23:08:37.000000,cart,67722,1005,apparel.shoes,lg,111.85,100758,42022f5f-bbc5-4af7-b3e7-11b5177fcdd2
2024-03-20T23:10:28.000000,view,63579,1006,auto.accessories,apple,44.64,100310,711c30cd-3570-4c6c-9975-f7907f3f0b22
2024-03-20T23:11:38.000000,cart,63579,1006,auto.accessories,apple,44.64,100310,711c30cd-3570-4c6c-9975-f7907f3f0b22
2024-03-20T23:12:32.000000,purchase,63579,1006,auto.accessories,apple,44.64,100310,711c30cd-3570-4c6c-9975-f7907f3f0b22
2024-03-20T23:28:07.000000,view,93039,1005,apparel.shoes,bosch,69.88,100597,79a4d395-e7d7-4805-a413-8edd28732929
2024-03-20T23:29:27.000000,view,93039,1005,apparel.shoes,bosch,69.88,100597,79a4d395-e7d7-4805-a413-8edd28732929
2024-03-20T23:31:14.000000,view,93039,1005,apparel.shoes,bosch,69.88,100597,79a4d395-e7d7-4805-a413-8edd28732929
2024-03-20T23:31:43.000000,view,93039,1005,apparel.shoes,bosch,69.88,100597,79a4d395-e7d7-4805-a413-8edd28732929
2024-03-20T23:34:30.000000,cart,93039,1005,apparel.shoes,bosch,69.88,100597,79a4d395-e7d7-4805-a413-8edd28732929
2024-03-21T04:09:25.000000,view,51871,1004,computers.notebook,asus,908.48,100430,e67e913a-bfd9-4f9b-a60b-9648b8539552
2024-03-21T04:10:51.000000,view,51871,1004,computers.notebook,asus,908.48,100430,e67e913a-bfd9-4f9b-a60b-9648b8539552
2024-03-21T06:02:56.000000,view,75047,1002,electronics.audio.headphone,asus,27.51,100978,149c58ba-0118-4c0b-b0ac-3fc7047847a8
2024-03-21T06:04:23.000000,view,56559,1004,computers.notebook,xiaomi,675.0,100561,901929e7-d1de-4f47-a2c4-fed3e152ea8c
2024-03-21T06:05:09.000000,view,75047,1002,electronics.audio.headphone,asus,27.51,100978,149c58ba-0118-4c0b-b0ac-3fc7047847a8
2024-03-21T06:07:00.000000,view,56559,1004,computers.notebook,xiaomi,675.0,100561,901929e7-d1de-4f47-a2c4-fed3e152ea8c
2024-03-21T06:07:49.000000,view,75047,1002,electronics.audio.headphone,asus,27.51,100978,149c58ba-0118-4c0b-b0ac-3fc7047847a8
2024-03-21T06:08:21.000000,cart,56559,1004,computers.notebook,xiaomi,675.0,100561,901929e7-d1de-4f47-a2c4-fed3e152ea8c
2024-03-21T06:10:05.000000,purchase,56559,1004,computers.notebook,xiaomi,675.0,100561,901929e7-d1de-4f47-a2c4-fed3e152ea8c
2024-03-21T08:26:37.000000,view,74629,1001,electronics.smartphone,xiaomi,316.12,100368,3a4d036b-fcff-460f-9ceb-f77005dc718e
2024-03-21T08:27:05.000000,view,74629,1001,electronics.smartphone,xiaomi,316.12,100368,3a4d036b-fcff-460f-9ceb-f77005dc718e
2024-03-21T08:28:12.000000,view,74629,1001,electronics.smartphone,xiaomi,316.12,100368,3a4d036b-fcff-460f-9ceb-f77005dc718e
2024-03-21T08:30:01.000000,view,74629,1001,electronics.smartphone,xiaomi,316.12,100368,3a4d036b-fcff-460f-9ceb-f77005dc718e
2024-03-21T09:54:14.000000,view,89695,1002,electronics.audio.headphone,xiaomi,97.18,100969,eae761df-7b58-462d-ba19-52785dc99136
2024-03-21T11:25:53.000000,view,94092,1005,apparel.shoes,apple,41.36,100227,12f057a8-e5b4-468e-b508-1c16ba2b64d2
2024-03-21T14:03:31.000000,view,86714,1002,electronics.audio.headphone,nike,175.39,100741,18b7138a-df96-4221-bd28-80a2340740ce
2024-03-21T14:05:46.000000,view,86714,1002,electronics.audio.headphone,nike,175.39,100741,18b7138a-df96-4221-bd28-80a2340740ce
2024-03-21T14:06:50.000000,cart,86714,1002,electronics.audio.headphone,nike,175.39,100741,18b7138a-df96-4221-bd28-80a2340740ce
2024-03-21T14:07:23.000000,purchase,86714,1002,electronics.audio.headphone,nike,175.39,100741,18b7138a-df96-4221-bd28-80a2340740ce
2024-03-21T16:29:07.000000,view,76068,1006,auto.accessories,asus,54.93,100889,5d279cfe-251d-4880-a662-c6f0fc316e59
2024-03-21T16:31:14.000000,view,76068,1006,auto.accessories,asus,54.93,100889,5d279cfe-251d-4880-a662-c6f0fc316e59
2024-03-21T16:33:31.000000,view,76068,1006,auto.accessories,asus,54.93,100889,5d279cfe-251d-4880-a662-c6f0fc316e59
2024-03-21T16:34:27.000000,cart,76068,1006,auto.accessories,asus,54.93,100889,5d279cfe-251d-4880-a662-c6f0fc316e59
2024-03-21T16:36:25.000000,purchase,76068,1006,auto.accessories,asus,54.93,100889,5d279cfe-251d-4880-a662-c6f0fc316e59
2024-03-21T17:15:36.000000,view,56481,1004,computers.notebook,nike,2228.05,100770,7c4ff52c-3fda-4d23-96dc-463ee89bcbfd
2024-03-21T17:18:32.000000,view,56481,1004,computers.notebook,nike,2228.05,100770,7c4ff52c-3fda-4d23-96dc-463ee89bcbfd
2024-03-21T17:21:04.000000,view,56481,1004,computers.notebook,nike,2228.05,100770,7c4ff52c-3fda-4d23-96dc-463ee89bcbfd
2024-03-21T17:23:00.000000,view,56481,1004,computers.notebook,nike,2228.05,100770,7c4ff52c-3fda-4d23-96dc-463ee89bcbfd
2024-03-21T19:01:00.000000,view,52470,1002,electronics.audio.headphone,xiaomi,48.65,100601,96942bb0-c1e8-4a4d-950c-686cae8a4547
2024-03-21T19:02:03.000000,view,52470,1002,electronics.audio.headphone,xiaomi,48.65,100601,96942bb0-c1e8-4a4d-950c-686cae8a4547
2024-03-21T19:03:53.000000,view,52470,1002,electronics.audio.headphone,xiaomi,48.65,100601,96942bb0-c1e8-4a4d-950c-686cae8a4547
2024-03-21T19:05:21.000000,cart,52470,1002,electronics.audio.headphone,xiaomi,48.65,100601,96942bb0-c1e8-4a4d-950c-686cae8a4547
2024-03-21T19:06:13.000000,purchase,52470,1002,electronics.audio.headphone,xiaomi,48.65,100601,96942bb0-c1e8-4a4d-950c-686cae8a4547
2024-03-21T21:06:57.000000,view,98029,1001,electronics.smartphone,apple,317.14,100394,5ef58deb-61c4-4572-a566-c78972d2bd87
2024-03-21T21:09:57.000000,cart,98029,1001,electronics.smartphone,apple,317.14,100394,5ef58deb-61c4-4572-a566-c78972d2bd87
2024-03-21T21:11:38.000000,purchase,98029,1001,electronics.smartphone,apple,317.14,100394,5ef58deb-61c4-4572-a566-c78972d2bd87
2024-03-21T22:23:14.000000,view,96332,1003,appliances.kitchen.refrigerators,asus,1608.79,100693,bf05c1a7-63a2-4372-81c5-8db2a6987c95
2024-03-21T22:24:48.000000,view,96332,1003,appliances.kitchen.refrigerators,asus,1608.79,100693,bf05c1a7-63a2-4372-81c5-8db2a6987c95
2024-03-21T22:27:27.000000,cart,96332,1003,appliances.kitchen.refrigerators,asus,1608.79,100693,bf05c1a7-63a2-4372-81c5-8db2a6987c95
2024-03-22T02:29:26.000000,view,80653,1003,appliances.kitchen.refrigerators,samsung,1390.65,100592,fc3f93f2-51a8-4f4d-ac89-25591ab65eec
2024-03-22T02:31:12.000000,view,80653,1003,appliances.kitchen.refrigerators,samsung,1390.65,100592,fc3f93f2-51a8-4f4d-ac89-25591ab65eec
2024-03-22T02:31:53.000000,view,80653,1003,appliances.kitchen.refrigerators,samsung,1390.65,100592,fc3f93f2-51a8-4f4d-ac89-25591ab65eec
2024-03-22T02:32:51.000000,cart,80653,1003,appliances.kitchen.refrigerators,samsung,1390.65,100592,fc3f93f2-51a8-4f4d-ac89-25591ab65eec
2024-03-22T04:23:21.000000,view,99844,1004,computers.notebook,samsung,3461.85,100770,c379403a-fb9c-40b8-bbfa-5c7c710401fa
2024-03-22T04:26:08.000000,view,99844,1004,computers.notebook,samsung,3461.85,100770,c379403a-fb9c-40b8-bbfa-5c7c710401fa
2024-03-22T04:26:31.000000,view,99844,1004,computers.notebook,samsung,3461.85,100770,c379403a-fb9c-40b8-bbfa-5c7c710401fa
2024-03-22T04:28:50.000000,cart,99844,1004,computers.notebook,samsung,3461.85,100770,c379403a-fb9c-40b8-bbfa-5c7c710401fa
2024-03-22T06:09:01.000000,view,70805,1006,auto.accessories,asus,60.24,100371,00eb87ca-543c-4540-ae7a-e304cae5f159
2024-03-22T06:10:12.000000,view,70805,1006,auto.accessories,asus,60.24,100371,00eb87ca-543c-4540-ae7a-e304cae5f159
2024-03-22T06:12:44.000000,view,70805,1006,auto.accessories,asus,60.24,100371,00eb87ca-543c-4540-ae7a-e304cae5f159
2024-03-22T06:14:34.000000,view,70805,1006,auto.accessories,asus,60.24,100371,00eb87ca-543c-4540-ae7a-e304cae5f159
2024-03-22T08:09:09.000000,view,51010,1005,apparel.shoes,asus,74.29,100978,9ff12dfa-2e21-426e-b1a1-f58f38b15d0c
2024-03-22T08:10:12.000000,cart,51010,1005,apparel.shoes,asus,74.29,100978,9ff12dfa-2e21-426e-b1a1-f58f38b15d0c
2024-03-22T08:13:27.000000,view,62991,1001,electronics.smartphone,samsung,975.83,100799,277529df-c69e-4367-95c3-d768249c1674
2024-03-22T09:36:05.000000,view,75196,1005,apparel.shoes,lg,126.72,100597,125bc980-817d-4150-aa8d-f136825c57be
2024-03-22T09:38:24.000000,view,75196,1005,apparel.shoes,lg,126.72,100597,125bc980-817d-4150-aa8d-f136825c57be
2024-03-22T09:40:41.000000,view,75196,1005,apparel.shoes,lg,126.72,100597,125bc980-817d-4150-aa8d-f136825c57be
2024-03-22T09:41:30.000000,view,75196,1005,apparel.shoes,lg,126.72,100597,125bc980-817d-4150-aa8d-f136825c57be
2024-03-22T09:42:13.000000,cart,75196,1005,apparel.shoes,lg,126.72,100597,125bc980-817d-4150-aa8d-f136825c57be
2024-03-22T09:43:41.000000,purchase,75196,1005,apparel.shoes,lg,126.72,100597,125bc980-817d-4150-aa8d-f136825c57be
2024-03-22T10:48:09.000000,view,69585,1002,electronics.audio.headphone,asus,182.87,100456,7b3df32d-1975-48a4-ac05-533fc3de6e92
2024-03-22T10:50:11.000000,cart,69585,1002,electronics.audio.headphone,asus,182.87,100456,7b3df32d-1975-48a4-ac05-533fc3de6e92
2024-03-22T12:11:30.000000,view,89200,1006,auto.accessories,xiaomi,121.6,100848,091f0a5b-b712-42d8-8747-4734d4376c4a
2024-03-22T12:13:25.000000,view,92090,1001,electronics.smartphone,samsung,996.24,100223,4bedca6e-5d5d-4d7a-bdd1-f61a893329cb
2024-03-22T12:14:13.000000,view,89200,1006,auto.accessories,xiaomi,121.6,100848,091f0a5b-b712-42d8-8747-4734d4376c4a
2024-03-22T12:16:09.000000,view,92090,1001,electronics.smartphone,samsung,996.24,100223,4bedca6e-5d5d-4d7a-bdd1-f61a893329cb
2024-03-22T12:16:32.000000,view,89200,1006,auto.accessories,xiaomi,121.6,100848,091f0a5b-b712-42d8-8747-4734d4376c4a
2024-03-22T12:18:07.000000,view,92090,1001,electronics.smartphone,samsung,996.24,100223,4bedca6e-5d5d-4d7a-bdd1-f61a893329cb
2024-03-22T12:18:31.000000,cart,89200,1006,auto.accessories,xiaomi,121.6,100848,091f0a5b-b712-42d8-8747-4734d4376c4a
2024-03-22T12:20:56.000000,view,92090,1001,electronics.smartphone,samsung,996.24,100223,4bedca6e-5d5d-4d7a-bdd1-f61a893329cb
2024-03-22T16:32:09.000000,view,80464,1006,auto.accessories,asus,29.73,100368,5fc7cd62-3d96-43ff-86b2-11d5e299fab2
2024-03-22T16:32:46.000000,view,80464,1006,auto.accessories,asus,29.73,100368,5fc7cd62-3d96-43ff-86b2-11d5e299fab2
2024-03-22T17:07:31.000000,view,54228,1002,electronics.audio.headphone,samsung,41.7,100573,8891cb22-521a-49e9-aa85-8210ea4ffe20
2024-03-22T20:04:14.000000,view,87996,1001,electronics.smartphone,samsung,210.41,100789,02d056f2-688e-4abc-a7ed-77515db89c12
2024-03-22T20:06:57.000000,view,87996,1001,electronics.smartphone,samsung,210.41,100789,02d056f2-688e-4abc-a7ed-77515db89c12
2024-03-22T20:08:47.000000,view,87996,1001,electronics.smartphone,samsung,210.41,100789,02d056f2-688e-4abc-a7ed-77515db89c12
2024-03-22T20:44:33.000000,view,94666,1005,apparel.shoes,xiaomi,123.9,100597,b2415e07-d9ae-4740-b3cf-8537d2bbd5bb
2024-03-22T20:47:27.000000,view,94666,1005,apparel.shoes,xiaomi,123.9,100597,b2415e07-d9ae-4740-b3cf-8537d2bbd5bb
2024-03-22T20:48:24.000000,view,94666,1005,apparel.shoes,xiaomi,123.9,100597,b2415e07-d9ae-4740-b3cf-8537d2bbd5bb
2024-03-22T20:51:14.000000,view,94666,1005,apparel.shoes,xiaomi,123.9,100597,b2415e07-d9ae-4740-b3cf-8537d2bbd5bb
2024-03-22T20:52:24.000000,cart,94666,1005,apparel.shoes,xiaomi,123.9,100597,b2415e07-d9ae-4740-b3cf-8537d2bbd5bb
2024-03-22T20:54:08.000000,purchase,94666,1005,apparel.shoes,xiaomi,123.9,100597,b2415e07-d9ae-4740-b3cf-8537d2bbd5bb
2024-03-22T22:04:00.000000,view,81318,1005,apparel.shoes,xiaomi,50.69,100526,347321a1-d756-44ff-97d7-6f06758e3f8c
2024-03-22T22:06:39.000000,view,81318,1005,apparel.shoes,xiaomi,50.69,100526,347321a1-d756-44ff-97d7-6f06758e3f8c
2024-03-22T22:08:34.000000,cart,81318,1005,apparel.shoes,xiaomi,50.69,100526,347321a1-d756-44ff-97d7-6f06758e3f8c
2024-03-22T22:08:54.000000,purchase,81318,1005,apparel.shoes,xiaomi,50.69,100526,347321a1-d756-44ff-97d7-6f06758e3f8c
2024-03-22T22:34:37.000000,view,72441,1001,electronics.smartphone,xiaomi,1196.26,100368,a2d53252-c185-4227-abb3-624010027619
2024-03-22T22:35:41.000000,view,72441,1001,electronics.smartphone,xiaomi,1196.26,100368,a2d53252-c185-4227-abb3-624010027619
2024-03-22T22:37:52.000000,view,72441,1001,electronics.smartphone,xiaomi,1196.26,100368,a2d53252-c185-4227-abb3-624010027619
2024-03-22T22:38:31.000000,view,72441,1001,electronics.smartphone,xiaomi,1196.26,100368,a2d53252-c185-4227-abb3-624010027619
2024-03-23T02:12:26.000000,view,62280,1002,electronics.audio.headphone,apple,143.52,100096,2f38a176-aa65-41b5-bdb5-fead4a135892
2024-03-23T02:13:02.000000,view,62280,1002,electronics.audio.headphone,apple,143.52,100096,2f38a176-aa65-41b5-bdb5-fead4a135892
2024-03-23T02:13:18.000000,view,62280,1002,electronics.audio.headphone,apple,143.52,100096,2f38a176-aa65-41b5-bdb5-fead4a135892
2024-03-23T02:13:50.000000,view,62280,1002,electronics.audio.headphone,apple,143.52,100096,2f38a176-aa65-41b5-bdb5-fead4a135892
2024-03-23T02:19:09.000000,view,73256,1001,electronics.smartphone,xiaomi,383.42,100818,d1ede5dd-6c83-4551-a0b1-c0b628729133
2024-03-23T02:20:24.000000,view,73256,1001,electronics.smartphone,xiaomi,383.42,100818,d1ede5dd-6c83-4551-a0b1-c0b628729133
2024-03-23T02:22:42.000000,view,73256,1001,electronics.smartphone,xiaomi,383.42,100818,d1ede5dd-6c83-4551-a0b1-c0b628729133
2024-03-23T02:23:12.000000,view,73256,1001,electronics.smartphone,xiaomi,383.42,100818,d1ede5dd-6c83-4551-a0b1-c0b628729133
2024-03-23T07:15:33.000000,view,58445,1005,apparel.shoes,lg,190.3,100371,dfdfd567-5ca0-47b8-a0e0-f7a30f1001a2
2024-03-23T07:16:27.000000,view,58445,1005,apparel.shoes,lg,190.3,100371,dfdfd567-5ca0-47b8-a0e0-f7a30f1001a2
2024-03-23T07:18:20.000000,view,58445,1005,apparel.shoes,lg,190.3,100371,dfdfd567-5ca0-47b8-a0e0-f7a30f1001a2
2024-03-23T07:19:51.000000,view,58445,1005,apparel.shoes,lg,190.3,100371,dfdfd567-5ca0-47b8-a0e0-f7a30f1001a2
2024-03-23T07:22:13.000000,cart,58445,1005,apparel.shoes,lg,190.3,100371,dfdfd567-5ca0-47b8-a0e0-f7a30f1001a2
2024-03-23T07:22:57.000000,purchase,58445,1005,apparel.shoes,lg,190.3,100371,dfdfd567-5ca0-47b8-a0e0-f7a30f1001a2
2024-03-23T08:02:59.000000,view,64287,1002,electronics.audio.headphone,lg,64.68,100269,86e02577-a7f2-431a-8f3d-3109e5cca58a
2024-03-23T08:04:03.000000,view,64287,1002,electronics.audio.headphone,lg,64.68,100269,86e02577-a7f2-431a-8f3d-3109e5cca58a
2024-03-23T09:12:31.000000,view,61403,1002,electronics.audio.headphone,apple,225.24,100394,b162f180-a06d-4518-92fa-3b03cda8f225
2024-03-23T09:14:28.000000,view,61403,1002,electronics.audio.headphone,apple,225.24,100394,b162f180-a06d-4518-92fa-3b03cda8f225
2024-03-23T09:14:54.000000,view,61403,1002,electronics.audio.headphone,apple,225.24,100394,b162f180-a06d-4518-92fa-3b03cda8f225
2024-03-23T09:15:19.000000,view,61403,1002,electronics.audio.headphone,apple,225.24,100394,b162f180-a06d-4518-92fa-3b03cda8f225
2024-03-23T09:18:05.000000,cart,61403,1002,electronics.audio.headphone,apple,225.24,100394,b162f180-a06d-4518-92fa-3b03cda8f225
2024-03-23T09:21:28.000000,view,60646,1001,electronics.smartphone,xiaomi,742.16,100095,f104eb9c-0e90-4e64-ab8e-93b3b71f4fe2
2024-03-23T09:23:53.000000,view,75690,1006,auto.accessories,asus,128.81,100371,7481da3a-a8a5-49c8-b454-0501d00591d6
2024-03-23T09:23:56.000000,view,60646,1001,electronics.smartphone,xiaomi,742.16,100095,f104eb9c-0e90-4e64-ab8e-93b3b71f4fe2
2024-03-23T09:25:30.000000,view,60646,1001,electronics.smartphone,xiaomi,742.16,100095,f104eb9c-0e90-4e64-ab8e-93b3b71f4fe2
2024-03-23T09:26:24.000000,view,75690,1006,auto.accessories,asus,128.81,100371,7481da3a-a8a5-49c8-b454-0501d00591d6
2024-03-23T09:27:14.000000,view,75690,1006,auto.accessories,asus,128.81,100371,7481da3a-a8a5-49c8-b454-0501d00591d6
2024-03-23T09:27:18.000000,view,60646,1001,electronics.smartphone,xiaomi,742.16,100095,f104eb9c-0e90-4e64-ab8e-93b3b71f4fe2
2024-03-23T09:28:46.000000,cart,75690,1006,auto.accessories,asus,128.81,100371,7481da3a-a8a5-49c8-b454-0501d00591d6
2024-03-23T09:29:12.000000,purchase,75690,1006,auto.accessories,asus,128.81,100371,7481da3a-a8a5-49c8-b454-0501d00591d6
2024-03-23T11:46:02.000000,view,70552,1001,electronics.smartphone,nike,210.02,100009,2aa9de00-c81e-418f-b970-e75ecb6d3d32
2024-03-23T11:48:20.000000,view,70552,1001,electronics.smartphone,nike,210.02,100009,2aa9de00-c81e-418f-b970-e75ecb6d3d32
2024-03-23T11:50:45.000000,view,70552,1001,electronics.smartphone,nike,210.02,100009,2aa9de00-c81e-418f-b970-e75ecb6d3d32
2024-03-23T11:51:35.000000,view,70552,1001,electronics.smartphone,nike,210.02,100009,2aa9de00-c81e-418f-b970-e75ecb6d3d32
2024-03-23T14:16:35.000000,view,89127,1003,appliances.kitchen.refrigerators,xiaomi,983.62,100386,df6d79f0-4f25-433b-99ea-c5a50e4791cb
2024-03-23T14:18:07.000000,view,89127,1003,appliances.kitchen.refrigerators,xiaomi,983.62,100386,df6d79f0-4f25-433b-99ea-c5a50e4791cb
2024-03-23T14:20:45.000000,view,89127,1003,appliances.kitchen.refrigerators,xiaomi,983.62,100386,df6d79f0-4f25-433b-99ea-c5a50e4791cb
2024-03-23T14:21:30.000000,view,89127,1003,appliances.kitchen.refrigerators,xiaomi,983.62,100386,df6d79f0-4f25-433b-99ea-c5a50e4791cb
2024-03-23T14:22:31.000000,cart,89127,1003,appliances.kitchen.refrigerators,xiaomi,983.62,100386,df6d79f0-4f25-433b-99ea-c5a50e4791cb
2024-03-23T14:51:59.000000,view,54453,1001,electronics.smartphone,asus,858.97,100009,b9920360-2ad3-445a-a2d7-ff887aa4a8e6
2024-03-23T14:53:17.000000,view,54025,1003,appliances.kitchen.refrigerators,xiaomi,361.92,100263,a26f97bd-1939-4d98-a5f0-7ecb98b9041a
2024-03-23T14:53:52.000000,view,54453,1001,electronics.smartphone,asus,858.97,100009,b9920360-2ad3-445a-a2d7-ff887aa4a8e6
2024-03-23T15:18:24.000000,view,51930,1005,apparel.shoes,nike,187.77,100394,2ac5e7c5-2389-4fc0-ad5f-e6d184243233
2024-03-23T15:19:01.000000,view,51930,1005,apparel.shoes,nike,187.77,100394,2ac5e7c5-2389-4fc0-ad5f-e6d184243233
2024-03-23T15:21:06.000000,view,51930,1005,apparel.shoes,nike,187.77,100394,2ac5e7c5-2389-4fc0-ad5f-e6d184243233
2024-03-23T15:22:52.000000,cart,51930,1005,apparel.shoes,nike,187.77,100394,2ac5e7c5-2389-4fc0-ad5f-e6d184243233
2024-03-23T17:12:04.000000,view,71145,1005,apparel.shoes,bosch,156.78,100978,28a20bcf-456c-490d-b71d-862ecf33a75b
2024-03-23T17:14:39.000000,view,71145,1005,apparel.shoes,bosch,156.78,100978,28a20bcf-456c-490d-b71d-862ecf33a75b
2024-03-23T17:16:03.000000,cart,71145,1005,apparel.shoes,bosch,156.78,100978,28a20bcf-456c-490d-b71d-862ecf33a75b
2024-03-23T18:20:20.000000,view,68487,1001,electronics.smartphone,bosch,777.08,100848,1d8d6934-856a-40ca-959c-ad33e7313d1e
2024-03-23T18:21:06.000000,view,68487,1001,electronics.smartphone,bosch,777.08,100848,1d8d6934-856a-40ca-959c-ad33e7313d1e
2024-03-23T19:04:09.000000,view,82611,1002,electronics.audio.headphone,bosch,152.46,100545,a3994b5f-5a40-4871-8c60-c16ea80b4c84
2024-03-23T19:05:41.000000,view,82611,1002,electronics.audio.headphone,bosch,152.46,100545,a3994b5f-5a40-4871-8c60-c16ea80b4c84
2024-03-23T19:07:46.000000,view,82611,1002,electronics.audio.headphone,bosch,152.46,100545,a3994b5f-5a40-4871-8c60-c16ea80b4c84
2024-03-23T19:08:30.000000,view,82611,1002,electronics.audio.headphone,bosch,152.46,100545,a3994b5f-5a40-4871-8c60-c16ea80b4c84
2024-03-23T20:08:22.000000,view,87184,1006,auto.accessories,apple,109.33,100906,11b88314-b54b-4f49-ad3e-8595f9b00206
2024-03-23T20:09:53.000000,view,87184,1006,auto.accessories,apple,109.33,100906,11b88314-b54b-4f49-ad3e-8595f9b00206
2024-03-23T20:10:19.000000,view,87184,1006,auto.accessories,apple,109.33,100906,11b88314-b54b-4f49-ad3e-8595f9b00206
2024-03-23T20:13:16.000000,view,77913,1006,auto.accessories,lg,96.91,100782,d4da3de2-54c2-4690-adc3-038e0f7d8e85
2024-03-23T20:13:53.000000,view,77913,1006,auto.accessories,lg,96.91,100782,d4da3de2-54c2-4690-adc3-038e0f7d8e85
2024-03-23T20:15:51.000000,view,77913,1006,auto.accessories,lg,96.91,100782,d4da3de2-54c2-4690-adc3-038e0f7d8e85
2024-03-23T20:16:43.000000,view,77913,1006,auto.accessories,lg,96.91,100782,d4da3de2-54c2-4690-adc3-038e0f7d8e85
2024-03-23T20:21:52.000000,view,64794,1004,computers.notebook,xiaomi,975.95,100223,59f6864e-2495-48d5-a18e-93ff1b00bca3
2024-03-23T20:24:28.000000,view,94489,1004,computers.notebook,lg,1286.88,100394,32f6cb4b-3f43-419a-b675-4809a6bc9c08
2024-03-23T20:25:19.000000,view,94489,1004,computers.notebook,lg,1286.88,100394,32f6cb4b-3f43-419a-b675-4809a6bc9c08
2024-03-23T20:35:18.000000,view,94827,1006,auto.accessories,samsung,110.82,100518,5091a0d7-6066-4d75-b5dd-6fe3eeeef246
2024-03-23T20:37:33.000000,view,94827,1006,auto.accessories,samsung,110.82,100518,5091a0d7-6066-4d75-b5dd-6fe3eeeef246
2024-03-23T20:38:12.000000,view,94827,1006,auto.accessories,samsung,110.82,100518,5091a0d7-6066-4d75-b5dd-6fe3eeeef246
2024-03-23T23:33:20.000000,view,95674,1003,appliances.kitchen.refrigerators,lg,2041.13,100176,a0bde6d5-fbb9-4bab-89dc-dece3208048e
2024-03-23T23:33:50.000000,view,95674,1003,appliances.kitchen.refrigerators,lg,2041.13,100176,a0bde6d5-fbb9-4bab-89dc-dece3208048e
2024-03-23T23:34:37.000000,view,95674,1003,appliances.kitchen.refrigerators,lg,2041.13,100176,a0bde6d5-fbb9-4bab-89dc-dece3208048e
2024-03-23T23:35:01.000000,cart,95674,1003,appliances.kitchen.refrigerators,lg,2041.13,100176,a0bde6d5-fbb9-4bab-89dc-dece3208048e
2024-03-23T23:36:06.000000,purchase,95674,1003,appliances.kitchen.refrigerators,lg,2041.13,100176,a0bde6d5-fbb9-4bab-89dc-dece3208048e
2024-03-24T00:06:35.000000,view,57023,1002,electronics.audio.headphone,lg,229.88,100378,ed2a6c85-c3b3-4812-abae-35d1cd896403
2024-03-24T00:06:49.000000,view,57023,1002,electronics.audio.headphone,lg,229.88,100378,ed2a6c85-c3b3-4812-abae-35d1cd896403
2024-03-24T00:08:56.000000,cart,57023,1002,electronics.audio.headphone,lg,229.88,100378,ed2a6c85-c3b3-4812-abae-35d1cd896403
2024-03-24T00:09:14.000000,purchase,57023,1002,electronics.audio.headphone,lg,229.88,100378,ed2a6c85-c3b3-4812-abae-35d1cd896403
2024-03-24T01:17:33.000000,view,53131,1005,apparel.shoes,nike,193.13,100978,4e60ace6-0944-40ce-951d-18463ac5a4ae
2024-03-24T01:19:01.000000,view,53131,1005,apparel.shoes,nike,193.13,100978,4e60ace6-0944-40ce-951d-18463ac5a4ae
2024-03-24T01:21:03.000000,cart,53131,1005,apparel.shoes,nike,193.13,100978,4e60ace6-0944-40ce-951d-18463ac5a4ae
2024-03-24T01:21:59.000000,view,75421,1003,appliances.kitchen.refrigerators,samsung,1180.4,100913,90cdc90d-960e-4c23-a409-26ca8089f3ed
2024-03-24T01:22:33.000000,view,75421,1003,appliances.kitchen.refrigerators,samsung,1180.4,100913,90cdc90d-960e-4c23-a409-26ca8089f3ed
2024-03-24T04:28:12.000000,view,58959,1006,auto.accessories,apple,91.27,100862,0902b73f-495a-466c-bc56-bb8068bf7710
2024-03-24T04:36:41.000000,view,50826,1004,computers.notebook,bosch,778.08,100176,238c3602-d32c-4b74-8dec-d594520e04fe
2024-03-24T04:38:29.000000,view,50826,1004,computers.notebook,bosch,778.08,100176,238c3602-d32c-4b74-8dec-d594520e04fe
2024-03-24T04:40:32.000000,cart,50826,1004,computers.notebook,bosch,778.08,100176,238c3602-d32c-4b74-8dec-d594520e04fe
2024-03-24T04:40:51.000000,purchase,50826,1004,computers.notebook,bosch,778.08,100176,238c3602-d32c-4b74-8dec-d594520e04fe
2024-03-24T05:09:20.000000,view,62287,1003,appliances.kitchen.refrigerators,lg,625.68,100758,c70d0a84-28b9-4436-9667-be6a01fdf914
2024-03-24T05:10:13.000000,cart,62287,1003,appliances.kitchen.refrigerators,lg,625.68,100758,c70d0a84-28b9-4436-9667-be6a01fdf914
2024-03-24T05:10:49.000000,purchase,62287,1003,appliances.kitchen.refrigerators,lg,625.68,100758,c70d0a84-28b9-4436-9667-be6a01fdf914
2024-03-24T05:17:07.000000,view,68936,1003,appliances.kitchen.refrigerators,apple,890.05,100782,5d05878d-ec94-46c2-93f5-aacb1337d155
2024-03-24T05:19:44.000000,view,68936,1003,appliances.kitchen.refrigerators,apple,890.05,100782,5d05878d-ec94-46c2-93f5-aacb1337d155
2024-03-24T05:22:15.000000,view,68936,1003,appliances.kitchen.refrigerators,apple,890.05,100782,5d05878d-ec94-46c2-93f5-aacb1337d155
2024-03-24T05:23:24.000000,view,68936,1003,appliances.kitchen.refrigerators,apple,890.05,100782,5d05878d-ec94-46c2-93f5-aacb1337d155
2024-03-24T05:23:42.000000,cart,68936,1003,appliances.kitchen.refrigerators,apple,890.05,100782,5d05878d-ec94-46c2-93f5-aacb1337d155
2024-03-24T05:31:15.000000,view,59661,1001,electronics.smartphone,nike,1109.2,100976,feb5ba73-b19a-4784-ae00-d0bf15c79d29
2024-03-24T05:31:29.000000,view,59661,1001,electronics.smartphone,nike,1109.2,100976,feb5ba73-b19a-4784-ae00-d0bf15c79d29
2024-03-24T05:33:16.000000,view,59661,1001,electronics.smartphone,nike,1109.2,100976,feb5ba73-b19a-4784-ae00-d0bf15c79d29
2024-03-24T05:33:37.000000,view,59661,1001,electronics.smartphone,nike,1109.2,100976,feb5ba73-b19a-4784-ae00-d0bf15c79d29
2024-03-24T06:09:18.000000,view,76399,1006,auto.accessories,asus,147.47,100779,fbe471c5-c9b3-46b6-9fa6-3a2af7c62125
2024-03-24T06:10:15.000000,view,76399,1006,auto.accessories,asus,147.47,100779,fbe471c5-c9b3-46b6-9fa6-3a2af7c62125
2024-03-24T06:12:47.000000,view,76399,1006,auto.accessories,asus,147.47,100779,fbe471c5-c9b3-46b6-9fa6-3a2af7c62125
2024-03-24T06:15:09.000000,view,76399,1006,auto.accessories,asus,147.47,100779,fbe471c5-c9b3-46b6-9fa6-3a2af7c62125
2024-03-24T06:18:07.000000,view,71173,1004,computers.notebook,samsung,1987.66,100965,d08ceecb-482e-48c1-81d6-0fb9558a3091
2024-03-24T06:18:21.000000,view,71173,1004,computers.notebook,samsung,1987.66,100965,d08ceecb-482e-48c1-81d6-0fb9558a3091
2024-03-24T06:18:52.000000,cart,71173,1004,computers.notebook,samsung,1987.66,100965,d08ceecb-482e-48c1-81d6-0fb9558a3091
2024-03-24T08:35:00.000000,view,77427,1003,appliances.kitchen.refrigerators,apple,2022.99,100976,2ad69f1b-6b22-45ea-bb3f-17a52e70339f
2024-03-24T08:37:12.000000,view,77427,1003,appliances.kitchen.refrigerators,apple,2022.99,100976,2ad69f1b-6b22-45ea-bb3f-17a52e70339f
2024-03-24T08:38:29.000000,view,77427,1003,appliances.kitchen.refrigerators,apple,2022.99,100976,2ad69f1b-6b22-45ea-bb3f-17a52e70339f
2024-03-24T10:09:08.000000,view,50733,1006,auto.accessories,lg,65.2,100526,1034f764-13e6-48a2-aa5f-9dca46f39e14
2024-03-24T11:08:59.000000,view,54170,1001,electronics.smartphone,lg,614.05,100864,be6f7345-9b16-406d-96fe-2d053de7e8b0
2024-03-24T11:09:12.000000,view,54170,1001,electronics.smartphone,lg,614.05,100864,be6f7345-9b16-406d-96fe-2d053de7e8b0
2024-03-24T11:10:03.000000,view,54170,1001,electronics.smartphone,lg,614.05,100864,be6f7345-9b16-406d-96fe-2d053de7e8b0
2024-03-24T11:10:55.000000,cart,54170,1001,electronics.smartphone,lg,614.05,100864,be6f7345-9b16-406d-96fe-2d053de7e8b0
2024-03-24T11:12:35.000000,purchase,54170,1001,electronics.smartphone,lg,614.05,100864,be6f7345-9b16-406d-96fe-2d053de7e8b0
2024-03-24T11:15:30.000000,view,92330,1006,auto.accessories,xiaomi,26.95,100288,ce8099c4-8f12-4d55-970c-669d0642e924
2024-03-24T11:15:46.000000,view,92330,1006,auto.accessories,xiaomi,26.95,100288,ce8099c4-8f12-4d55-970c-669d0642e924
2024-03-24T16:23:39.000000,view,91177,1003,appliances.kitchen.refrigerators,asus,1314.54,100386,a2e573b2-d49e-4350-b938-edd6b7da509f
2024-03-24T16:25:25.000000,view,91177,1003,appliances.kitchen.refrigerators,asus,1314.54,100386,a2e573b2-d49e-4350-b938-edd6b7da509f
2024-03-24T16:27:26.000000,cart,91177,1003,appliances.kitchen.refrigerators,asus,1314.54,100386,a2e573b2-d49e-4350-b938-edd6b7da509f
2024-03-24T16:28:48.000000,purchase,91177,1003,appliances.kitchen.refrigerators,asus,1314.54,100386,a2e573b2-d49e-4350-b938-edd6b7da509f
2024-03-24T18:05:23.000000,view,84961,1001,electronics.smartphone,lg,543.44,100269,b48b952e-bc83-413b-8df7-52a472c98878
2024-03-24T20:36:48.000000,view,66418,1006,auto.accessories,samsung,38.5,100889,36d6ee25-882d-480c-a242-7b25abb0af06
2024-03-24T20:39:09.000000,view,66418,1006,auto.accessories,samsung,38.5,100889,36d6ee25-882d-480c-a242-7b25abb0af06
2024-03-24T20:39:20.000000,view,66418,1006,auto.accessories,samsung,38.5,100889,36d6ee25-882d-480c-a242-7b25abb0af06
2024-03-24T20:39:38.000000,cart,66418,1006,auto.accessories,samsung,38.5,100889,36d6ee25-882d-480c-a242-7b25abb0af06
2024-03-24T22:26:06.000000,view,64379,1004,computers.notebook,xiaomi,2648.28,100227,93f2e987-64f3-42f6-b34c-7c8527c82a0c
2024-03-24T22:27:05.000000,view,64379,1004,computers.notebook,xiaomi,2648.28,100227,93f2e987-64f3-42f6-b34c-7c8527c82a0c
2024-03-24T22:27:23.000000,view,64379,1004,computers.notebook,xiaomi,2648.28,100227,93f2e987-64f3-42f6-b34c-7c8527c82a0c
2024-03-25T00:42:42.000000,view,70644,1003,appliances.kitchen.refrigerators,xiaomi,2337.29,100117,e6007901-e8c4-477b-abaa-186e09c03cbf
2024-03-25T00:44:15.000000,view,70644,1003,appliances.kitchen.refrigerators,xiaomi,2337.29,100117,e6007901-e8c4-477b-abaa-186e09c03cbf
2024-03-25T00:45:46.000000,view,70644,1003,appliances.kitchen.refrigerators,xiaomi,2337.29,100117,e6007901-e8c4-477b-abaa-186e09c03cbf
2024-03-25T00:47:51.000000,view,70644,1003,appliances.kitchen.refrigerators,xiaomi,2337.29,100117,e6007901-e8c4-477b-abaa-186e09c03cbf
2024-03-25T00:49:10.000000,cart,70644,1003,appliances.kitchen.refrigerators,xiaomi,2337.29,100117,e6007901-e8c4-477b-abaa-186e09c03cbf
2024-03-25T00:49:50.000000,purchase,70644,1003,appliances.kitchen.refrigerators,xiaomi,2337.29,100117,e6007901-e8c4-477b-abaa-186e09c03cbf
2024-03-25T07:33:15.000000,view,53223,1003,appliances.kitchen.refrigerators,asus,1897.17,100592,ffce6cee-8b14-41a7-a1f5-a1e9cd37e1d5
2024-03-25T07:35:53.000000,view,53223,1003,appliances.kitchen.refrigerators,asus,1897.17,100592,ffce6cee-8b14-41a7-a1f5-a1e9cd37e1d5
2024-03-25T07:37:25.000000,cart,53223,1003,appliances.kitchen.refrigerators,asus,1897.17,100592,ffce6cee-8b14-41a7-a1f5-a1e9cd37e1d5
2024-03-25T07:38:30.000000,purchase,53223,1003,appliances.kitchen.refrigerators,asus,1897.17,100592,ffce6cee-8b14-41a7-a1f5-a1e9cd37e1d5
2024-03-25T10:03:06.000000,view,84807,1001,electronics.smartphone,lg,564.04,100242,ed561d60-1d8a-417b-81f1-c90ab54c9d13
2024-03-25T11:05:11.000000,view,76648,1006,auto.accessories,nike,143.24,100242,b6a5a5d6-b19f-48e2-8c26-2fa9bc4b592a
2024-03-25T11:06:52.000000,view,76648,1006,auto.accessories,nike,143.24,100242,b6a5a5d6-b19f-48e2-8c26-2fa9bc4b592a
2024-03-25T11:08:17.000000,cart,76648,1006,auto.accessories,nike,143.24,100242,b6a5a5d6-b19f-48e2-8c26-2fa9bc4b592a
2024-03-25T11:08:43.000000,purchase,76648,1006,auto.accessories,nike,143.24,100242,b6a5a5d6-b19f-48e2-8c26-2fa9bc4b592a
2024-03-25T13:24:29.000000,view,61582,1006,auto.accessories,xiaomi,49.56,100357,049ff01f-0250-4089-a88d-43e360a99fa6
2024-03-25T15:19:05.000000,view,67128,1003,appliances.kitchen.refrigerators,nike,2455.21,100294,ec2d2382-2e91-4ef4-90c0-93ddda9daab3
2024-03-25T15:20:24.000000,view,67128,1003,appliances.kitchen.refrigerators,nike,2455.21,100294,ec2d2382-2e91-4ef4-90c0-93ddda9daab3
2024-03-25T15:21:36.000000,view,67128,1003,appliances.kitchen.refrigerators,nike,2455.21,100294,ec2d2382-2e91-4ef4-90c0-93ddda9daab3
2024-03-25T15:24:35.000000,view,67128,1003,appliances.kitchen.refrigerators,nike,2455.21,100294,ec2d2382-2e91-4ef4-90c0-93ddda9daab3
2024-03-25T15:26:07.000000,cart,67128,1003,appliances.kitchen.refrigerators,nike,2455.21,100294,ec2d2382-2e91-4ef4-90c0-93ddda9daab3
2024-03-25T17:11:40.000000,view,50953,1002,electronics.audio.headphone,bosch,123.8,100758,1b7b5db8-9c90-49ec-884e-d59f88d75093
2024-03-25T17:11:50.000000,view,50953,1002,electronics.audio.headphone,bosch,123.8,100758,1b7b5db8-9c90-49ec-884e-d59f88d75093
2024-03-25T17:12:53.000000,view,50953,1002,electronics.audio.headphone,bosch,123.8,100758,1b7b5db8-9c90-49ec-884e-d59f88d75093
2024-03-25T17:13:58.000000,cart,50953,1002,electronics.audio.headphone,bosch,123.8,100758,1b7b5db8-9c90-49ec-884e-d59f88d75093
2024-03-25T17:14:15.000000,purchase,50953,1002,electronics.audio.headphone,bosch,123.8,100758,1b7b5db8-9c90-49ec-884e-d59f88d75093
2024-03-25T18:40:34.000000,view,97055,1003,appliances.kitchen.refrigerators,apple,1575.06,100976,ca925182-f66f-46bf-8e72-35baeef50121
2024-03-25T18:41:05.000000,view,97055,1003,appliances.kitchen.refrigerators,apple,1575.06,100976,ca925182-f66f-46bf-8e72-35baeef50121
2024-03-25T18:43:57.000000,view,97055,1003,appliances.kitchen.refrigerators,apple,1575.06,100976,ca925182-f66f-46bf-8e72-35baeef50121
2024-03-25T19:09:46.000000,view,58982,1001,electronics.smartphone,xiaomi,485.51,100526,50fd996e-b805-49c7-b539-ff45e18aa01f
2024-03-25T19:11:58.000000,view,58982,1001,electronics.smartphone,xiaomi,485.51,100526,50fd996e-b805-49c7-b539-ff45e18aa01f
2024-03-25T19:13:02.000000,cart,58982,1001,electronics.smartphone,xiaomi,485.51,100526,50fd996e-b805-49c7-b539-ff45e18aa01f
2024-03-25T19:14:17.000000,purchase,58982,1001,electronics.smartphone,xiaomi,485.51,100526,50fd996e-b805-49c7-b539-ff45e18aa01f
2024-03-25T19:51:39.000000,view,69098,1005,apparel.shoes,bosch,150.33,100456,4cc3fb31-ed78-469a-b69c-721040805642
2024-03-25T19:52:06.000000,view,69098,1005,apparel.shoes,bosch,150.33,100456,4cc3fb31-ed78-469a-b69c-721040805642
2024-03-25T20:31:50.000000,view,75114,1006,auto.accessories,apple,77.1,100991,6d4c1e6d-67a0-46b6-ab35-b8394f332bcc
2024-03-25T20:34:27.000000,view,75114,1006,auto.accessories,apple,77.1,100991,6d4c1e6d-67a0-46b6-ab35-b8394f332bcc
2024-03-25T20:34:45.000000,view,75114,1006,auto.accessories,apple,77.1,100991,6d4c1e6d-67a0-46b6-ab35-b8394f332bcc
2024-03-25T21:24:15.000000,view,80228,1003,appliances.kitchen.refrigerators,apple,561.98,100729,666321eb-b061-401e-a377-dba8ef57e109
2024-03-25T21:26:51.000000,view,80228,1003,appliances.kitchen.refrigerators,apple,561.98,100729,666321eb-b061-401e-a377-dba8ef57e109
2024-03-25T21:28:58.000000,view,80228,1003,appliances.kitchen.refrigerators,apple,561.98,100729,666321eb-b061-401e-a377-dba8ef57e109
2024-03-25T21:29:59.000000,cart,80228,1003,appliances.kitchen.refrigerators,apple,561.98,100729,666321eb-b061-401e-a377-dba8ef57e109
2024-03-25T21:31:31.000000,purchase,80228,1003,appliances.kitchen.refrigerators,apple,561.98,100729,666321eb-b061-401e-a377-dba8ef57e109
2024-03-25T22:06:54.000000,view,59496,1003,appliances.kitchen.refrigerators,bosch,1098.6,100269,c563344a-2620-4464-a074-ff3cc1fcebca
2024-03-25T22:08:22.000000,view,59496,1003,appliances.kitchen.refrigerators,bosch,1098.6,100269,c563344a-2620-4464-a074-ff3cc1fcebca
2024-03-25T22:08:37.000000,view,59496,1003,appliances.kitchen.refrigerators,bosch,1098.6,100269,c563344a-2620-4464-a074-ff3cc1fcebca
2024-03-26T02:14:35.000000,view,91093,1005,apparel.shoes,nike,126.62,100526,2f3c3e38-a8c7-4818-a820-4cda5988a853
2024-03-26T02:54:14.000000,view,97689,1004,computers.notebook,lg,2320.57,100597,01029c69-1dc5-421a-aeba-62bea4b3ac90
2024-03-26T02:56:49.000000,view,97689,1004,computers.notebook,lg,2320.57,100597,01029c69-1dc5-421a-aeba-62bea4b3ac90
2024-03-26T02:57:08.000000,view,97689,1004,computers.notebook,lg,2320.57,100597,01029c69-1dc5-421a-aeba-62bea4b3ac90
2024-03-26T02:57:25.000000,view,97689,1004,computers.notebook,lg,2320.57,100597,01029c69-1dc5-421a-aeba-62bea4b3ac90
2024-03-26T02:58:06.000000,cart,97689,1004,computers.notebook,lg,2320.57,100597,01029c69-1dc5-421a-aeba-62bea4b3ac90
2024-03-26T02:59:30.000000,purchase,97689,1004,computers.notebook,lg,2320.57,100597,01029c69-1dc5-421a-aeba-62bea4b3ac90
2024-03-26T05:14:08.000000,view,97015,1002,electronics.audio.headphone,xiaomi,186.84,100676,da08521f-5cba-42a8-983d-f31a177dcd5d
2024-03-26T05:15:26.000000,cart,97015,1002,electronics.audio.headphone,xiaomi,186.84,100676,da08521f-5cba-42a8-983d-f31a177dcd5d
2024-03-26T06:39:52.000000,view,63989,1002,electronics.audio.headphone,nike,113.05,100368,eeba1805-2c60-43aa-97e0-771b0f269467
2024-03-26T08:15:30.000000,view,69126,1004,computers.notebook,apple,1682.81,100096,18613550-d15f-484c-a38a-eb3186f442f7
2024-03-26T08:40:51.000000,view,66161,1003,appliances.kitchen.refrigerators,xiaomi,2373.05,100889,3a6fafcf-9f64-4051-b0bd-3a129903008f
2024-03-26T08:43:34.000000,view,66161,1003,appliances.kitchen.refrigerators,xiaomi,2373.05,100889,3a6fafcf-9f64-4051-b0bd-3a129903008f
2024-03-26T08:44:11.000000,view,66161,1003,appliances.kitchen.refrigerators,xiaomi,2373.05,100889,3a6fafcf-9f64-4051-b0bd-3a129903008f
2024-03-26T08:45:44.000000,view,66161,1003,appliances.kitchen.refrigerators,xiaomi,2373.05,100889,3a6fafcf-9f64-4051-b0bd-3a129903008f
2024-03-26T08:48:10.000000,cart,66161,1003,appliances.kitchen.refrigerators,xiaomi,2373.05,100889,3a6fafcf-9f64-4051-b0bd-3a129903008f
2024-03-26T08:49:23.000000,purchase,66161,1003,appliances.kitchen.refrigerators,xiaomi,2373.05,100889,3a6fafcf-9f64-4051-b0bd-3a129903008f
2024-03-26T12:42:35.000000,view,63986,1004,computers.notebook,lg,567.64,100368,4806b1d2-0c37-4401-8f3c-7fde477a84a7
2024-03-26T12:44:33.000000,cart,63986,1004,computers.notebook,lg,567.64,100368,4806b1d2-0c37-4401-8f3c-7fde477a84a7
2024-03-26T12:46:09.000000,purchase,63986,1004,computers.notebook,lg,567.64,100368,4806b1d2-0c37-4401-8f3c-7fde477a84a7
2024-03-26T19:29:17.000000,view,90507,1002,electronics.audio.headphone,apple,219.58,100371,0bb9f66d-2b3a-4b65-811c-11de093d9323
2024-03-26T19:31:53.000000,cart,90507,1002,electronics.audio.headphone,apple,219.58,100371,0bb9f66d-2b3a-4b65-811c-11de093d9323
2024-03-26T19:46:23.000000,view,96675,1001,electronics.smartphone,xiaomi,623.99,100368,15c81e9e-deda-4d36-acc6-0bd31afe3e50
2024-03-26T19:48:47.000000,view,96675,1001,electronics.smartphone,xiaomi,623.99,100368,15c81e9e-deda-4d36-acc6-0bd31afe3e50
2024-03-26T19:49:51.000000,view,96675,1001,electronics.smartphone,xiaomi,623.99,100368,15c81e9e-deda-4d36-acc6-0bd31afe3e50
2024-03-26T19:51:07.000000,view,96675,1001,electronics.smartphone,xiaomi,623.99,100368,15c81e9e-deda-4d36-acc6-0bd31afe3e50
2024-03-26T20:23:15.000000,view,95340,1004,computers.notebook,xiaomi,1336.88,100327,588d7fff-1ec2-4e14-89da-2b6c61ca8a19
2024-03-26T20:25:55.000000,view,95340,1004,computers.notebook,xiaomi,1336.88,100327,588d7fff-1ec2-4e14-89da-2b6c61ca8a19
2024-03-26T20:27:23.000000,view,95340,1004,computers.notebook,xiaomi,1336.88,100327,588d7fff-1ec2-4e14-89da-2b6c61ca8a19
2024-03-26T20:29:18.000000,view,95340,1004,computers.notebook,xiaomi,1336.88,100327,588d7fff-1ec2-4e14-89da-2b6c61ca8a19
2024-03-26T20:29:50.000000,cart,95340,1004,computers.notebook,xiaomi,1336.88,100327,588d7fff-1ec2-4e14-89da-2b6c61ca8a19
2024-03-26T22:03:33.000000,view,86313,1001,electronics.smartphone,lg,517.87,100638,11412ef4-6514-44a5-b406-3ee51858f1e1
2024-03-26T22:05:17.000000,view,86313,1001,electronics.smartphone,lg,517.87,100638,11412ef4-6514-44a5-b406-3ee51858f1e1
2024-03-26T22:14:53.000000,view,76431,1006,auto.accessories,nike,76.21,100758,88c4d97e-5c49-49bf-9822-40e0aeb59608
2024-03-26T22:17:39.000000,cart,76431,1006,auto.accessories,nike,76.21,100758,88c4d97e-5c49-49bf-9822-40e0aeb59608
2024-03-26T23:09:30.000000,view,87380,1004,computers.notebook,bosch,2716.59,100242,e5e4c966-8acc-4258-921e-2846f545e622
2024-03-26T23:13:54.000000,view,59976,1001,electronics.smartphone,xiaomi,786.59,100899,b863d132-8fc8-41d4-ae03-aa5603a89106
2024-03-26T23:14:09.000000,view,59976,1001,electronics.smartphone,xiaomi,786.59,100899,b863d132-8fc8-41d4-ae03-aa5603a89106
2024-03-26T23:14:29.000000,cart,59976,1001,electronics.smartphone,xiaomi,786.59,100899,b863d132-8fc8-41d4-ae03-aa5603a89106
2024-03-26T23:16:19.000000,purchase,59976,1001,electronics.smartphone,xiaomi,786.59,100899,b863d132-8fc8-41d4-ae03-aa5603a89106
2024-03-27T00:08:13.000000,view,94696,1003,appliances.kitchen.refrigerators,nike,2051.8,100428,28310206-843b-40e3-9c58-4c911ebfd4e7
2024-03-27T00:09:50.000000,view,94696,1003,appliances.kitchen.refrigerators,nike,2051.8,100428,28310206-843b-40e3-9c58-4c911ebfd4e7
2024-03-27T00:38:38.000000,view,62082,1002,electronics.audio.headphone,asus,248.97,100554,2a76c40d-8727-4785-8990-0a9dda400af8
2024-03-27T00:39:51.000000,cart,62082,1002,electronics.audio.headphone,asus,248.97,100554,2a76c40d-8727-4785-8990-0a9dda400af8
2024-03-27T00:40:11.000000,purchase,62082,1002,electronics.audio.headphone,asus,248.97,100554,2a76c40d-8727-4785-8990-0a9dda400af8
2024-03-27T00:54:32.000000,view,90591,1005,apparel.shoes,apple,53.12,100009,e0c1c44b-0874-4652-8411-eaf1ee839c9e
2024-03-27T00:55:48.000000,view,90591,1005,apparel.shoes,apple,53.12,100009,e0c1c44b-0874-4652-8411-eaf1ee839c9e
2024-03-27T00:56:50.000000,view,90591,1005,apparel.shoes,apple,53.12,100009,e0c1c44b-0874-4652-8411-eaf1ee839c9e
2024-03-27T00:58:20.000000,cart,90591,1005,apparel.shoes,apple,53.12,100009,e0c1c44b-0874-4652-8411-eaf1ee839c9e
2024-03-27T00:59:25.000000,purchase,90591,1005,apparel.shoes,apple,53.12,100009,e0c1c44b-0874-4652-8411-eaf1ee839c9e
2024-03-27T02:05:46.000000,view,77792,1003,appliances.kitchen.refrigerators,nike,770.32,100423,b5ec65b1-3be0-43c3-b327-e743e992b279
2024-03-27T02:07:33.000000,view,77792,1003,appliances.kitchen.refrigerators,nike,770.32,100423,b5ec65b1-3be0-43c3-b327-e743e992b279
2024-03-27T02:09:18.000000,cart,77792,1003,appliances.kitchen.refrigerators,nike,770.32,100423,b5ec65b1-3be0-43c3-b327-e743e992b279
2024-03-27T02:52:04.000000,view,69457,1003,appliances.kitchen.refrigerators,bosch,661.97,100368,71d8e239-223a-4091-b247-dc0e73103897
2024-03-27T02:54:01.000000,view,69457,1003,appliances.kitchen.refrigerators,bosch,661.97,100368,71d8e239-223a-4091-b247-dc0e73103897
2024-03-27T02:56:14.000000,view,69457,1003,appliances.kitchen.refrigerators,bosch,661.97,100368,71d8e239-223a-4091-b247-dc0e73103897
2024-03-27T03:27:20.000000,view,50134,1002,electronics.audio.headphone,nike,192.42,100294,2c3f8586-508b-4c80-871d-5b94840ab8c6
2024-03-27T06:31:57.000000,view,64565,1005,apparel.shoes,apple,71.24,100729,6dd6e117-53d1-4f69-9941-59d2a1cb6b52
2024-03-27T06:33:54.000000,view,64565,1005,apparel.shoes,apple,71.24,100729,6dd6e117-53d1-4f69-9941-59d2a1cb6b52
2024-03-27T09:00:22.000000,view,61963,1003,appliances.kitchen.refrigerators,xiaomi,2355.31,100597,c26695b4-0a8e-4b6b-a564-805233fa548f
2024-03-27T09:02:29.000000,view,61963,1003,appliances.kitchen.refrigerators,xiaomi,2355.31,100597,c26695b4-0a8e-4b6b-a564-805233fa548f
2024-03-27T09:05:10.000000,view,61963,1003,appliances.kitchen.refrigerators,xiaomi,2355.31,100597,c26695b4-0a8e-4b6b-a564-805233fa548f
2024-03-27T09:07:00.000000,view,61963,1003,appliances.kitchen.refrigerators,xiaomi,2355.31,100597,c26695b4-0a8e-4b6b-a564-805233fa548f
2024-03-27T09:08:00.000000,cart,61963,1003,appliances.kitchen.refrigerators,xiaomi,2355.31,100597,c26695b4-0a8e-4b6b-a564-805233fa548f
2024-03-27T10:34:25.000000,view,92225,1002,electronics.audio.headphone,bosch,168.32,100729,14617873-2995-48dc-a720-c1bcf627ed11
2024-03-27T10:36:24.000000,view,92225,1002,electronics.audio.headphone,bosch,168.32,100729,14617873-2995-48dc-a720-c1bcf627ed11
2024-03-27T14:14:00.000000,view,99774,1006,auto.accessories,lg,84.73,100132,9e8c8fcc-cd0f-4727-aa9f-9f3b464d5048
2024-03-27T14:14:24.000000,view,99774,1006,auto.accessories,lg,84.73,100132,9e8c8fcc-cd0f-4727-aa9f-9f3b464d5048
2024-03-27T14:16:45.000000,view,99774,1006,auto.accessories,lg,84.73,100132,9e8c8fcc-cd0f-4727-aa9f-9f3b464d5048
2024-03-27T14:17:35.000000,cart,99774,1006,auto.accessories,lg,84.73,100132,9e8c8fcc-cd0f-4727-aa9f-9f3b464d5048
2024-03-27T16:15:56.000000,view,85681,1003,appliances.kitchen.refrigerators,nike,1583.75,100676,599cde29-e768-4ce3-a550-7fc9bd8b756a
2024-03-27T16:16:46.000000,view,85681,1003,appliances.kitchen.refrigerators,nike,1583.75,100676,599cde29-e768-4ce3-a550-7fc9bd8b756a
2024-03-27T20:23:07.000000,view,66894,1006,auto.accessories,xiaomi,124.53,100838,0429d37c-302c-4731-8907-55e3956c6b35
2024-03-27T20:23:28.000000,view,66894,1006,auto.accessories,xiaomi,124.53,100838,0429d37c-302c-4731-8907-55e3956c6b35
2024-03-27T20:24:59.000000,cart,66894,1006,auto.accessories,xiaomi,124.53,100838,0429d37c-302c-4731-8907-55e3956c6b35
2024-03-27T22:04:19.000000,view,77446,1002,electronics.audio.headphone,asus,114.92,100903,b4131088-641e-4844-a5b3-a78669e2149d
2024-03-27T22:04:57.000000,view,77446,1002,electronics.audio.headphone,asus,114.92,100903,b4131088-641e-4844-a5b3-a78669e2149d
2024-03-27T22:05:43.000000,view,77446,1002,electronics.audio.headphone,asus,114.92,100903,b4131088-641e-4844-a5b3-a78669e2149d
2024-03-27T23:31:18.000000,view,63731,1003,appliances.kitchen.refrigerators,nike,2346.04,100327,1a7b41d6-4a96-46ff-872e-2c93bb19cbee
2024-03-27T23:32:46.000000,view,63731,1003,appliances.kitchen.refrigerators,nike,2346.04,100327,1a7b41d6-4a96-46ff-872e-2c93bb19cbee
2024-03-27T23:32:57.000000,view,63731,1003,appliances.kitchen.refrigerators,nike,2346.04,100327,1a7b41d6-4a96-46ff-872e-2c93bb19cbee
2024-03-27T23:33:50.000000,view,63731,1003,appliances.kitchen.refrigerators,nike,2346.04,100327,1a7b41d6-4a96-46ff-872e-2c93bb19cbee
2024-03-27T23:36:05.000000,cart,63731,1003,appliances.kitchen.refrigerators,nike,2346.04,100327,1a7b41d6-4a96-46ff-872e-2c93bb19cbee
2024-03-28T03:17:17.000000,view,85250,1005,apparel.shoes,bosch,130.34,100899,b686d12d-7a9b-4059-9145-67d04e74981a
2024-03-28T03:18:29.000000,view,85250,1005,apparel.shoes,bosch,130.34,100899,b686d12d-7a9b-4059-9145-67d04e74981a
2024-03-28T03:18:57.000000,cart,85250,1005,apparel.shoes,bosch,130.34,100899,b686d12d-7a9b-4059-9145-67d04e74981a
2024-03-28T03:19:45.000000,purchase,85250,1005,apparel.shoes,bosch,130.34,100899,b686d12d-7a9b-4059-9145-67d04e74981a
2024-03-28T03:29:13.000000,view,80695,1006,auto.accessories,xiaomi,62.82,100386,e3499f0a-0072-42b6-98ad-2fdef5cce282
2024-03-28T03:31:10.000000,view,80695,1006,auto.accessories,xiaomi,62.82,100386,e3499f0a-0072-42b6-98ad-2fdef5cce282
2024-03-28T03:33:05.000000,view,80695,1006,auto.accessories,xiaomi,62.82,100386,e3499f0a-0072-42b6-98ad-2fdef5cce282
2024-03-28T03:35:13.000000,view,80695,1006,auto.accessories,xiaomi,62.82,100386,e3499f0a-0072-42b6-98ad-2fdef5cce282
2024-03-28T03:50:44.000000,view,79462,1001,electronics.smartphone,samsung,639.36,100117,71aa18cc-1907-4376-b89d-cc1604d158dd
2024-03-28T03:51:24.000000,view,79462,1001,electronics.smartphone,samsung,639.36,100117,71aa18cc-1907-4376-b89d-cc1604d158dd
2024-03-28T03:53:51.000000,view,79462,1001,electronics.smartphone,samsung,639.36,100117,71aa18cc-1907-4376-b89d-cc1604d158dd
2024-03-28T03:55:32.000000,view,79462,1001,electronics.smartphone,samsung,639.36,100117,71aa18cc-1907-4376-b89d-cc1604d158dd
2024-03-28T08:08:27.000000,view,56955,1001,electronics.smartphone,nike,942.1,100682,facf6532-e70b-4671-83db-8b7f3ab39278
2024-03-28T08:09:41.000000,view,56955,1001,electronics.smartphone,nike,942.1,100682,facf6532-e70b-4671-83db-8b7f3ab39278
2024-03-28T08:10:30.000000,view,56955,1001,electronics.smartphone,nike,942.1,100682,facf6532-e70b-4671-83db-8b7f3ab39278
2024-03-28T08:23:59.000000,view,95337,1006,auto.accessories,lg,148.81,100336,573ef658-92ce-4274-bb2a-91b477d23ee9
2024-03-28T15:10:32.000000,view,51762,1006,auto.accessories,samsung,114.75,100561,beab4905-f7b5-4f94-8e27-56db2cdf4ac1
2024-03-28T15:13:32.000000,cart,51762,1006,auto.accessories,samsung,114.75,100561,beab4905-f7b5-4f94-8e27-56db2cdf4ac1
2024-03-28T15:26:01.000000,view,81857,1004,computers.notebook,lg,1991.4,100279,14bde090-ebec-4281-8aad-54a5e4e6968b
2024-03-28T15:27:10.000000,view,81857,1004,computers.notebook,lg,1991.4,100279,14bde090-ebec-4281-8aad-54a5e4e6968b
2024-03-28T15:27:32.000000,view,99968,1006,auto.accessories,lg,68.03,100294,ce251d16-31a0-4db6-b320-fe7ecdee35b9
2024-03-28T15:27:35.000000,view,81857,1004,computers.notebook,lg,1991.4,100279,14bde090-ebec-4281-8aad-54a5e4e6968b
2024-03-28T15:30:00.000000,view,81857,1004,computers.notebook,lg,1991.4,100279,14bde090-ebec-4281-8aad-54a5e4e6968b
2024-03-28T20:10:00.000000,view,58722,1002,electronics.audio.headphone,nike,212.97,100597,f05497e7-c2f1-4ca2-9812-ef1773b057b6
2024-03-28T20:11:50.000000,view,58722,1002,electronics.audio.headphone,nike,212.97,100597,f05497e7-c2f1-4ca2-9812-ef1773b057b6
2024-03-28T20:12:56.000000,view,58722,1002,electronics.audio.headphone,nike,212.97,100597,f05497e7-c2f1-4ca2-9812-ef1773b057b6
2024-03-28T21:11:43.000000,view,85680,1006,auto.accessories,nike,72.26,100086,96286d0b-aef4-4d54-996e-164a8c129aea
2024-03-28T21:12:51.000000,view,85680,1006,auto.accessories,nike,72.26,100086,96286d0b-aef4-4d54-996e-164a8c129aea
2024-03-28T21:14:04.000000,view,85680,1006,auto.accessories,nike,72.26,100086,96286d0b-aef4-4d54-996e-164a8c129aea
2024-03-28T21:16:11.000000,view,85680,1006,auto.accessories,nike,72.26,100086,96286d0b-aef4-4d54-996e-164a8c129aea
2024-03-28T21:17:49.000000,cart,85680,1006,auto.accessories,nike,72.26,100086,96286d0b-aef4-4d54-996e-164a8c129aea
2024-03-28T22:18:42.000000,view,97080,1003,appliances.kitchen.refrigerators,samsung,2081.11,100676,a706963e-9d83-4281-81fb-70b9ddc18d4e
2024-03-28T22:21:17.000000,view,97080,1003,appliances.kitchen.refrigerators,samsung,2081.11,100676,a706963e-9d83-4281-81fb-70b9ddc18d4e
2024-03-28T22:23:12.000000,view,97080,1003,appliances.kitchen.refrigerators,samsung,2081.11,100676,a706963e-9d83-4281-81fb-70b9ddc18d4e
2024-03-28T22:24:18.000000,view,97080,1003,appliances.kitchen.refrigerators,samsung,2081.11,100676,a706963e-9d83-4281-81fb-70b9ddc18d4e
2024-03-28T23:06:38.000000,view,97771,1001,electronics.smartphone,samsung,332.19,100601,789e4454-47dd-4f80-a854-d19d7faa371b
2024-03-28T23:08:35.000000,view,97771,1001,electronics.smartphone,samsung,332.19,100601,789e4454-47dd-4f80-a854-d19d7faa371b
2024-03-29T00:46:15.000000,view,95076,1004,computers.notebook,lg,1204.71,100976,1431c488-62dc-4602-a6e2-09d1526c2379
2024-03-29T01:26:25.000000,view,83672,1003,appliances.kitchen.refrigerators,samsung,499.24,100838,21b7fb57-c671-40b4-9916-2afa8c1850b3
2024-03-29T04:04:48.000000,view,87423,1001,electronics.smartphone,samsung,333.05,100612,159ce0d1-60fb-44dc-9a72-f85d32f3e2e2
2024-03-29T04:05:39.000000,cart,87423,1001,electronics.smartphone,samsung,333.05,100612,159ce0d1-60fb-44dc-9a72-f85d32f3e2e2
2024-03-29T10:11:32.000000,view,53583,1006,auto.accessories,bosch,108.24,100269,e703c63a-cdb7-404f-bb74-7847d70c49d6
2024-03-29T10:12:46.000000,view,53583,1006,auto.accessories,bosch,108.24,100269,e703c63a-cdb7-404f-bb74-7847d70c49d6
2024-03-29T10:15:17.000000,cart,53583,1006,auto.accessories,bosch,108.24,100269,e703c63a-cdb7-404f-bb74-7847d70c49d6
2024-03-29T12:13:12.000000,view,59684,1002,electronics.audio.headphone,xiaomi,132.41,100362,005beb3f-6dfd-4b4b-9289-bc23a3b4413c
2024-03-29T12:13:39.000000,view,59684,1002,electronics.audio.headphone,xiaomi,132.41,100362,005beb3f-6dfd-4b4b-9289-bc23a3b4413c
2024-03-29T12:14:17.000000,view,59684,1002,electronics.audio.headphone,xiaomi,132.41,100362,005beb3f-6dfd-4b4b-9289-bc23a3b4413c
2024-03-29T12:16:54.000000,view,59684,1002,electronics.audio.headphone,xiaomi,132.41,100362,005beb3f-6dfd-4b4b-9289-bc23a3b4413c
2024-03-29T15:30:19.000000,view,84333,1004,computers.notebook,bosch,1418.84,100770,86926895-2bb2-44e6-be5b-8442d421e79a
2024-03-29T15:30:31.000000,view,84333,1004,computers.notebook,bosch,1418.84,100770,86926895-2bb2-44e6-be5b-8442d421e79a
2024-03-29T15:33:21.000000,view,84333,1004,computers.notebook,bosch,1418.84,100770,86926895-2bb2-44e6-be5b-8442d421e79a
2024-03-29T15:34:01.000000,cart,84333,1004,computers.notebook,bosch,1418.84,100770,86926895-2bb2-44e6-be5b-8442d421e79a
2024-03-29T15:35:12.000000,purchase,84333,1004,computers.notebook,bosch,1418.84,100770,86926895-2bb2-44e6-be5b-8442d421e79a
2024-03-29T16:14:09.000000,view,62835,1006,auto.accessories,samsung,126.68,100561,3b042cff-9b38-47d5-8ea0-53f9b5766d99
2024-03-29T16:14:52.000000,view,62835,1006,auto.accessories,samsung,126.68,100561,3b042cff-9b38-47d5-8ea0-53f9b5766d99
2024-03-29T17:30:14.000000,view,77337,1003,appliances.kitchen.refrigerators,nike,2256.11,100279,673e2f58-ad9c-4336-b79c-a3e73096fce6
2024-03-29T22:04:38.000000,view,79396,1003,appliances.kitchen.refrigerators,bosch,930.54,100828,3a9604a6-2481-4bff-9a08-9a9abb4502aa
2024-03-30T01:00:18.000000,view,96389,1003,appliances.kitchen.refrigerators,nike,2273.81,100696,0ddf1596-a421-4aea-8039-18c4a4408499
2024-03-30T01:02:05.000000,view,96389,1003,appliances.kitchen.refrigerators,nike,2273.81,100696,0ddf1596-a421-4aea-8039-18c4a4408499
2024-03-30T01:04:44.000000,view,96389,1003,appliances.kitchen.refrigerators,nike,2273.81,100696,0ddf1596-a421-4aea-8039-18c4a4408499
2024-03-30T01:05:06.000000,cart,96389,1003,appliances.kitchen.refrigerators,nike,2273.81,100696,0ddf1596-a421-4aea-8039-18c4a4408499
2024-03-30T07:25:38.000000,view,65929,1006,auto.accessories,apple,132.95,100818,c8d398fa-8db8-414e-a156-3d4bc77a8e67
2024-03-30T07:27:58.000000,view,65929,1006,auto.accessories,apple,132.95,100818,c8d398fa-8db8-414e-a156-3d4bc77a8e67
2024-03-30T07:30:27.000000,view,65929,1006,auto.accessories,apple,132.95,100818,c8d398fa-8db8-414e-a156-3d4bc77a8e67
2024-03-30T07:31:14.000000,cart,65929,1006,auto.accessories,apple,132.95,100818,c8d398fa-8db8-414e-a156-3d4bc77a8e67
2024-03-30T09:27:16.000000,view,85006,1001,electronics.smartphone,apple,827.9,100676,0b20da13-b4e8-4e47-b3c9-cf749746a32d
2024-03-30T10:05:57.000000,view,58432,1005,apparel.shoes,lg,163.91,100828,fb386726-7b36-42ed-9369-75461572ac11
2024-03-30T10:06:23.000000,view,58432,1005,apparel.shoes,lg,163.91,100828,fb386726-7b36-42ed-9369-75461572ac11
2024-03-30T10:06:34.000000,view,58432,1005,apparel.shoes,lg,163.91,100828,fb386726-7b36-42ed-9369-75461572ac11
2024-03-30T14:18:53.000000,view,61919,1003,appliances.kitchen.refrigerators,samsung,1988.58,100362,911edfaf-5048-43ad-8ad0-a1eeb2d9f434
2024-03-30T14:20:24.000000,view,61919,1003,appliances.kitchen.refrigerators,samsung,1988.58,100362,911edfaf-5048-43ad-8ad0-a1eeb2d9f434
2024-03-30T14:22:40.000000,view,61919,1003,appliances.kitchen.refrigerators,samsung,1988.58,100362,911edfaf-5048-43ad-8ad0-a1eeb2d9f434
2024-03-30T15:31:36.000000,view,63859,1001,electronics.smartphone,asus,998.44,100403,203e3ef6-b0cc-419e-bc9c-62cc3c21e4f3
2024-03-30T15:32:41.000000,view,63859,1001,electronics.smartphone,asus,998.44,100403,203e3ef6-b0cc-419e-bc9c-62cc3c21e4f3
2024-03-30T15:34:27.000000,view,63859,1001,electronics.smartphone,asus,998.44,100403,203e3ef6-b0cc-419e-bc9c-62cc3c21e4f3
2024-03-30T15:37:06.000000,cart,63859,1001,electronics.smartphone,asus,998.44,100403,203e3ef6-b0cc-419e-bc9c-62cc3c21e4f3
2024-03-30T15:38:53.000000,purchase,63859,1001,electronics.smartphone,asus,998.44,100403,203e3ef6-b0cc-419e-bc9c-62cc3c21e4f3
2024-03-30T16:07:31.000000,view,99746,1001,electronics.smartphone,asus,859.82,100692,153cb86c-4210-4c2f-a62d-1c01b2162c8e
2024-03-30T16:08:18.000000,view,99746,1001,electronics.smartphone,asus,859.82,100692,153cb86c-4210-4c2f-a62d-1c01b2162c8e
2024-03-30T16:09:25.000000,cart,99746,1001,electronics.smartphone,asus,859.82,100692,153cb86c-4210-4c2f-a62d-1c01b2162c8e
2024-03-30T19:02:48.000000,view,83652,1005,apparel.shoes,samsung,175.41,100458,c0e160a7-d6d0-4eb9-9590-26fe8b399aac
2024-03-30T21:16:53.000000,view,65491,1001,electronics.smartphone,asus,1050.53,100269,52577f7d-00b0-4dba-87f4-d65ea815e5a1
2024-03-30T21:17:05.000000,view,65491,1001,electronics.smartphone,asus,1050.53,100269,52577f7d-00b0-4dba-87f4-d65ea815e5a1
2024-03-30T21:18:55.000000,view,65491,1001,electronics.smartphone,asus,1050.53,100269,52577f7d-00b0-4dba-87f4-d65ea815e5a1
2024-03-30T21:20:10.000000,view,65491,1001,electronics.smartphone,asus,1050.53,100269,52577f7d-00b0-4dba-87f4-d65ea815e5a1
2024-03-30T21:21:37.000000,cart,65491,1001,electronics.smartphone,asus,1050.53,100269,52577f7d-00b0-4dba-87f4-d65ea815e5a1
